-- Adminer 4.2.1 MySQL dump

SET NAMES utf8;
SET time_zone = '+00:00';
SET foreign_key_checks = 0;
SET sql_mode = 'NO_AUTO_VALUE_ON_ZERO';

DROP TABLE IF EXISTS `coaches`;
CREATE TABLE `coaches` (
  `id` int(11) NOT NULL AUTO_INCREMENT,
  `name` varchar(255) COLLATE utf8_czech_ci NOT NULL,
  `title` varchar(255) COLLATE utf8_czech_ci DEFAULT NULL,
  `desc` text COLLATE utf8_czech_ci NOT NULL,
  `url` varchar(255) COLLATE utf8_czech_ci NOT NULL,
  `ord` int(11) NOT NULL DEFAULT '99999999',
  `gallery_picture_id` int(11) DEFAULT NULL,
  PRIMARY KEY (`id`)
) ENGINE=InnoDB DEFAULT CHARSET=utf8 COLLATE=utf8_czech_ci;

INSERT INTO `coaches` (`id`, `name`, `title`, `desc`, `url`, `ord`, `gallery_picture_id`) VALUES
(1,	'Ondra Michálek',	'Šéftrenér plážového volejbalu v Beachklubu Ládví',	'<p><span style=\"line-height: 1.42857143;\">Narozen 26. 04. 1977.</span><br></p><p>Profesionální volejbalová kariéra:</p><ul><li>15 sezon profesionální hráč volejbalu</li><li>juniorská reprezentace&nbsp;</li><li>2x vicemistr republiky – Aero Odolena Voda, DHL Ostrava&nbsp;</li><li>3x mistr republiky ve volejbale na antuce&nbsp;</li><li>zahraniční angažmá &nbsp;– Slovensko – Bratislava, Rakousko - Tirol Innsbruck, Kypr – Limassol</li></ul><p>Trenérská kvalifikace:</p><ul><li>trenér III. třídy&nbsp;</li><li>volejbalový trenér mládeže VK Benátky nad Jizerou&nbsp;</li><li>masér pro sportovní a rekondiční masáže</li></ul><p>Kontakt: telefon: 605 218 056, e-mail: seftrener@beachklubladvi.cz</p><p>Cena: 400 Kč / 1 hodina trénování</p>',	'img/coaches/ondramichalek.jpg',	1,	57),
(2,	'Jarda Malčík',	'Trenér plážového volejbalu v Beachklubu Ládví',	'<p>Narozen 16. 08. 1970</p><p>Profesionální volejbalová kariéra:</p><ul><li>3. místo v MČR v beachvolejbalu - Brno 2002 se Standou Pochopem</li><li>RH Praha (2x mistr ČR, 1x 2. místo)</li><li>CD Funschal da Madeira (2. místo Taca Portugal, 4. místo 1 Léguas)</li><li>Odolena Voda (2. místo extraliga)</li><li>ATSV Seewalchen (2. Bundesliga)</li><li>PMEZ a PVP: zápasy proti CSKA Moskva, Maaseik, PVS Salzburg, VC Ankara, AZS Czestochowa)</li></ul><p>Trenérská kvalifikace:</p><ul><li>trenér II. třída (rakouská licence) a III. třída (česká licence)</li><li>Volejbalový trenér:</li><li>ATSV Seelwalchen AUT (2. Bundesliga)</li><li>SuperVolley Ennns &nbsp;AUT (1. Bundesliga)</li><li>TJ Praga CZE (2. liga)</li></ul><p>Beachvolejbalový trenér:</p><ul><li>Florian Schnetzer – Helmut Moser U19 AUT (reprezentační team AUT)</li><li>2013 – reprezentační trenér U17,U18 CZE (juniorky)</li><li>2015 – reprezentační trenér U18,U20 CZE (junioři)</li><li>Beachklub Ládví CZE - šéftrenér mládeže, výkonnostní oddíly, reprezentace BKL U10, U12, U15, U17, U20</li></ul><p>Kontakt: telefon: 602 101 126, e-mail: jarda.malca@seznam.cz</p><p>Cena: 400 Kč / 1 hodina trénování</p>',	'',	2,	NULL),
(3,	'Kamil Tuček',	'Trenér plážového volejbalu v Beachklubu Ládví',	'<p>Narozen 17. 12. 1976</p><p>Profesionální volejbalová kariéra:</p><ul><li>4 roky hráč volejbalové extraligy (ŽS BRNO, VK DUKLA LIBEREC,VK KARBO BENÁTKY)</li><li>sedm let první liga (VK KARBO BENÁTKY)</li><li>dlouholetý hráč plážového volejbalu pod ČVS</li></ul><p>Trenérská kvalifikace:</p><ul><li>vystudoval FTVS – specializace volejbal, kondiční trenér</li><li>diplomovaný trenér volejbalu – trenérská I. třída</li><li>asistent trenéra u reprezentace ČR žen. Účast na ME v Polsku.</li><li>hlavní trenér u družstva žen Sokol Nusle – 1. liga žen</li><li>hlavní trenér mládeže USK Praha, PVK Olymp Praha, SK Prosek Praha</li></ul><p>Kontakt: telefon: 604 241 391, e-mail: kamiltucek@seznam.cz</p><p>Cena: 400 Kč / 1 hodina trénování</p>',	'',	3,	NULL),
(4,	'Míra Svoboda',	'Trenér plážového volejbalu v Beachklubu Ládví',	'<p>Narozen 11. 09. 1979</p><p>Profesionální volejbalová kariéra:</p><ul><li>1. místo MČR 2006, 1. místo Řecký okruh 2005 - Korfu, 1. místo Akademické &nbsp;MČR 2002, 2003, celkový vítěz Českého poháru 2002, 2003</li><li>2. místo MČR 2008, 2. místo Řecký okruh 2006 - Nafplio, Mykonos</li><li>3. místo MČR 2004, 2005, 2009, 2012, 3. místo FIVB Satelite 2005 - Itálie</li><li>5. místo CEV Challenger 2004 - Slavkov u Brna</li><li>9. místo ME do 23. let 2001 - Portugalsko, 9. místo FIVB Challenger 2007 - Brno</li><li>15 sezon vrcholového šestkového volejbalu</li><li>zahraniční angažmá: Argentina, Španělsko, Kypr, Rakousko, Holandsko</li><li>juniorská reprezentace - 3. místo ME, 4. místo MS</li></ul><p>Trenérská kvalifikace:</p><ul><li>absolvent FSPS, Pedagogická fakulta MU Brno</li><li>2. trenérská třída</li></ul><p>Kontakt: telefon: 737 417 443, e-mail: mirecsvoboda@seznam.cz</p><p>Cena: 400 Kč / 1 hodina trénování</p>',	'',	4,	NULL),
(5,	'Rosťa Vorálek',	'Trenér výkonnostní mládeže v Beachklubu Ládví',	'<p style=\"border: none; float: none; clear: both; padding: 0px 10px;\">Trenérská kvalifikace:</p><ul><li style=\"border: none; float: none; clear: both; padding: 0px 10px;\">diplomovaný trenér I. třídy ve volejbale&nbsp;</li><li style=\"border: none; float: none; clear: both; padding: 0px 10px;\">držitel II. trenérské třídy FIVB</li><li style=\"border: none; float: none; clear: both; padding: 0px 10px;\">trenér III. třídy v beach volejbalu</li><li style=\"border: none; float: none; clear: both; padding: 0px 10px;\">pedagog na Fakultě tělesné výchovy (katedra sportovních her – oddělení volejbalu)</li></ul><p style=\"border: none; float: none; clear: both; padding: 0px 10px;\">Trenérská činnost:</p><ul><li style=\"border: none; float: none; clear: both; padding: 0px 10px;\">trenér akademického volejbalového výběru Univerzity Karlovy &nbsp;</li><li style=\"border: none; float: none; clear: both; padding: 0px 10px;\">1998 – 2000 druhý trenér reprezentačního družstva kadetek ČR</li><li style=\"border: none; float: none; clear: both; padding: 0px 10px;\">2002 – 2004 druhý trenér reprezentačního družstva kadetek ČR</li><li style=\"border: none; float: none; clear: both; padding: 0px 10px;\">2002 – 2007 trenér družstva PVK Olymp Praha – extraliga (kadetky) &nbsp; &nbsp; &nbsp; &nbsp;</li><li style=\"border: none; float: none; clear: both; padding: 0px 10px;\">2007 - 2008 hlavní trenérem reprezentačního družstva juniorek ČR</li><li style=\"border: none; float: none; clear: both; padding: 0px 10px;\">2009 trenér družstva PVK Olymp – extraliga (kadetky) &nbsp;&nbsp;</li><li style=\"border: none; float: none; clear: both; padding: 0px 10px;\">2013 – 2014 trenér beachvolejbalu</li></ul>',	'',	5,	NULL);

DROP TABLE IF EXISTS `gallery_albums`;
CREATE TABLE `gallery_albums` (
  `id` int(11) NOT NULL AUTO_INCREMENT,
  `title` varchar(255) NOT NULL,
  `default_name` varchar(255) NOT NULL,
  `path` varchar(255) NOT NULL,
  `model` varchar(255) DEFAULT NULL,
  `model_id` int(11) DEFAULT NULL,
  `tags` varchar(255) NOT NULL,
  `status` varchar(255) NOT NULL,
  `created` datetime NOT NULL,
  `modified` datetime NOT NULL,
  PRIMARY KEY (`id`)
) ENGINE=InnoDB DEFAULT CHARSET=latin1;

INSERT INTO `gallery_albums` (`id`, `title`, `default_name`, `path`, `model`, `model_id`, `tags`, `status`, `created`, `modified`) VALUES
(1,	'Slides album',	'',	'',	'slide',	1,	'',	'published',	'2015-07-23 12:29:30',	'2015-07-23 12:29:30'),
(2,	'Tiles album',	'',	'',	'tile',	1,	'',	'published',	'2015-07-24 13:05:14',	'2015-07-24 13:05:14'),
(3,	'Documents album',	'',	'',	'document',	1,	'',	'published',	'2015-07-24 13:05:14',	'2015-07-24 13:05:14'),
(4,	'Coaches album',	'',	'',	'coach',	1,	'',	'published',	'2015-07-24 13:05:14',	'2015-07-24 13:05:14'),
(5,	'Partners album',	'',	'',	'partner',	1,	'',	'published',	'2015-07-24 13:05:14',	'2015-07-24 13:05:14');


DROP TABLE IF EXISTS `headlines`;
CREATE TABLE `headlines` (
  `id` int(11) NOT NULL AUTO_INCREMENT,
  `title` varchar(255) COLLATE utf8_czech_ci NOT NULL,
  `user_id` int(10) unsigned DEFAULT NULL,
  `created` datetime NOT NULL,
  `desc` text COLLATE utf8_czech_ci NOT NULL,
  PRIMARY KEY (`id`),
  KEY `user_id` (`user_id`),
  CONSTRAINT `headlines_ibfk_1` FOREIGN KEY (`user_id`) REFERENCES `users` (`id`) ON DELETE CASCADE
) ENGINE=InnoDB DEFAULT CHARSET=utf8 COLLATE=utf8_czech_ci;


DROP TABLE IF EXISTS `messages`;
CREATE TABLE `messages` (
  `id` int(11) NOT NULL AUTO_INCREMENT,
  `title` varchar(255) COLLATE utf8_czech_ci NOT NULL,
  `email` varchar(255) COLLATE utf8_czech_ci NOT NULL,
  `subject` varchar(255) COLLATE utf8_czech_ci NOT NULL,
  `desc` text COLLATE utf8_czech_ci NOT NULL,
  `message_recipient_id` int(11) NOT NULL,
  PRIMARY KEY (`id`),
  KEY `message_recipient_id` (`message_recipient_id`),
  CONSTRAINT `messages_ibfk_1` FOREIGN KEY (`message_recipient_id`) REFERENCES `message_recipients` (`id`) ON DELETE CASCADE
) ENGINE=InnoDB DEFAULT CHARSET=utf8 COLLATE=utf8_czech_ci;


DROP TABLE IF EXISTS `message_recipients`;
CREATE TABLE `message_recipients` (
  `id` int(11) NOT NULL AUTO_INCREMENT,
  `email` varchar(255) COLLATE utf8_czech_ci NOT NULL,
  PRIMARY KEY (`id`)
) ENGINE=InnoDB DEFAULT CHARSET=utf8 COLLATE=utf8_czech_ci;

INSERT INTO `message_recipients` (`id`, `email`) VALUES
(1,	'info@beachklubladvi.cz'),
(2,	'marketing@beachklubladvi.cz'),
(3,	'bar@beachklubladvi.cz'),
(4,	'seftrener@beachklubladvi.cz');

DROP TABLE IF EXISTS `news`;
CREATE TABLE `news` (
  `id` int(11) NOT NULL AUTO_INCREMENT,
  `title` varchar(255) COLLATE utf8_czech_ci DEFAULT NULL,
  `date` date NOT NULL,
  `desc` text COLLATE utf8_czech_ci NOT NULL,
  PRIMARY KEY (`id`)
) ENGINE=InnoDB DEFAULT CHARSET=utf8 COLLATE=utf8_czech_ci;

INSERT INTO `news` (`id`, `title`, `date`, `desc`) VALUES
(1,	'Test',	'2015-06-23',	'fsafsaf'),
(2,	'Test 2',	'2015-05-16',	'dajhlfdsvcx'),
(3,	'Novinka 3',	'2015-08-11',	'Test 3');

DROP TABLE IF EXISTS `partners`;
CREATE TABLE `partners` (
  `id` int(11) NOT NULL AUTO_INCREMENT,
  `name` varchar(255) COLLATE utf8_czech_ci NOT NULL,
  `desc` text COLLATE utf8_czech_ci NOT NULL,
  `ord` int(11) NOT NULL DEFAULT '9999999',
  `url` varchar(255) COLLATE utf8_czech_ci NOT NULL,
  `gallery_picture_id` int(11) DEFAULT NULL,
  `partner_type_id` int(11) DEFAULT NULL,
  PRIMARY KEY (`id`)
) ENGINE=InnoDB DEFAULT CHARSET=utf8 COLLATE=utf8_czech_ci;

INSERT INTO `partners` (`id`, `name`, `desc`, `ord`, `url`, `gallery_picture_id`, `partner_type_id`) VALUES
(1,	'Hostel Praha Ládví',	'<p>Hostel Praha Ládví svým zákazníků nabízí levné ubytování s možností parkování a výbornou dostupností do centra města.</p><p>Náš hostel Vám nabídne pohodlné a přitom levné ubytování v 1-8 lůžkových nekuřáckých pokojích včetně řady souvisejících služeb za malý poplatek či zcela zdarma! V okolí naleznete také velké množství příležitostí pro Vaše společenské a sportovní vyžití.</p>',	9999999,	'http://hostelprahaladvi.cz',	61,	2),
(2,	'Wilson',	'<p><span style=\"line-height: 1.42857143;\">Wilson (Wilson Sporting Goods Company) je americká firma se sídlem v&nbsp;Chicagu, která je zaměřena na výrobu příslušenství pro raketové a míčové sporty. Historie značky sahá až k&nbsp;roku 1914.</span><br></p><p>Dnes je Wilson značkou s&nbsp;dominantním podílem na trhu. Toho dosáhl svým silným zaměřením na kvalitu, inovace a díky vášni posouvat sport stále dál. Produkty jsou navrhovány tak, aby byl jejich výkon nepřekonatelný a aby splňovaly požadavky mnoha sportovců různých úrovní.</p>',	9999999,	'http://www.amersports.cz/wilson',	66,	1),
(3,	'Aquacentrum Šutka',	'<p><span style=\"line-height: 1.42857143;\">Aquacentrum Šutka je nově otevřeným a&nbsp;zároveň jedním z&nbsp;nejmodernějších plaveckých areálů v&nbsp;Praze i&nbsp;celé České republice.</span><br></p>\r\n<p>Plavecký areál Šutka byl pro veřejnost otevřen v&nbsp;prosinci roku 2012 a&nbsp;dnes může svým návštěvníkům nabídnout nejen padesátimetrový krytý bazén, ale též vířivku, divokou řeku, 2 tobogány, vodopád, relaxační bazén, dětské brouzdaliště i&nbsp;vodní bar s&nbsp;občerstvením. Pro milovníky wellness jsou v&nbsp;areálu k&nbsp;dispozici dvě finské sauny s&nbsp;venkovními ochlazovacími bazénky a&nbsp;dvě parní lázně.</p>',	9999999,	'http://www.sutka.eu/',	71,	3),
(4,	'NEUMANN',	'<p>NEUMANN, spol. s r.o.&nbsp;je česká, rodinná firma specializující se na výrobu&nbsp;střešních boxů&nbsp;a&nbsp;střešních nosičů. Společnost začala jako první prodávat tyto výrobky na českém trhu. Prvními výrobky byly&nbsp;střešní nosiče na vozy Škoda.</p><p>NEUMANN patří k největším výrobcům i prodejcům uvedeného druhu výrobků v České republice. Ve stále větším rozsahu míří jeho vlastní produkce do zahraničí a export je velmi významnou částí obratu společnosti.</p><p>Výrobky NEUMANN&nbsp;jsou testovány a certifikovány zkušebnami TÜV.&nbsp;www.neumax.cz&nbsp;je jeden z mála internetových obchodů, který je schopen, díky zázemí firmy, garantovat pro naše zákazníky, záruční i pozáruční servis!</p>',	9999999,	'http://www.neumannr.cz/cs/',	76,	3),
(5,	'Ferdinand',	'<p>Pivovar vyrábí&nbsp;okolo&nbsp;25 000 hektolitrů piva ročně. Produkuje celkem&nbsp;sedm druhů piv od nealkoholického až po speciální piva. Obchodní politika pivovaru se zaměřuje především domácí region a dále na exportní trhy.</p><p>Výroba piva vychází z původní receptury vaření piva s použitím českého sladu vlastní výroby a žateckého chmele, pomocí klasické technologie s otevřeným spodním kvašením a dokvašováním v ležáckých sklepích. V žádném případě nepoužíváme moderní metody výroby piva, zvláště pak CK tanky a ani dodatečně neředíme pivo vodou na požadovanou stupňovitost.</p>',	9999999,	'http://www.pivovarferdinand.cz/',	81,	2),
(6,	'Monstera International',	'<p>Již 10 let je &nbsp;společnost partnerem pro velký počet větších i menších firem v investiční oblasti se zaměřením na komerční objekty. Společnost Monstera je developerskou organizací zabývající se investiční činností v oblasti komerčních nemovitostí a se zaměřením na výstavbu čerpacích stanic pohonných hmot.</p><ul><li>pomoc při zajištění finančních prostředků na výstavbu ČSPHL (leasing, spolupráce s významými distributory PHL, apod.)</li><li>zajištění financování výstavby</li></ul>',	9999999,	'http://www.monstera.cz/',	86,	3),
(7,	'Praha',	'<p><span>Praha je hlavní a současně největší město České republiky a 15. největší město Evropské unie. Leží mírně na sever od středu Čech na řece Vltavě, uvnitř Středočeského kraje, jehož je správním centrem, ale jako samostatný kraj není jeho součástí.</span><br></p>',	9999999,	'http://www.praha.eu/',	91,	1),
(8,	'Městská Část Praha 8',	'<p>Městský obvod&nbsp;Praha 8<span>&nbsp;se spádovým centrem v&nbsp;</span>Libni<span>&nbsp;označený arabskou číslicí poprvé existoval v letech 1949–1960 jako jeden z 16 městských obvodů, podruhé byl v odlišném vymezení ustaven zákonem o územním členění státu s účinností od&nbsp;</span>1. července<span>&nbsp;</span>1960<span>&nbsp;jako jeden z 10 městských obvodů. Od roku&nbsp;</span>1990<span>&nbsp;byl předefinován výčtem městských částí.</span><br></p>',	9999999,	'http://www.praha8.cz/',	101,	1);

DROP TABLE IF EXISTS `partner_type`;
CREATE TABLE `partner_type` (
  `id` int(11) NOT NULL AUTO_INCREMENT,
  `title` varchar(255) COLLATE utf8_czech_ci NOT NULL,
  `ord` int(11) NOT NULL DEFAULT '999999999',
  PRIMARY KEY (`id`)
) ENGINE=InnoDB DEFAULT CHARSET=utf8 COLLATE=utf8_czech_ci;

INSERT INTO `partner_type` (`id`, `title`, `ord`) VALUES
(1,	'Partneři plážového volejbalu',	999999999),
(2,	'Sponzoři plážového volejbalu',	999999999),
(3,	'Partneři dětských akcí',	999999999);

DROP TABLE IF EXISTS `posts`;
CREATE TABLE `posts` (
  `id` int(11) NOT NULL AUTO_INCREMENT,
  `title` varchar(255) COLLATE utf8_czech_ci NOT NULL,
  `user_id` int(10) unsigned DEFAULT NULL,
  `created` datetime DEFAULT NULL,
  `desc` text COLLATE utf8_czech_ci NOT NULL,
  `perex` text COLLATE utf8_czech_ci,
  PRIMARY KEY (`id`),
  KEY `user_id` (`user_id`),
  CONSTRAINT `posts_ibfk_1` FOREIGN KEY (`user_id`) REFERENCES `users` (`id`) ON DELETE CASCADE
) ENGINE=InnoDB DEFAULT CHARSET=utf8 COLLATE=utf8_czech_ci;

INSERT INTO `posts` (`id`, `title`, `user_id`, `created`, `desc`, `perex`) VALUES
(1,	'Hledam spoluhrace',	1,	'2015-06-24 11:41:11',	'Hoho!',	''),
(2,	'novej 2',	1,	'2015-07-02 10:08:21',	'gasgr',	'aegas'),
(3,	'dalsi3',	1,	'2015-07-02 10:08:30',	'dalsi3',	'dalsi3');

DROP TABLE IF EXISTS `sliders`;
CREATE TABLE `sliders` (
  `id` int(11) NOT NULL AUTO_INCREMENT,
  `name` varchar(255) COLLATE utf8_czech_ci NOT NULL,
  `ord` int(11) NOT NULL DEFAULT '9999999',
  `gallery_picture_id` int(11) DEFAULT NULL,
  PRIMARY KEY (`id`),
  KEY `gallery_picture_id` (`gallery_picture_id`)
) ENGINE=InnoDB DEFAULT CHARSET=utf8 COLLATE=utf8_czech_ci;

INSERT INTO `sliders` (`id`, `name`, `ord`, `gallery_picture_id`) VALUES
(1,	'Slide 1',	9999999,	1),
(2,	'Slide 2',	9999999,	5),
(3,	'Slide 3',	9999999,	9),
(4,	'Slide 4',	9999999,	13),
(5,	'Slide 5',	9999999,	17);


DROP TABLE IF EXISTS `tournaments`;
CREATE TABLE `tournaments` (
  `id` int(11) NOT NULL AUTO_INCREMENT,
  `name` varchar(255) COLLATE utf8_czech_ci NOT NULL,
  `datetime` datetime NOT NULL,
  `desc` text COLLATE utf8_czech_ci NOT NULL,
  `perex` text COLLATE utf8_czech_ci NOT NULL,
  `url` varchar(255) COLLATE utf8_czech_ci NOT NULL,
  `user_id` int(10) unsigned NOT NULL,
  PRIMARY KEY (`id`),
  KEY `user_id` (`user_id`),
  CONSTRAINT `tournaments_ibfk_1` FOREIGN KEY (`user_id`) REFERENCES `users` (`id`) ON DELETE CASCADE
) ENGINE=InnoDB DEFAULT CHARSET=utf8 COLLATE=utf8_czech_ci;


DROP TABLE IF EXISTS `users`;
CREATE TABLE `users` (
  `id` int(10) unsigned NOT NULL AUTO_INCREMENT,
  `username` varchar(50) COLLATE utf8_czech_ci DEFAULT NULL,
  `password` varchar(255) COLLATE utf8_czech_ci DEFAULT NULL,
  `mail` varchar(255) COLLATE utf8_czech_ci DEFAULT NULL,
  `created` datetime DEFAULT NULL,
  `modified` datetime DEFAULT NULL,
  PRIMARY KEY (`id`)
) ENGINE=InnoDB DEFAULT CHARSET=utf8 COLLATE=utf8_czech_ci;

INSERT INTO `users` (`id`, `username`, `password`, `mail`, `created`, `modified`) VALUES
(1,	'admin',	'$2a$10$oTInOZNrfJqOdFEjVAb00ugqLRwquceqkt39aam1pY/4m1/py4.nq',	NULL,	'2015-06-24 10:37:25',	'2015-06-24 10:37:25'),
(2,	'veronika',	'$2a$10$v1cjUd5kGH0X7UE.O8pStOzUTOuGwct1dOEY01NI2A14t4s9cMSSe',	NULL,	'2015-08-05 23:41:33',	'2015-08-05 23:41:33');

DROP TABLE IF EXISTS `tiles`;
CREATE TABLE `tiles` (
  `id` int(11) NOT NULL AUTO_INCREMENT,
  `title` varchar(255) COLLATE utf8_czech_ci NOT NULL,
  `ord` int(11) NOT NULL DEFAULT '9999999',
  `gallery_picture_id` int(11) DEFAULT NULL,
  `document_id` int(11) DEFAULT NULL,
  PRIMARY KEY (`id`)
) ENGINE=InnoDB DEFAULT CHARSET=utf8 COLLATE=utf8_czech_ci;

INSERT INTO `tiles` (`id`, `title`, `ord`, `gallery_picture_id`, `document_id`) VALUES
(1,	'Rezervace Kurtů',	0,	21,	5),
(2,	'Turnaje',	1,	25,	6),
(3,	'Kroužky',	2,	29,	4),
(4,	'Tréninky',	3,	33,	8),
(5,	'Beachkempy v Čechách',	4,	37,	10),
(6,	'Beachkempy v Itálii',	5,	41,	9),
(7,	'Firemní akce',	6,	45,	NULL),
(8,	'Beachbar',	7,	49,	NULL),
(9,	'Členství v klubu',	8,	53,	7);


DROP TABLE IF EXISTS `documents`;
CREATE TABLE `documents` (
  `id` int(11) NOT NULL AUTO_INCREMENT,
  `title` varchar(255) COLLATE utf8_czech_ci NOT NULL,
  `content` text COLLATE utf8_czech_ci,
  `perex` text COLLATE utf8_czech_ci,
  `user_id` int(11) NOT NULL,
  `published` tinyint(1) NOT NULL DEFAULT '1',
  `ord` int(11) NOT NULL,
  `slug` varchar(255) COLLATE utf8_czech_ci NOT NULL,
  PRIMARY KEY (`id`)
) ENGINE=InnoDB DEFAULT CHARSET=utf8 COLLATE=utf8_czech_ci;

INSERT INTO `documents` (`id`, `title`, `content`, `perex`, `user_id`, `published`, `ord`, `slug`) VALUES
(1,	'První zápas Kiki po rozchodu s Maki? Již v pátek v Beachklubu Ládví!',	'<p>Pražský Beachklub Ládví coby spolupořadatel prestižního turnaje s mezinárodní účastí<strong>&nbsp;Staropramen Cool Super Cup</strong>, kterého se účastní největší hvězdy českého&nbsp;plážového volejbalu včetně olympioniků&nbsp;<strong>Přemysla Kubaly, Lenky Háječkové, Soni Novákové - Dosoudilové a Kristýny Kolocové</strong>, bude dějištěm velké sportovní show. A právě na poslední jmenovanou,&nbsp;<strong>Kiki</strong>, bude směřovat veškerá pozornost, protože po rozchodu s Maki (Markétou Slukovou) se poprvé představí s novou partnerkou, taktéž účastnicí olympijských her v Londýně, Hankou Skalníkovou (roz. Klapalovou).</p><p><img src=\"/files/gallery/3/docs-0feaa0f9d07d7538435e9f146cbb2d48.jpg\" width=\"570\"></p><p>Jako druhý nasazený pár turnaje nastoupí dvojice Kolocová - Skalníková do hlavní soutěže v&nbsp;<strong>pátek 14. srpna</strong>&nbsp;odpoledne, konkrétně v&nbsp;<strong>17:20</strong>. Věříme, že nás čeká velmi atraktivní utkání!</p><p>Těšíme se na vás.</p><p>&nbsp;</p><p><br>Beachklub Ládví</p>',	'<p>Pražský Beachklub Ládví coby spolupořadatel prestižního turnaje s mezinárodní účastí<strong>&nbsp;Staropramen Cool Super Cup</strong>, kterého se účastní největší hvězdy českého&nbsp;plážového volejbalu včetně olympioniků&nbsp;<strong>Přemysla Kubaly, Lenky Háječkové, Soni Novákové - Dosoudilové a Kristýny Kolocové</strong>, bude dějištěm velké sportovní show. A právě na poslední jmenovanou,&nbsp;<strong>Kiki</strong>, bude směřovat veškerá pozornost, protože po rozchodu s Maki (Markétou Slukovou) se poprvé představí s novou partnerkou, taktéž účastnicí olympijských her v Londýně, Hankou Skalníkovou (roz. Klapalovou). Více informací&nbsp;<a href=\"/prvni-zapas-kiki-po-rozchodu-s-maki\">zde</a>.</p><p><img src=\"/files/gallery/3/docs-4e3b7b637c22bc5b46a958ebf61869c7.jpg\" width=\"570\"></p>',	2,	1,	1,	'prvni-zapas-kiki-po-rozchodu-s-maki'),
(2,	'Vyhraje Kiki svůj první turnaj v nově složené dvojici s Hanou Skalníkovou?',	'<h3>Beachvolejbalová sezóna je v plném proudu a letošní léto je v Česku ve znamení špičkového plážového volejbalu. Již tento víkend 14. – 16. srpna 2015 se odehraje nejprestižnější turnaj „Staropramen Cool Super Cup 2015“ v Praze v areálu Beachklubu Ládví a na Císařské louce. Bude to první turnaj, na kterém se ukáže Kristýna Kolocová po rozpadu páru Maki a Kiki…</h3><p><img src=\"/files/gallery/3/docs-b8afe89df2f50a41071837da57b0b5d4.jpg\" width=\"570\"></p><p>Kromě Kristýny Kolocové se představí i olympionička Lenka Háječková se Soňou Novákovou - Dosoudilovou, Diana Žolnerčíková, Martina Jakubšová, Eliška Gálová, Šárka Nakládalová, nebo Martina Bonnerová, v mužské kategorii se můžeme těšit na bronzové medailisty z Evropských her v Baku Jana Hadravu a olympionika Přemysla Kubalu, Roberta Kufu, Jana Dumka a další.</p><p>Systém turnaje je dvoudenní s kvalifikací před turnajem. V hlavní soutěži se přestaví 16 párů, jsou připraveny 2 divoké karty pro zahraniční dvojice a 1 divoká karta pro zajímavou českou dvojici. Diváci tak uvidí 9 nejlepších dvojic aktuálního českého žebříčku a zbylé páry doplní 4 postupující z kvalifikace.</p><p>Finálové zápasy obou kategorií budou za účasti kamer ČT4 Sport, a tak budou mít možnost i diváci, kteří se nedostanou na turnaj, sledovat ten nejlepší beachvolejbal v České republice.</p><p>Na turnaji Super Cup jako turnaji nejvyšší kategorie jsou připraveny prize money ve výši 100.000,- Kč na kategorii. Tuto částku si rozdělí 12 nejlepších dvojic z hlavní soutěže.</p><p><strong>Harmonogram turnaje:</strong></p><p>14. – 15. 8. 2015&nbsp;kvalifikace a hlavní soutěže (Beachklub Ládví)<br>16. 8. 2015&nbsp;&nbsp;semifinále a finále (Císařská louka)</p><p>Diváky v Beachklubu Ládví čeká kromě profesionálních sportovních výkonů bohatý doprovodný program. Rodiny s dětmi uvítají dětský koutek s nafukovacími atrakcemi a na své si přijdou i labužníci, kteří ocení dobroty z venkovního grilu v bezprostřední blízkosti centrkurtu.</p><p><em>\"Jsem nesmírně ráda, že je to po roce opět Městská část Praha 8, která v areálu Beachklubu Ládví hostí tak významnou sportovní událost, kterou Staropramen Cool Super Cup bezpochyby je,\"</em>&nbsp;zve na beachvolejbalovou událost léta místostarostka paní Alena Borhyová.</p><p>Partnery turnaje jsou Staropramen Cool, Český volejbalový svaz, Hlavní město Praha, Městská část Praha 8, Oakley, Neumann, Metaxa, Monstera International, ITS Billa Travel, Adidas, Happy Plugs a E.On.</p><p>Doražte, těšíme se na vás!</p><p>&nbsp;</p><p>Beachklub Ládví</p>',	'<p>Beachvolejbalová sezóna je v plném proudu a letošní léto je v Česku ve znamení špičkového plážového volejbalu. Již tento víkend 14. – 16. srpna 2015 se odehraje nejprestižnější turnaj „Staropramen Cool Super Cup 2015“ v Praze v areálu Beachklubu Ládví a na Císařské louce. Bude to první turnaj, na kterém se ukáže Kristýna Kolocová po rozpadu páru Maki a Kiki… Více informací o celém turnaji naleznete v článku&nbsp;<a href=\"/vyhraje-kiki-svuj-prvni-turnaj\">zde</a>.</p><h3><img src=\"/files/gallery/3/docs-4605e06484fadd2af769d75c338d96ee.jpg\" width=\"570\"></h3>',	2,	1,	0,	'vyhraje-kiki-svuj-prvni-turnaj'),
(4,	'Beachvolejbalové kempy a kroužky',	'<h3>ONLINE PŘIHLAŠOVÁNÍ NA KEMPY, KROUŽKY A TRÉNINKY ZDE:</h3>\r\n<p><a href=\"/krouzky\">Pro vstup do&nbsp;<strong>online rezervace&nbsp;</strong>kempů, kroužků a tréninků klikněte&nbsp;<strong>zde</strong>. Otevře se vám nové okno. Pokud nemáte jméno a heslo, tak se musíte registrovat, poté se už můžete online registrovat.</a></p>\r\n<h3>Na léto pro vás připravujeme:</h3>\r\n<p>Na léto 2015 opět připravujeme oblíbené prázdninové kempy pro děti, kempy u moře nebo v Česku mimo areál Beachklubu Ládví.</p>\r\n<p><a href=\"kempyvcechach\"><span>Prázdninové kempy pro děti</span></a></p>\r\n<p><a href=\"kempyvcechach\"><span>Prodloužené víkendy v Poděbradech</span></a></p>\r\n<p><a href=\"kempyvcechach\">Beachvolejbalové kempy u Máchova jezera</a></p>\r\n<p><a href=\"kempyvcechach\"><span>Kempy na Ládví</span></a></p>\r\n<p><a title=\"beachkempy u moře\" href=\"kempyvitalii\"><span>Kempy v Itálii u moře</span></a></p>\r\n<h3>Přehled beach volejbalových kempů a kroužků:</h3>\r\n<p>Přes zimu probíhají kempy a kroužky v největší hale na plážový volejbal v Praze. Vytápěná nafukovačka ukrývá hned 6 kurtů na plážový volejbal.</p>\r\n<p><a href=\"deti-a-mladez\">Děti a mládež</a></p>\r\n<p><a href=\"maminky\">Maminky s dětmi</a></p>\r\n<p><a href=\"dospeli\">Dospělí</a></p>\r\n<p>V případě zájmu pište prosím našemu&nbsp;<a href=\"/o-nas\">šéftrenérovi</a>&nbsp;na e-mail<a href=\"mailto:seftrener@beachklubladvi.cz\">seftrener@beachklubladvi.cz</a>&nbsp;nebo volejte na telefon 605 218 056.</p>',	'<p><br></p>',	2,	0,	0,	'krouzky'),
(5,	'Rezervace beach volejbalových kurtů',	'<h3>Rezervace kurtů: &nbsp;<span></span></h3><h3>POZOR! Nový rezervační systém pro kurty vyžaduje&nbsp;<span>novou registraci</span>!</h3><h3>Nový rezervační systém je odlišný od předchozího, který zůstal zachován pro tréninky, turnaje a kempy!</h3><p><a href=\"https://jdemenato.cz/reservation/beachklub-ladvi/reservationcalendaroverview\" target=\"_blank\">Pro vstup do&nbsp;<strong>online rezervace&nbsp;</strong>kurtů&nbsp;</a><a href=\"https://jdemenato.cz/reservation/beachklub-ladvi/reservationcalendaroverview\" target=\"_blank\">klikněte&nbsp;</a><a href=\"/rezervace-kurtu\" target=\"_blank\"><strong>zde</strong>. Otevře se vám nové okno.<strong>Pokud nemáte jméno a heslo, tak se musíte registrovat, poté už můžete online rezervovat volné kurty</strong>.</a></p><br>',	'<p><br></p>',	2,	0,	0,	'rezervace-kurtu'),
(6,	'Beachvolejbalové turnaje v Praze v Beachklubu Ládví',	'<h3>ONLINE PŘIHLAŠOVÁNÍ NA TURNAJE ZDE:<br></h3><p><a href=\"/turnaje-v-praze\">Pro vstup do&nbsp;<strong>online rezervace&nbsp;</strong>turnajů klikněte&nbsp;<strong>zde</strong>. Otevře se vám nové okno. Pokud nemáte jméno a heslo, tak se musíte registrovat, poté se už můžete online registrovat na turnaj.</a></p><p><span style=\"font-family: BenchNine, sans-serif; font-size: 20px; line-height: 26px;\">TURNAJE V&nbsp;BEACHKLUBU LÁDVÍ PRO ZIMNÍ SEZÓNU 2014/2015</span><br></p><p><span>Pro<strong>zimní beachvolejbalovou sezónu 2014/2015</strong>&nbsp;jsme si pro Vás připravili hned několik zajímavých turnajů. Pro usnadnění Vaší orientace budeme pořádat beachvolejbalové turnaje konkrétní herní úrovně vždy stejný víkend v&nbsp;měsíci.</span></p><p><strong><span>První víkend</span></strong><span>&nbsp;v&nbsp;měsíci bude sobota věnována&nbsp;<strong>Juniorlize Beachklubu Ládví</strong>(v čase od 9:00 do 14:00 hod.). Sobotní odpoledne může být využito na soukromé/firemní akce. V&nbsp;neděli pak můžete dorazit na&nbsp;<strong>mixový amatérský turnaj MIRACUP pro kempaře</strong>&nbsp;organizátora Míry Justiána.</span></p><p><strong><span>Druhý víkend</span></strong><span>&nbsp;v&nbsp;měsíci startují&nbsp;<strong>otevřené turnaje PLAY HARD! TOUR</strong>organizátorky Barči Skoumalové. Sobota je věnována otevřeným turnajům mužů a žen. Neděli pak na Ládví v&nbsp;rámci PLAY HARD! TOUR ovládnou otevřené mixy. Všechny turnaje budou rozděleny na dvě výkonnostní kategorie podle umístění ve skupině tak, aby si zahrál každý pár zápasy na odpovídající úrovni. Ceny budou připraveny pro vítěze obou kategorií.</span></p><p><strong><span>Třetí víkend</span></strong><span>&nbsp;nás čekají&nbsp;<strong>sobotní turnaje</strong>&nbsp;<strong>ABL HOLMES PLACE mixy</strong>, které jsou pod taktovkou Ondry Michálka. U&nbsp;turnaje ABL se vracíme k&nbsp;názvu, proto turnaj bude určen&nbsp;<strong>pouze</strong>&nbsp;amatérským neregistrovaným dvojicím. Neděli uvolňujeme pro individuální hru a pronájmy.<br></span></p><p><span><img src=\"/files\\gallery\\3\\docs-482ac06ee8d434298f017c719d82d2b9.jpg\" width=\"570\"><br></span></p><p><strong><span>Čtvrtý víkend</span></strong><span>&nbsp;v&nbsp;měsíci věnujeme&nbsp;<strong>sérii otevřených výkonnostních turnajů</strong><strong>OAKLEY BEACH TOUR</strong>. Sobotní turnaje v&nbsp;Beachklubu Ládví odehrají páry mužů a žen, v neděli pak páry smíšené. Velkou výhodou je, že turnaj má omezený počet přihlášených párů v&nbsp;každé kategorii (v sobotu 12 párů mužů a 12 párů žen, v&nbsp;neděli 24 mixových párů).&nbsp;<em><strong>Všechny dvojice si tak zahrají minimálně pět kvalitních zápasů bez čekání!</strong></em>&nbsp;Všechny tři turnaje čtvrtého víkendu budou rozděleny na dvě výkonnostní kategorie podle umístění ve skupině tak, aby si zahrál každý pár na odpovídající úrovni. Ceny budou připraveny pro vítěze obou kategorií. Čtvrtý víkend v&nbsp;měsíci se odehraje pod vedením Ondry Michálka.</span></p><p><span><img src=\"/files\\gallery\\3\\docs-ae16300279ad4329d70b3659c1fd1a43.jpg\" width=\"570\"><br></span></p><p><strong style=\"font-family: BenchNine, sans-serif; font-size: 20px; line-height: 26px;\">O CO SE U NÁS V ZIMĚ HRAJE?</strong><br></p><p><span>V&nbsp;každé turnaji na Vás čekají zajímavé věcné ceny od našich partnerů<span>&nbsp;</span>.</span></p><p><span>Navíc však body za účast v&nbsp;turnajích Beachklubu Ládví sčítáme do celkového pořadí, kdy hrajeme o titul&nbsp;<strong>„KING/QUEEN&nbsp;Beachklubu Ládví“</strong>. Vítězem tohoto titulu bude buď muž, nebo žena na základě počtu získaných bodů ve všech turnajích pořádaných Beachklubem Ládví.</span></p><p><strong><span>Hlavní cenou</span></strong><span>&nbsp;pro jediného vítěze a zároveň jeho odměnou za perfektní výkony je&nbsp;<strong><span>dovolená v&nbsp;Tyrolsku</span></strong>&nbsp;od našeho partnera společnosti&nbsp;<strong>Tyrolsko</strong>(více info na&nbsp;</span><a href=\"http://www.tyrolsko.cz/\"><span>www.tyrolsko.cz</span></a>)<span>. Tyrolsko věnuje vítězi poukaz na&nbsp;<strong>2 noci s&nbsp;polopenzí pro 2 osoby v&nbsp;3* hotelu v&nbsp;Tyrolsku</strong>, s&nbsp;možností uplatnění poukazu do 31. 10. 2015. A o to už se vyplatí hrát!!!</span></p><p><br></p><p class=\"MsoNormal\"></p>',	'<p><br></p>',	2,	0,	0,	'turnaje-v-praze'),
(7,	'Staňte se členem Beachklubu Ládví a získejte zajímavé výhody:',	'<p>Hrajete plážový volejbal nebo se chystáte hrát plážový volejbal a rádi byste reprezentovali sportovní klub? Nebo ani nechcete nikoho reprezentovat, ale hledáte výhodnější možnosti jak si pronajmout kurty? Tak právě pro Vás jsme připravili dvě různá členství v našem klubu - standardni a rozšířené (občas používáme zkratku VIP). Čtěte dále, abyste poznali výhody a rozdíli.</p><h3>standardní členství v Beachklubu Ládví</h3><ul><li>zvýhodněná cena na předplatné</li><li>slevy na turnaje</li><li>slevy u partnerů</li><li>cena 0 Kč</li></ul><h3><strong><a href=\"https://docs.google.com/forms/d/1NwuRMvKz5qcaHZLXNfUQbqp5G3zsApAP4yRPhABMcfA/viewform?usp=send_form\" title=\"Přihláška\">Přihláška</a></strong></h3><h3>rožšířené členství v Beachklubu Ládví</h3><ul><li>kurty \"zdarma\" v pondělí až čtvrtek od 08.00 do 15.00</li><li>kurty \"zdarma\" v sobotu a neděli po turnajích</li><li>kurt zdarma má pouze VIP člen, nečleni platí zbývající poměrnou částku</li><li>slevy na turnaje</li><li>slevy u partnerů</li></ul><p><strong>cena:</strong>&nbsp;letní členství 1200 Kč</p><ul></ul><p>Pro mimořádně nadané hráče a hráčky, kteří by rádi reprezentovali náš klub vytvoříme rádi nabídku šitou na míru. Stačí napsat vaše výsledky a plány na email:&nbsp;<a href=\"mailto:marketing@beachklubladvi.cz\">marketing@beachklubladvi.cz</a></p>',	'<p><br></p>',	2,	0,	0,	'clenstvi'),
(8,	'Tréninky',	'<h3>Kondiční tréninky:</h3><p>Nyní máte možnost v Beachklubu zlepšovat svou kondici a zlepšovat si postavu díky našim kondičním tréninkům. Základní náplní těchto tréninků je zdravotně preventivní příprava, výkonnostní příprava a celkový rozvoj pohybových dovedností. Využíváme cvičení na plážovém písku, díky kterému se zapojuje více svalových partií a tím dochází ke komplexnějšímu zpevnění celého těla. Trénink je vhodný pro všechny věkové i výkonnostní kategorie.</p><p>Přijďte si s námi zacvičit pro svou radost z pohybu. Více info&nbsp;<a href=\"/kondicni-treninky\">zde</a>&nbsp;a přihlásit se můžete<a href=\"/treninky\">&nbsp;zde.</a></p><h3>Tréninkové beachvolejbalové turnaje:</h3><p>Chcete natrénovat na beachvolejbalový turnaj bez zbytečného stresu? Máte problém sehnat soupeře na stejné úrovni? Chcete si zahrát beachvolejbal s novými protihráči, ale nechcete trávit celý den na turnaji? Pokud jste si zodpověděli alespoň jednou ano, tak právě pro vás jsme připravili tréninkové beachvolejbalové turnaje.</p><p>Více&nbsp;<a href=\"/treninkove-turnaje-praha\">zde.</a></p><h3>Individuální tréninky plážového volejbalu:</h3><p>Kromě standardně vypisovaných kempů se můžete domluvit s našimi trenéry na individuálním beachvolejbalovém tréninku u nás v Praze na Ládví nebo i mimo Prahu. Kontakt na naše trenéry najdete&nbsp;<a href=\"/o-nas\">zde.</a></p><p>Na aktuální kempy tréninky dospělých se můžete přihlásit online&nbsp;<a href=\"/treninky\">zde.</a></p><p><span>V případě zájmu pište prosím našemu&nbsp;</span><a href=\"/o-nas\">šéftrenérovi</a><span>&nbsp;na e-mail</span><a href=\"mailto:seftrener@beachklubladvi.cz\">seftrener@beachklubladvi.cz</a><span>&nbsp;</span><br></p>',	'<p><br></p>',	2,	0,	0,	'treninky'),
(9,	'Beachvolejbalové kempy v Itálii již od 3.990,- Kč',	'<p><span>Chcete si užít týden u moře s přáteli a plážovým volejbalem? Špičkoví trenéři, příjemná atmosféra a kvalitní ubytování za vynikající ceny - to jsou beachvolejbalové kempy v italském Bibione, které tradičně připravil Beachklub Ládví ve spolupráci s cestovní kanceláří Nev-Dama ze skupiny Fischer. Těšit se můžete na široké písečné pláže, termální lázně, beach volejbalové tréninky 2x denně, cyklo a in-line vyjížďky každý den a kvalitní apartmány.</span><span>&nbsp;</span><span>No a chybět samozřejmě nemůže závěrečný turnaj, večerní víno, pizza a zpěv. Více o Bibione najdete</span><span>&nbsp;</span><a href=\"/kempy-v-bibione\">zde.</a></p><p></p><h3>Termíny beach volejbalových kempů v Itálii</h3><p><span>ZÁŘÍ 2015:</span><span>&nbsp;</span><span>19. - 26. 9. 2015&nbsp;(od soboty do soboty)</span></p><h3><span>Trenéři</span></h3><p>Těšit se můžete na kvalitní trenéry z řád bývalých špičkových volejbalistů z domácí extraligy, zahraničních soutěží a beachvolejbalového okruhu.&nbsp;<span>Těšit se můžete předběžně na&nbsp;</span><span>top trenéry Kamila Tučka a Míru Svobodu. V případě, že se naplní kapacita nad 32 účastníků, doplníme trenérský tým o třetího trenéra.</span></p><h1><p></p></h1><h3>Program beachkempu a rozpis beach volejbalových tréninků</h3><p>Účastníci kempu budou rozděleni podle výkonnosti do 8 skupin max. po 8 lidech. Kapacita beach kempu je tedy 64 hráčů. Těšit se můžete na 2 beachvolejbalové tréninky denně po 1,5 hodině na 4 kurtech a k tomu ranní výklusy po pláži, odpolední vyjížďky na kole nebo na in-linech a další sportovní aktivity.</p><h1><ul><li><span>sobota - příjezd, ubytování, uvítací večírek</span></li><li>neděle - čtvrtek - tréninky, hra, sportovní program, středa - volný program na regeneraci</li><li>pátek - závěrečný turnaj</li><li>sobota - odjezd</li></ul></h1><p><span><span>Beachkempy jsou vhodné i pro rodiny s dětmi. V případě poptávky budou organizovány i dětské tréninky.</span></span></p><h3>Ubytování: Villagio Michelangelo, Tivoli, San Siro</h3><p><span>Ubytování je zařízeno ve spolupráci s cestovní kanceláří Nev-Dama (ze skupiny Fischer) v komplexu dvoupodlažních vilek s několika bazény (Michelangelo) a sousedním menším vilovém rezortu s jedním bazénem (Tivoli), který je vzdálený asi 550 metrů od pláže. Podle zájmu si můžete vybrat z různých velikostí apartmánů. K dispozici jsou apartmány typu mono, bilo, trilo. Kompletní popis najdete</span><span>&nbsp;</span><a href=\"/kempy-v-bibione\">zde.</a></p><h1><p><img src=\"/files\\gallery\\3\\docs-56957af8ac1c8e62af3f101816be2ec6.jpg\" alt=\"beach volejbalové kempy v Itálii\" width=\"570\"></p></h1><h3>Ceník beach volejbalových kempů v Itálii</h3><h3><span>ZÁŘÍ 2015 cena od 3.990 Kč</span></h3><h3><span>Trilo (min. obsazenost 4 osoby)</span><span>&nbsp;</span><strong><span>4.490,- Kč</span></strong><span>,</span><span>&nbsp;</span><span>pro členy klubu nebo účastníky kempů v&nbsp;Bibione v&nbsp;roce 2014 a 2015&nbsp;<strong>3.9</strong><strong>90,-</strong>&nbsp;<strong>Kč</strong></span></h3><h3><span><strong></strong></span><span>Bilo (min. obsazenost 3 osoby)</span><span>&nbsp;</span><strong><span>4.690,- Kč,&nbsp;</span></strong><span>pro členy klubu nebo účastníky kempů v&nbsp;Bibione v&nbsp;roce 2014 a 2015&nbsp;<strong>4.190,-</strong>&nbsp;<strong>Kč</strong></span></h3><h3><span><strong></strong></span><span>Mono (min. obsazenost 2 osoby)</span><span>&nbsp;</span><strong><span>5.090,-</span></strong><span>&nbsp;</span><strong><span>Kč</span></strong><span>,</span><span>&nbsp;</span><span>pro členy klubu nebo účastníky kempů v&nbsp;Bibione v&nbsp;roce 2014 a 2015&nbsp;<strong>4.590,-</strong>&nbsp;<strong>Kč</strong></span></h3><h1><div><div><p>* Cena zahrnuje ubytování, veškeré spotřeby, delegátské služby, kurty, tréninky a závěrečný turnaj.</p></div></div></h1><p>Možné slevy a příplatky (nepovinné)</p><h1><div><ul><li>sleva pro netrénující účastníky 1.300 Kč</li><li>příplatek za nocleh až do neděle 300 Kč</li><li>autobusová doprava: 1.990 Kč dospělí, 1.790 Kč děti do 12 let</li><li>ložní prádlo 200 Kč</li><li>závěrečný úklid dle typu bytu: mono 700 Kč, bilo 900 Kč, trilo 1.100 Kč</li><li>cestovní pojištění 290,-</li></ul></div></h1><h3>Přihlášky</h3><p><span>Přihlášky</span><span>&nbsp;</span><span>posílejte Lucii Trnkové na email</span><span>&nbsp;</span><a href=\"mailto: &lt;script language=\'JavaScript\' type=\'text/javascript\'&gt; &lt;!-- var prefix = \'mailto:\'; var suffix = \'\'; var attribs = \'\'; var path = \'hr\' + \'ef\' + \'=\'; var addy65409 = \'info\' + \'@\'; addy65409 = addy65409 + \'beachklubladvi\' + \'.\' + \'cz\'; document.write( \'&lt;a \' + path + \'\\\'\' + prefix + addy65409 + suffix + \'\\\'\' + attribs + \'&gt;\' ); document.write( addy65409 ); document.write( \'&lt;\\/a&gt;\' ); //--&gt; &lt;/script&gt; &lt;script language=\'JavaScript\' type=\'text/javascript\'&gt; &lt;!-- document.write( \'&lt;span style=\\\'display: none;\\\'&gt;\' ); //--&gt; &lt;/script&gt;Tato emailov%C3%A1 adresa je chr%C3%A1n%C4%9Bna p%C5%99ed spamboty, abyste ji vid%C4%9Bli, povolte JavaScript &lt;script language=\'JavaScript\' type=\'text/javascript\'&gt; &lt;!-- document.write( \'&lt;/\' ); document.write( \'span&gt;\' ); //--&gt; &lt;/script&gt;\"></a><a href=\"mailto:info@beachklubladvi.cz\">info@beachklubladvi.cz</a>&nbsp;<span>. Uveďte prosím Vaše jméno, příjmení, datum narození, e-mail, telefon, v jaké typologii apartmánu chcete být ubytování a s kým. A jaké chcete využít slevy či příplatky.&nbsp;</span><strong>POZOR!&nbsp;</strong><span>Nově do přihlášky ohodnoťte i úroveň svých volejbalových dovedností známkou jako ve škole (1 - nejlepší, pokročilý; 2 - středně pokročilý; 3 - přechod mezi pokročilým a mírně pokročilým; 4 - mírně pokročilý; 5 - začátečník). Podle toho určíme i předběžné zařazení do tréninkových skupin. Následně vám zašleme informace k platbě.</span></p><p><span>Spolu s přihláškou&nbsp;</span>vyplňte svou účast i prostřednictvím našeho rezervačního systému<span>, kde jsou jednotlivé turnusy vypsané -&nbsp;</span><a href=\"/kempy-v-bibione\" title=\"Rezervační systém\">zde</a><span>. Můžete sledovat, kdo je na jednotlivé turnusy přihlášen.</span></p><p>Uzávěrka přihlášek je&nbsp;<strong>30. 8</strong><strong>. 2015.</strong></p><p><strong></strong>Záloha ve výši 500,- Kč je splatná do 10 dní od odeslání údajů k platbě a doplatek do 30. 8. 2015.</p><p>Storno poplatky: více jak 14 dní před kempem 50% z ceny kempu, méně jak 14 dní 100%. V případě, že za sebe najdete náhradníka, vracíme celou částku. Doporučujeme uzavřít storno pojištění pro případ nemoci.</p><p><strong>Veškeré bližší informace a dotazy poskytne Lucka Trnková na mailu<a href=\"mailto: &lt;script language=\'JavaScript\' type=\'text/javascript\'&gt; &lt;!-- var prefix = \'mailto:\'; var suffix = \'\'; var attribs = \'\'; var path = \'hr\' + \'ef\' + \'=\'; var addy8849 = \'info\' + \'@\'; addy8849 = addy8849 + \'beachklubladvi\' + \'.\' + \'cz\'; document.write( \'&lt;a \' + path + \'\\\'\' + prefix + addy8849 + suffix + \'\\\'\' + attribs + \'&gt;\' ); document.write( addy8849 ); document.write( \'&lt;\\/a&gt;\' ); //--&gt; &lt;/script&gt; &lt;script language=\'JavaScript\' type=\'text/javascript\'&gt; &lt;!-- document.write( \'&lt;span style=\\\'display: none;\\\'&gt;\' ); //--&gt; &lt;/script&gt;Tato emailov%C3%A1 adresa je chr%C3%A1n%C4%9Bna p%C5%99ed spamboty, abyste ji vid%C4%9Bli, povolte JavaScript &lt;script language=\'JavaScript\' type=\'text/javascript\'&gt; &lt;!-- document.write( \'&lt;/\' ); document.write( \'span&gt;\' ); //--&gt; &lt;/script&gt;\"></a><a href=\"mailto:info@beachklubladvi.cz\">info@beachklubladvi.cz</a>&nbsp;nebo na telefonu 728 189 731.</strong></p>',	'<p><br></p>',	2,	0,	0,	'kempy-v-italii'),
(10,	'Beachkempy v Čechách',	'<h1 style=\"padding-right: 10px; padding-bottom: 5px; padding-left: 10px; margin-top: 0px; margin-bottom: 0px; border: none;\">Beachvolejbalové kempy na Ládví pod vedením Jardy Malčíka</h1><p>Nově nabízíme prodloužené víkendy All Inclusive přímo v areálu Beachklubu Ládví pro pražské i přespolní.<br>Intenzivní tréninky 2x denně zaměřené na zlepšení herních činností jednotlivce. Tréninkové skupiny: a) začátečníci, b) mírně pokročilí, c) pokročilí (rozdělení do skupin podle přihlášených účastníků). Hlavní trenér těchto kempů je Jaroslav Malčík (šéftrenér mládeže).</p><p>&nbsp;</p><p><img src=\"/files\\gallery\\3\\docs-2368d823b062de107596afb71282ee40.jpg\" width=\"570\"></p><h3>Termíny:</h3><p>10. - 12. 7. a 14. - 16. 8.</p><h3>Ubytování:</h3><p>500 m od Beachklubu v Hostelu Ládví</p><h3>Kapacita kempu:</h3><p>16 osob. Kemp se uskuteční při minimálním počtu 12 osob.<br>2 tréninkové skupiny 6 - 8 osob</p><p><img src=\"/files\\gallery\\3\\docs-e645b33b64042eb7299cc8506403dd85.jpg\" width=\"570\"></p><h3>Plná penze + pitný režim:</h3><p>Snídaně: formou bufetu, čaj, káva<br>Oběd: výběr ze 2 jídel + polévka dle denní nabídky<br>Večeře: Gril<br>Vše na baru Beachklubu Ládví.</p><h3>Program beach kempu:</h3><p>Pátek<br>09:00 - příjezd a ubytování<br>10:00 - 13:00 rozřazovací hra<br>15:00 - 18:00 tréninky<br>Sobota<br>09:00 - 12:00 tréninky<br>15:00 - 18:00 tréninky<br>Neděle<br>09:00 – 12:00 tréninky<br>14:00 – 17:00 turnaj</p><p>V době mimo tréninky individuální program:</p><p>•&nbsp;dobrá dostupnost do centra Prahy, stanice metra Ládví (centrum 10 min.)<br>•&nbsp;program bez večerky - noční život na dosah ruky<br>•&nbsp;velký areál s možností využití kurtů mimo tréninky<br>•&nbsp;možnost využití doprovodných aktivit pétanque, kroket, velkoplošná TV, bungee running – vše v areálu Beachklubu Ládví</p><h3>Cena:</h3><p><strong>2550,- Kč / osoba</strong><br>Cena 2.550,- Kč / osoba za kemp je trenér, pronájem kurtů, míče a tréninkové pomůcky, video výstup, strava od pátku do neděle (snídaně, oběd, večeře), pitný režim, ubytování (2 noci v Hostelu Ládví, na pokoji 2 – 5 osob).<br>1950,-Kč / osoba (bez ubytování)</p><p>Částku uhraďte převodem na číslo účtu 107-5561340227/0100 nejpozději měsíc před začátkem daného kempu. Nezapomeňte uvést své jméno.</p><h3>Přihlášky:</h3><p>Přihlásit se můžete e-mailem na&nbsp;<a href=\"mailto:info@beachklubladvi.cz\">info@beachklubladvi.cz</a>&nbsp;nebo online na<a href=\"http://www.beach-ladvi.rezervuju.cz/training\">http://www.beach-ladvi.rezervuju.cz/training</a>.</p><h1 style=\"padding-right: 10px; padding-bottom: 5px; padding-left: 10px; margin-top: 0px; margin-bottom: 0px; border: none;\">Beachvolejbalové kempy u Máchova jezera</h1><table class=\"contentpaneopen\"><tbody><tr><td valign=\"top\"><p>Díky velkému zájmu a pozitivním ohlasům Beachklub Ládví rozšiřuje nabídku intenzivních letních beachvolejbalových kempů o kemp na „Mácháči“.<br>Abyste se měli na co těšit, podrobné info o místě konání naleznete&nbsp;<a href=\"http://www.kudyznudy.cz/Aktivity-a-akce/Aktivity/Romantika,-slunce,-vodni-atrakce---to-je-Machac-pr.aspx\">zde</a>.</p><p><img src=\"/files\\gallery\\3\\docs-11c1b918ab32bcdaa1bced6c6625cab7.jpg\" width=\"570\"></p><h3><img src=\"/files\\gallery\\3\\docs-f3d5a6adeb5a52f4fb2266cfc055e097.jpg\" width=\"570\"></h3><h3>Termín:</h3><p>12.6. – 14.6.2015</p><h3>Ubytování:</h3><p>Ubytování je zajištěno v penzionu SPORTline - Penzion &amp; FitCentrum Doksy.<br>Adresa: Lesní 458, Doksy, 472 01</p><p><img src=\"/files\\gallery\\3\\docs-a4973725dc9622d0780219b013d2cdd7.jpg\" width=\"570\"></p><p><img src=\"/files\\gallery\\3\\docs-acdf91d3dc911e8da173eefcbc24d0e2.jpg\" width=\"570\"></p><p>V ceně ubytování je zároveň zahrnut vstup do fitness zdarma, free WiFi a parkovací místo. Dále&nbsp;<span>mají&nbsp;</span><span>ubytování nárok na 25% slevu na sál na cvičení a spinning.</span></p><h3>Kapacita kempu:</h3><p>32 osob. Kemp se uskuteční při minimálním počtu 12 osob.</p><h3>Beachvolejbalové tréninky:</h3><p>Beachvolejbalové tréninky budou probíhat na kurtech přímo u Máchova jezera pod vedením šéftrenéra Beachklubu Ládví Ondry Michálka a špičkového hráče beachvolejbalu a trenéra s dlouholetými zkušenostmi Míry Svobody.<br>Rozdělení do 4 tréninkových skupin po 6 - 8 lidech (podle počtu přihlášených).</p><h3>Program beach kempu:</h3><p>Pátek<br>09:00&nbsp;&nbsp;&nbsp;&nbsp;&nbsp;&nbsp;&nbsp;&nbsp;&nbsp;&nbsp;&nbsp;&nbsp;&nbsp; příjezd a ubytování<br>10:00 - 13:00&nbsp; rozřazovací hra<br>15:00 - 18:00&nbsp; tréninky</p><p>Sobota<br>09:00 - 12:00&nbsp; tréninky<br>15:00 - 18:00&nbsp; tréninky</p><p>Neděle<br>09:00 – 12:00&nbsp; tréninky<br>14:00 – 17:00&nbsp; turnaj</p><p><img src=\"/files\\gallery\\3\\docs-c71e592e58d6be786f8e2fc3485d4fa8.jpg\" width=\"570\"></p><p>V době mimo tréninky individuální program:</p><p>- krásná pláž Máchova jezera<br>- kvalitní a hustá síť cyklostezek&nbsp;<br>- středověké hrady (Bezděz, Houska, Kokořín, Lemberk)<br>- mnoho restaurací a kaváren v Doksech<br>- okružní plavby po jezeře</p><p>A to vše v bezprostřední blízkosti kurtů!</p><h3>Cena:</h3><p><strong>2.500,- Kč / osoba</strong><br>Cena zahrnuje ubytování se snídaní, tréninky s trenérem, kurty ke hře, tréninkové pomůcky, vstup na pláž jezera po celou dobu kempu.</p><p><strong>1.900,- Kč / osoba</strong><br>Cena je bez ubytování, zahrnuje tréninky s trenérem, kurty ke hře, tréninkové pomůcky, vstup na pláž jezera po celou dobu kempu.</p><p>Částku uhraďte převodem na číslo účtu 107-5561340227/0100 poté, co obdržíte variabilní symbol. Nejpozději uhraďte částku měsíc před začátkem daného kempu. Nezapomeňte uvést své jméno.</p><h3>Přihlášky:</h3><p>Přihlásit se můžete e-mailem na&nbsp;<a href=\"mailto:info@beachklubladvi.cz\">info@beachklubladvi.cz</a>&nbsp;nebo online na<a href=\"http://www.beach-ladvi.rezervuju.cz/training\">http://www.beach-ladvi.rezervuju.cz/training</a>.</p><p><span style=\"font-family: BenchNine, sans-serif; font-size: 50px; font-weight: 700; line-height: 53px; text-transform: uppercase; background-color: transparent;\">Beachvolejbalové kempy v Poděbradech</span></p><p>Díky velkému zájmu a pozitivním ohlasům Beachklub Ládví rozšiřuje nabídku intenzivních letních beachvolejbalových kempů v Poděbradech.<br>Abyste se měli na co těšit, podrobné info o místě konání naleznete&nbsp;<a href=\"http://prekvapeni.kafe.cz/magazin/cestovani/prekvapeni-na-cestach/rozkvetle-podebrady_652.html\">zde</a>.</p><h3>Termíny:</h3><p>29.5. – 31.5.2015 (obsazeno)<br>26.6. – 28.6.2015 (obsazeno)<br>04.7.&nbsp;–&nbsp;06.7.2015 (pouze pro začátečníky)<br>14.8. – 16.8.2015<br>28.8. – 30.8.2015</p><h3>Ubytování:</h3><p>Ubytování v nově zařízeném hotelu Junior v centru Poděbrad. Více info&nbsp;<a href=\"/kempy-v-cechach\">zde</a>.</p><h3>Kapacita kempu:</h3><p>16 osob. Kemp se uskuteční při minimálním počtu 10 osob.</p><h3>Beachvolejbalové tréninky:</h3><p>Beachvolejbalové tréninky budou probíhat na kurtech koupaliště v Poděbradech pod vedením šéftrenéra Beachklubu Ládví Ondry Michálka, případně Míry Justiána.<br>Rozdělení do 2 tréninkových skupin po 8 lidech (podle počtu přihlášených).</p><h3>Program beach kempu:</h3><p><strong>Pátek</strong><br>09:00 - příjezd a ubytování<br>10:00 - 13:00 rozřazovací hra<br>15:00 - 18:00 tréninky</p><p><strong>Sobota</strong><br>09:00 - 12:00 tréninky<br>15:00 - 18:00 tréninky</p><p><strong>Neděle</strong><br>09:00 – 12:00 tréninky<br>14:00 – 17:00 turnaj</p><p>V době mimo tréninky individuální program:</p><p>-	vyhlášené písečné jezero<br>-	kvalitní inline stezky&nbsp;<br>-	nespočet kaváren a restaurací<br>-	lázeňská kolonáda</p><p>A to vše v bezprostřední blízkosti kurtů!</p><h3>Cena:</h3><p><strong>2.210,- Kč / osoba</strong></p><p>Pro členy klubu nebo účastníky loňského kempu v Poděbradech 1.910,- Kč / osoba.<br>Cena zahrnuje ubytování se snídaní, tréninky s trenérem, kurty ke hře, vstup na koupaliště a v neposlední řadě průvodce krásami Poděbrad.</p><p>Částku uhraďte převodem na číslo účtu 107-5561340227/0100 nejpozději měsíc před začátkem daného kempu. Nezapomeňte uvést své jméno.</p><h3>Přihlášky:</h3><p>Přihlásit se můžete e-mailem na&nbsp;<strong><a href=\"mailto:info@beachklubladvi.cz\">info@beachklubladvi.cz</a>&nbsp;</strong>nebo online na<a href=\"http://www.beach-ladvi.rezervuju.cz/training\"><strong>http://www.beach-ladvi.rezervuju.cz/training</strong></a>.<br></p><h1 style=\"padding-right: 10px; padding-bottom: 5px; padding-left: 10px; margin-top: 0px; margin-bottom: 0px; border: none;\">Prázdninové beachvolejbalové příměstské tábory pro děti</h1><p><img src=\"/files\\gallery\\3\\docs-3899ebb87c1aea0e0348d380aae5f2ad.jpg\" width=\"570\"></p><h3>Letní příměstský beachvolejbalový tábor</h3><p>Beachklub Ládví pořádá prázdninové příměstské tábory v plážovém volejbalu pro děti. Beachvolejbalový intenzivní kemp s výukou angličtiny se zkušenými lektory soukromé jazykové školy<strong>&nbsp;Fresh School</strong>.</p><h3>Termíny prázdninových beachvolejbalových kempů</h3><p>Na letní prázdniny 2015 vypisujeme díky zájmu z předchozích let 4 termíny beachvolejbalových kempů. Dva na červenec a dva na srpen. Turnus vždy začíná v pondělí ráno a končí v pátek odpoledne.</p><p>I. turnus: od 6. do 10. července<br>II. turnus: od 13. do 17. července<br>!!! NOVÝ TURNUS!!! : od 10. do 14. srpna<br>III. turnus: od 17. do 21. srpna (obsazeno)<br>IV. turnus: od 24. do 28. srpna (obsazeno)</p><h3>Program prázdninových beachvolejbalových kempů</h3><p>Nástup na kemp v pondělí v 8:30 hod. v areálu Beachklubu Ládví.</p><p>08:30 - 9:00 příchod - svačina<br>09:30 - dopolední tréninková jednotka<br>11:00 - relaxace (k dispozici doplňkové sporty jako badminton, pétanque, trampolína)<br>11:30 - oběd<br>12:00 - 13:00 - výuka AJ - výuku garantují lektoři z jazykové školy Fresh School<br>14:00 - odpolední tréninková jednotka<br>16:00 - 16:30 svačina a vyzvednutí rodiči</p><p><br>V pátek odpoledne dětský turnaj kempařů ukončený předáním cen a vyhlášením nejlepších účastníků turnaje.</p><h3>Co připravit dětem na kemp:</h3><p>Prosíme kromě sportovního oblečení (2x tričko, trenky či tepláky) zabalte dětem do tašky i lahev na pití, sluneční brýle, pokrývku hlavy a krém na opalování. V případě špatného počasí i sportovní boty. Pro případ deště máme v areálu Beachklubu Ládví i tělocvičnu.</p><h3>Cena beach volejbalového kempu:</h3><p><strong>2.490,- Kč</strong></p><p>Pro členy klubu, děti s trvalým bydlištěm v Praze 8 nebo účastníky loňského příměstského tábora 2.100 Kč.</p><p>Cena kromě kurtů, míčů a tréninkových jednotek zahrnuje i snídani, oběd, svačinu a pitný režim v průběhu celého dne, kempové tričko značky Under Armour a výuku angličtiny.</p><p>Přihlásit se můžete mailem na&nbsp;<strong><a href=\"mailto:info@beachklubladvi.cz\">info@beachklubladvi.cz</a>&nbsp;</strong>a online v<a href=\"http://beach-ladvi.rezervuju.cz/training\">rezervačním systému</a>.</p><p><img src=\"/files\\gallery\\3\\docs-18291511ca6ec20c17e4828151ecd0a2.jpg\" width=\"570\"></p><p><img src=\"/files\\gallery\\3\\docs-b321ae066eaaa3f32fb96cfad4928d10.jpg\" width=\"570\"></p><p><img src=\"/files\\gallery\\3\\docs-b24774fffa09c04742962aea2d8b91fb.jpg\" width=\"570\"></p></td></tr></tbody></table><div><br></div>',	'<p><br></p>',	2,	0,	0,	'kempy-v-cechach'),
(12,	'Celoroční kroužky bechvolejbalu a všeobecného pohybového rozvoje pro děti',	'<h3>Beachklub Ládví se zaměřuje na výchovu mládeže od 3 do 18 let</h3><p>Díky pískovému pokladu je náš areál ideální průpravou na všeobecný pohybový rozvoj. Na nezpevněném povrchu se svěřenci učí lepší stabilitě a každý pohyb je náročnější, přesto šetrnější na pohybový aparát.</p><h3>Kroužky pro radost</h3><p>Dětská atletická přípravka je určena pro děti od 3 do 5 let, na ni volně navazují beachvolejbalové kroužky pro děti od 6 do 9 let, které jsou zaměřené na všeobecný pohybový rozvoj. Volejbalové základy trénují děti v kroužcích od 10 do 13 let. Na ně dále navazuje nejstarší věková kategorie pro děti od 14 do 18 let.&nbsp;<span>Všechny kategorie jsou smíšené.</span></p><p><span>Tyto kroužky jsou vedené jako rekreační, bez důrazu na výkonnost a výsledky. Prioritou těchto tréninků je naučit děti základy tohoto sportu a správným sportovním návykům, které si přenesou i do osobního života.</span></p><h3>Výkonnostní tréninky</h3><p><span>Díky široké mládežnické základně, kterou areál v současné době disponuje, se chceme zaměřit také na výkonnostní volejbal.&nbsp;</span><span>Je to další krok Beachklubu Ládví ve výchově a motivaci našich svěřenců.</span></p><p>Tyto výkonností tréninky budou zaměřené na děti s fyzickými a mentálními předpoklady pro tento sport. Cílem této tréninkové skupiny bude vychovávat budoucí reprezentanty našeho areálu a naší beach akademie. Tréninky budou vedeny individuálně s důrazem na rozvoj fyzických i technických schopností svěřenců.</p><p>Tréninky 4x týdně:</p><p>- 2x výkonnostní trénink, trenér Jarda Malčík (skupina 3 - 8 dětí), trénink na písku</p><p>- 1x kondiční trénink &nbsp;( skupina 3-8 dětí), trénink na písku</p><p>- 1x trénink šestkového volejbalu v hale</p><p><span>Výkonnostní trénink pro rozvoj techniky a fyzických dispozic svěřence. Šestkový volejbal pro rozvoj dynamiky, výbušnosti a zlepšení techniky.</span></p><h3>Rozpis beach volejbalových tréninků</h3><h3>Přípravka 3 - 5 let</h3><p>Pondělí, středa, čtvrtek 15:15 - 16:00 + středa 16:00 - 16:45</p><p>(vstupné na trénink pro nejmenší je Ládvík - cena Ládvíka 60,- Kč - opravňuje dítě ke vstupu na 1 trénink)</p><h3>Kroužky pro děti 6 - 9 let</h3><p>Pondělí až čtvrtek 16:00 - 17:00</p><p>(možnost výběru s ohledem a školu a ostatní aktivity dětí: pondělí - středa nebo úterý - čtvrtek)</p><h3>Kroužky pro děti 10 - 13 let</h3><p>Pondělí až čtvrtek 17:00 - 18:00</p><p>(možnost výběru s ohledem na školu a ostatní aktivity dětí: pondělí - středa nebo úterý - čtvrtek)</p><h3>Kroužky pro děti 14 - 18 let</h3><p>Úterý a čtvrtek 16:00 - 17:00</p><p>+ Pondělí&nbsp; a pátek 16:00 - 17:00</p><p>Trenéři: trenéry doplníme během prvního týdne kroužků</p><p>Každá tréninková skupina bude mít svého stálého trenéra, který skupinu povede po celou dobu školního roku.</p><h3>Cenová nabídka</h3><p>Vše se předplácí formou dobití čipové karty</p><p>1) 10 kreditů, které se dají libovolně vybrat bez časového omezení.&nbsp;<strong>Cena 1000,- Kč&nbsp;</strong>(1 trénink = 100,-).</p><p>2) Pololetní 5ti měsíční. Karta je na jméno a opravňuje majitele navštěvovat 2x týdně tréninky mládeže, využívat bezplatně kurty v případě, že jsou mimo špičku volné.<strong>&nbsp;Cena 3.150,- Kč&nbsp;</strong>(1 trénink = 75,- Kč).</p><p>3) Pololetní výkonnostní. Karta je na jméno a opravňuje majitele být členem tréninkové výkonnostní skupiny, trénink v uzavřené skupince (max. 8 dětí) 4x týdně, pravidelná nominace a účast na turnajích Juniorligy pod vedením trenéra, dresy pro sezónu 2014 - 15, klubové výhody pro regeneraci. Bezplatné využití kurtů mimo špičku, prezentace úspěšných dvojic na webu beachklubu. Nominaci do výkonnostních skupin řeší hlavní trenér mládeže a rodiče oslovených dětí. Cena 3990,- Kč (cena je dotována Beachklubem Ládví, aby naši nadějní svěřenci měli možnost trénovat za špičkových podmínek za přijatelnou cenu).</p><p><strong><span>Pololetní permanentka platnost:</span></strong></p><p><strong>1 pololetí&nbsp;</strong>1. září 2014 - 31. ledna 2015 (možnost zakoupení 1. - 14. 9. na recepci Beachklubu Ládví)</p><p><strong>2 pololetí</strong>&nbsp;1. února 2014 - 29. června 2015&nbsp;&nbsp;<span></span><span>(možnost zakoupení 1. - 14. 9. na recepci Beachklubu Ládví)</span></p><h3>Klubová přihláška</h3><p><strong>Všichni naši kroužkaři s pololetní permanentkou mají možnost využívat bezplatně areál ve volných hodinách, bezplatně se účastnit dětských akcí pořádaných Beachklubem Ládví.</strong></p><p>Přihláška ke stažení ve formátu&nbsp;<a href=\"http://www.beachklubladvi.cz/images/krouzky.pdf\">.pdf</a>&nbsp;neboj&nbsp;<a href=\"http://www.beachklubladvi.cz/images/krouzky.jpg\">.jpg</a><strong>.<br></strong></p><p>Pokud chcete pravidelně chodit do našich kroužků, kontaktujte našeho šéftrenéra Ondru Michálka na e-mail&nbsp;<span><a href=\"mailto:seftrener@beachklubladvi.cz\">seftrener@beachklubladvi.cz</a>&nbsp;</span>nebo volejte na telefon: 605 218 056.</p><p><img src=\"/files\\gallery\\3\\docs-fa39256f480fa51d1f70cb3890aaec36.jpg\" width=\"570\"></p><p><img src=\"/files\\gallery\\3\\docs-c718eebf750cc240cc0e37c4b7afa756.jpg\" width=\"570\"></p><p><img src=\"/files\\gallery\\3\\docs-1a7cd302290d30cb2d4156476bfbb97c.jpg\" width=\"570\"></p>',	'<p><br></p>',	2,	0,	0,	'deti-a-mladez'),
(13,	'Beach volejbalové kempy pro maminky',	'<p>Připravili jsme kempy plážového volejbalu pro maminky s malými dětmi. Máme zajištěné hlídání a pěkně vybavený dětský koutek, takže si nemusíte dělat starosti s tím, kdo vám pohlídá ratolesti. Kempy jsou vhodné pro maminky, které se chtějí po porodu chtějí vrátit zpátky do formy nebo se jen chtějí odreagovat. Přijít můžete samozřejmě, i když žádné děti nemáte, ale vyhovuje vám čas a náplň tréninku.</p><h3>Treninková náplň beachvolejbalových kempů pro maminky:</h3><ul><li>protažení</li><li>zahřátí</li><li>nácvik základních herních činností</li><li>simulace herních situací</li><li>hra samotná</li><li>konečné protažení</li></ul><h3>Délka tréninkové jednotky:</h3><p>120 minut</p><h3>Ceník beachvolejbalového kempu pro maminky:</h3><p>1&nbsp;lekce - 250 Kč při zakoupení permanentky 5+1) splatná před zahájením tréninku, cena zahrnuje 90 min. tréninku, 30 min. hry a dvě hodiny hlídání dětí zkušenými au-pair; v případě zájmu je možné objednat čerstvé jídlo pro děti i miminka z restaurace Na Krásné Vyhlídce.</p><h3>Termíny beachvolejbalových kempů pro maminky:</h3><p>středa: 10:00 - 12:00</p><p>čtvrtek: 09:00 - 11:00</p><p>Tréninková jednotka max. pro 16 osob na 2 tréninkové skupiny podle výkonnosti. Pod vedením trenérů Ondry Michálka a Jardy Malčika</p><p>Online rezervace beachvolejbalových kempů pro maminky&nbsp;<a href=\"http://www.beach-ladvi.rezervuju.cz/training\">zde.</a></p>',	'<p><br></p>',	2,	0,	0,	'maminky'),
(14,	'Beachvolejbalové kempy',	'<p>Beachvolejbalové kempy organizujeme v Beachklubu Ládví každý den od 18.00 a jsou ideální pro dospělé začátečníky a mírně pokročilé. Páteční hrací tréninky jsou naopak určené spíše pokročilejším hráčům</p><h2 style=\"padding-right: 10px; padding-bottom: 5px; padding-left: 10px; margin: 0px; border: none;\">Tréninkové kempy plážového volejbalu</h2><h3 style=\"padding-right: 10px; padding-bottom: 0px; padding-left: 10px; margin: 0px; border: none;\">Náplň tréninkové jednotky:</h3><ul style=\"margin-right: 5px; margin-bottom: 0px; margin-left: 5px;\"><li style=\"border: none; float: none; clear: both;\">Protažení</li><li style=\"border: none; float: none; clear: both;\">Zahřátí</li><li style=\"border: none; float: none; clear: both;\">Nácvik základních herních činností</li><li style=\"border: none; float: none; clear: both;\">Simulace herních situací</li><li style=\"border: none; float: none; clear: both;\">Hra samotná</li><li style=\"border: none; float: none; clear: both;\">Konečné protažení</li></ul><h3 style=\"padding-right: 10px; padding-bottom: 0px; padding-left: 10px; margin: 0px; border: none;\">Délka tréninkové jednotky:</h3><p style=\"border: none; float: none; clear: both; padding: 0px 10px 0px 30px;\">90 min. a 60 min.</p><h3 style=\"padding-right: 10px; padding-bottom: 0px; padding-left: 10px; margin: 0px; border: none;\">Ceník beach volejbalových kempů:</h3><p style=\"border: none; float: none; clear: both; padding: 0px 10px;\">1&nbsp;lekce 90 min. - 200 Kč (při zakoupení permanentky 5+1) 60 min.&nbsp;&nbsp;150 Kč (při zakoupení permanentky 5+1)</p><h3 style=\"padding-right: 10px; padding-bottom: 0px; padding-left: 10px; margin: 0px; border: none;\">Termíny beach volejbalových kempů:</h3><h3 style=\"padding-right: 10px; padding-bottom: 0px; padding-left: 10px; margin: 0px; border: none;\">Online rezervace:</h3><p style=\"border: none; float: none; clear: both; padding: 0px 10px;\">Místo na kempu si můžete rezervovat online&nbsp;<a href=\"http://www.beach-ladvi.rezervuju.cz/training\">zde.</a></p><p style=\"border: none; float: none; clear: both; padding: 0px 10px;\">V případě, že byste chtěli znát více podrobností, pište prosím Ondrovi Michálkovi&nbsp;na e-mail:&nbsp;<a href=\"mailto:seftrener@beachklubladvi.cz\">seftrener@beachklubladvi.cz</a>&nbsp;nebo volejte na telefon: 605 218 056</p><h3 style=\"padding-right: 10px; padding-bottom: 0px; padding-left: 10px; margin: 0px; border: none;\">Sankce</h3><p style=\"border: none; float: none; clear: both; padding: 0px 10px;\">V případě neodhlášení 12 hodin před konáním tréninkového kempu zaplatíte při dalším kempu pokutu 100,- Kč!!!</p><h2 style=\"padding-right: 10px; padding-bottom: 5px; padding-left: 10px; margin: 0px; border: none;\">Páteční beachpárty</h2><p style=\"border: none; float: none; clear: both; padding: 0px 10px;\">Každý pátek organizujeme \"beachpárty\", které jsou věnované především hře a pravidelně se jich účastní až 24 hráčů. Úroveň je určena pro středně pokročilé a pokročilejší hráče.</p><h3 style=\"padding-right: 10px; padding-bottom: 0px; padding-left: 10px; margin: 0px; border: none;\">Treninková náplň:</h3><ul style=\"margin-right: 5px; margin-bottom: 0px; margin-left: 5px;\"><li style=\"border: none; float: none; clear: both;\">Protažení</li><li style=\"border: none; float: none; clear: both;\">Turnaj</li><li style=\"border: none; float: none; clear: both;\">Konečné protažení</li></ul><h3 style=\"padding-right: 10px; padding-bottom: 0px; padding-left: 10px; margin: 0px; border: none;\">Délka tréninkové jednotky:</h3><p style=\"border: none; float: none; clear: both; padding: 0px 10px 0px 30px;\">2,5 - 3 Hod</p><h3 style=\"padding-right: 10px; padding-bottom: 0px; padding-left: 10px; margin: 0px; border: none;\">Ceník:</h3><p style=\"border: none; float: none; clear: both; padding: 0px 10px;\">200 Kč ( Při zakoupení permanentky 5+1)</p><h2 style=\"padding-right: 10px; padding-bottom: 5px; padding-left: 10px; margin: 0px; border: none;\">Rezervace:</h2><p style=\"border: none; float: none; clear: both; padding: 0px 10px;\">Místo na kempu si můžete rezervovat online&nbsp;<a href=\"http://www.beach-ladvi.rezervuju.cz/training\">zde</a></p><p style=\"border: none; float: none; clear: both; padding: 0px 10px;\">V případě zájmu pište prosím našemu&nbsp;<a href=\"http://www.beachklubladvi.cz/treneri.html\">šéftrenérovi</a>&nbsp;na e-mail:<a href=\"mailto:seftrener@beachklubladvi.cz\">seftrener@beachklubladvi.cz</a>&nbsp;nebo volejte na telefon: 605 218 056</p><h3 style=\"padding-right: 10px; padding-bottom: 0px; padding-left: 10px; margin: 0px; border: none;\">Sakce</h3><p style=\"border: none; float: none; clear: both; padding: 0px 10px;\">V případě neodhlášení 12 hodin před konáním tréninkového kempu zaplatíte při dalším kempu pokutu 100,- Kč!!!</p>',	'<p><br></p>',	2,	0,	0,	'dospeli'),
(15,	'Kondiční tréninky nejen pro sportovce',	'<p>Beachklub Ládví nově otevírá nedělní kondiční tréninky. Nyní máte možnost si neobvyklým způsobem splnit svá novoroční předsevzetí o lepší kondici a krásné postavě. Vyměňte fitness studia, vyzkoušejte pohyb v jemné písku, díky kterému je trénink intenzivnější a přitom šetrnější k pohybovému aparátu.</p><p>Základní náplní našich tréninků je zdravotně preventivní příprava, výkonnostní příprava (rozvoj vyrtvalostních, rychlostních, silových, koordinačních schopností a pohyblivosti) a celkový rozvoj pohybových dovedností. využíváme cvičení na písku, díky kterému se zapojuje více svalových partíí a tím dochází ke komplexnějšímu zpevnění celého těla. Trénink je vhodný pro všechny věkové i výkonnostní kategorie. Přiďte si s námi zacvičit pro svou radost z pohybu.</p><h3>Kondiční tréninky</h3><p><span>Kondiční tréninky pořádáme nově každou neděli od 19 hodin. Trénink je vhodný jak pro mládež, tak pro dospělé včetně všech výkonnostních kategorií.</span></p><p></p><h3>Obsah a rozdělení jednotlivých tréninků:</h3><ul><li><p>Každou první neděli v měsíci bude trénink zaměřen na reakční rychlost a rychlost jako takovou. Při tréninku využijeme růžných odporových metod a reakčních cvičení. Od letní sezony i kontrastních cvičení pevný povrch-písek.</p></li><li>Každou druhou neděli v měsíci se zaměříme na tonizaci a posílení všech důležitých svalových skupin pomocí kruhového tréninku za použití různých pomůcek a zajímavých obměn již známých cviků.</li><li>Každou třetí neděli v měsíci dáme zabrat hlavně našim nohám při nácviku naší odrazové síly. Využívat budeme i různé překážky. Od léta opět zařadíme kontrastní cvičení mimo písek.</li><li>Každou čtvrtou neděli v měsíci se budeme soustředit na zpevěnění našeho posttoje a hlavně na posílení HSS (hlubokého stabilizačního systému). Cvičit budeme jak se svojí vahou, tak s pomůckami a využijeme i cvičení ve dvojicích.</li><li>Od letní sezony s přidáním tréninkových hodin i ve všední dny přidáme tréninky zaměřené na kompenzační cvičení pro volejbalisty, vytrvalostní trénink, různé posilovací tréninky s pomůckami i bez nich a tréninky na zlepšení celkové kondice. Při větším zájmu můžeme kterýkoliv trénink zařadit již nyní.</li></ul><h3>Náplň tréninkové jednotky:</h3><p><span><span>·<span>&nbsp;</span></span></span><span>Zahřátí</span></p><p><span><span>·<span>&nbsp;</span></span></span><span>Protažení</span></p><p><span><span>·<span>&nbsp;</span></span></span><span>Hlavní tréninková jednotka</span></p><p><span><span>·<span>&nbsp;</span></span></span><span>Závěrečné protažení</span></p><p>&nbsp;</p><h3>Cvičíme jak sami, tak ve dvojicích a při tréninku využíváme:</h3><ul><li><strong>Váhu vlastního těla</strong></li><li>Medicimbaly</li><li>TRX</li><li>Lavičky</li><li>Expandery</li><li>Aerobary</li></ul><h3><span><strong>Součástí kondičního tréninku jsou:</strong></span></h3><p><span><span>·<span>&nbsp;</span></span></span><span>Zdravotně preventivní příprava</span></p><p><span><span>·<span>&nbsp;</span></span></span><span>Kompenzační cvičení</span></p><p><span><span>·<span>&nbsp;</span></span></span><span>Výkonnostní příprava (zlepšení vytrvalostních, rychlostních, silových, odrazových, koordinačních schopností a pohyblivosti)</span></p><p><span><span>·<span>&nbsp;</span></span></span><span>Celkový rozvoj pohybových dovedností</span></p><h3><span><strong>Cíle kondičního tréninku jsou:</strong></span></h3><p><span><span>·<span>&nbsp;</span></span></span><span>Odstranění svalových disbalancí</span></p><p><span><span>·<span>&nbsp;</span></span></span><span>Zpevnění svalového tonusu</span></p><p><span><span>·<span>&nbsp;</span></span></span><span>Zlepšení celkové kondice</span></p><p><span><span>·<span>&nbsp;</span></span></span><span>Vytvarování postavy</span></p><p><span><span>·<span>&nbsp;</span></span></span><span>Redukce váhy na úkor tuků</span></p><p><span><span>·<span>&nbsp;</span></span></span><span>Nárůst svalové hmoty</span></p><p><span><span>·<span>&nbsp;</span></span></span><span>Zlepšení držení těla</span></p><p><span><span>·<span>&nbsp;</span></span></span><span>Zlepšení pohyblivosti</span></p><h3><span><strong>Délka tréninkové jednotky</strong></span></h3><p><span>90 minut</span></p><h3><span><strong>Cena tréninkové jednotky</strong></span></h3><p><span>1&nbsp;lekce 90 min. - 250 Kč. Do konce února zaváděcí sleva 20</span><span>%</span><span>&nbsp;na 200 Kč.&nbsp;<strong>První hodina je pro každého účastníka ZDARMA.</strong><br></span></p><p><span style=\"line-height: 1.42857143;\">Kondiční tréninky budeme vypisovat v našem rezervačním systému, kde se můžete on-line přihlašovat. Rezervační systém naleznete&nbsp;</span><a href=\"http://www.beach-ladvi.rezervuju.cz/training\" style=\"line-height: 1.42857143; background-color: rgb(255, 163, 54);\">zde</a><span style=\"line-height: 1.42857143;\">.</span><br></p>',	'<p><br></p>',	2,	0,	0,	'kondicni-treninky'),
(16,	'Tréninkové beach volejbalové turnaje v Praze',	'<p>Chcete natrénovat na beach volejbalový turnaj bez zbytečného stresu? Máte problém sehnat soupeře na stejné úrovni? Chcete si zahrát beach volejbal s novými protihráči, ale nechcete trávit celý den na turnaji? Pokud jste si zodpověděli alespoň jednou ano, tak právě pro vás jsme připravili tréninkové beachvolejbalové turnaje v Praze na Ládví.</p><h3>Turnaje v plážovém volejbale nanečisto</h3><p>Smyslem těchto turnajů je umožnit dvojicím se sehrát bez zbytečného stresu a bez klasických turnajových prodlev. V průběhu beach volejbalového turnaje nanečisto se nepočítají body ani skóre. Po odehrání setu se automaticky přesunete k dalšímu soupeři a hrajete dál. Nemusíte čekat ani se nervovat kvůli bodům.</p><h3>Páteční beach volejbalové párty v Praze pro mírně pokročilé</h3><p>Páteční beach volejbalové párty v Praze na Ládví jsou rezervované pro ty, kteří se chtějí odreagovat po náročném pracovním týdnu. Úroveň dvojic by se dala hodnotit jako mírně pokročilá, ale soupeře si zde najdou i dvojice pokročilé. Přijít můžete ve dvojice i sami. Garantujeme nepřetržitou hru po dobu 180 minut. Cena je 250 Kč, v případě permanentky 200 Kč.</p><p>Online rezervace<a href=\"http://www.beach-ladvi.rezervuju.cz/training\">&nbsp;zde.</a></p>',	'<p><br></p>',	2,	0,	0,	'treninkove-turnaje-praha'),
(17,	'Beachvolejbalové kempy v Bibione',	'<h3>Bibione - široké pláže, kvalitní služby a nízké ceny</h3><div><p><span>Populární středisko neustále zkvalitňuje své služby a&nbsp;infrastrukturu. Po&nbsp;právu proto patří k&nbsp;nejznámějším a&nbsp;nejoblíbenějším italským letoviskům vůbec, když v&nbsp;jeho prospěch &nbsp;hovoří i i&nbsp;malá vzdálenost z&nbsp;ČR. Bibione je ale také jednoznačným příkladem střediska, kterému předchází výrazně horší pověst, než je realita samotná. Častokrát je dokonce vnímáno jako synonymum nejlevnější masové turistiky začátku 90. let minulého století. Skutečnost dnešních dní je ale diametrálně odlišná. Ano, je pravdou, že lůžková kapacita je zde v&nbsp;řádu desítek tisíc lůžek, ale tomu odpovídá i&nbsp;velikost střediska, a&nbsp;již jen letmý pohled do&nbsp;ceníku naznačuje, že se nedá mluvit ani o&nbsp;letovisku nejlevnějším. I&nbsp;v&nbsp;tomto ohledu to je spíše naopak.</span></p></div><div><p><span>Nesčetné obchody včetně značkových butiků, široký výběr restaurací s&nbsp;typickou italskou i&nbsp;mezinárodní kuchyní, bary, herny, diskotéky, široké sportovní zázemí (namátkou lze jmenovat tenis, volejbal, fotbal, basketbal, lodičky, vodní lyže, windsurfing, vodní šlapadla, kajaky, rybaření, petanque, bowling, golf, minigolf, trampolíny, stolní tenis, jízdu na&nbsp;koni, půjčovny kol, kolečkových bruslí a&nbsp;šlapacích „čtyřkolek“, motokáry, aerobic, atd.), ale především bujarý večerní život s&nbsp;hlavní promenádou měnící se každodenně v&nbsp;korzující lidské mraveniště, to je ten typický obrázek letního Bibione. Nikdo z&nbsp;rekreantů si zpravidla nenechá ujít ani tradiční velké trhy konané každé úterý či návštěvu velkého a&nbsp;hlavně celosezónně otevřeného lunaparku. K&nbsp;návštěvě však láká i rozsáhlý vodní park Aquasplash a&nbsp;dětský pohádkový svět Gulliverlandia v&nbsp;jen 10 km vzdáleném Lignanu. To také již napovídá, že Bibione je ideálním místem pro děti. A&nbsp;je tomu skutečně tak. Vždyť jemný písek a&nbsp;pozvolný vstup do&nbsp;vody uchrání každého před starostmi o&nbsp;své ratolesti přes den a&nbsp;nepřeberné množství hřišť, dětských heren i&nbsp;další zábavy zase nabídne dokonalé rozptýlení na&nbsp;večer. Pláže jsou v&nbsp;Bibione až neskutečně dlouhé a&nbsp;široké.</span></p></div><div><p><span>V Bibione jsou též termální lázně celoročně vyhledávané pro ozdravné pobyty. Nabízejí řadu účinných léčebných kúr, když mezi nejžádanější patří zejména bahenní a&nbsp;vodní terapie či inhalační léčba dýchacích cest. Neopomeňme ale také Bibione jako příkladný prototyp letoviska, které Vás nenechá otálet ve&nbsp;dnech, kdy sluneční paprsky ještě nejsou tak intenzivně teplé či dokonce jsou schovány za&nbsp;nějakým tím mrakem. A&nbsp;to především díky výhodné poloze, která toto středisko doslova předurčuje k&nbsp;zajímavým výletům za&nbsp;poznáním. V&nbsp;pomyslném čele je dozajista nedaleká perla Jadranu - světoznámé Benátky, stejně snadno dostupný je ale i&nbsp;působivý přístav Terst, jehož dějiny jsou tak úzce svázány s&nbsp;těmi našimi, klenoty raného středověku Aquileia a&nbsp;Padova či Shakespearovým Romeem a&nbsp;Julií proslavená Verona. Neméně atraktivní jsou i&nbsp;výlety lodí po&nbsp;lagunách v&nbsp;oblasti mezi Bibione a&nbsp;Caorle nebo o&nbsp;něco delší plavba okolo benátských ostrovů.</span></p></div><p><span style=\"font-family: BenchNine, sans-serif; font-size: 20px; line-height: 26px;\">Ubytování týmu Beachklubu Ládví</span><br></p><h3>Villaggio Michelangelo a San Siro***</h3><h4>Poloha / Pláž</h4><p>Bibione - centrum, pláž - 550 - 600 m</p><h4>Upřesňující popis</h4><p>Rozsáhlý komplex dvoupodlažních řadových vilek s několika bazény (Michelangelo) a sousední menší komplex jednopodlažních a dvoupodlažních řadových vilek s jedním bazénem (San Siro).</p><h4>Vybavenost a služby</h4><p>dětské hřiště (jen Michelangelo), 1 vyhrazené venkovní parkovací stání / apartmán (další parkování v blízkosti)</p><h4>Sport a relaxace</h4><p>několik různě velkých bazénů a dětských bazénků</p><h4>Vybavenost apartmánů</h4><p>zpravidla TV, trezor, u typologií quadrilo a trilo zpravidla též venkovní krb</p><h4>Popis apartmánů</h4><p>mono 4 - 25 m2 - obývací pokoj s kuchyňským koutem a 2 rozkládacími gauči (možno i typ „šuplík“) pro 2 osoby či 1 rozkládacím gaučem (možno i typ „šuplík“) a palandou, sociální zařízení se sprchou, předzahrádka; apartmány jsou výhradně ve Villaggiu San Siro</p><p>bilo 3/4/5 - 35 m2 - 1 ložnice s manželskou postelí a&nbsp;<br>případně 1 samostatným lůžkem, obývací pokoj s kuchyňským koutem a rozkládacím gaučem pro 1 či 2 osoby (možno i typ „šuplík“), sociální zařízení se sprchou, balkon či předzahrádka případně s terasou<br><br>trilo 5/6/7 - 45 až 55 m2 - 1 ložnice s manželskou postelí, 1 ložnice se 2 samostatnými lůžky či 1 samostatným lůžkem a palandou délky 180 cm, obývací pokoj s kuchyňským koutem a rozkládacím gaučem pro 1 či 2 osoby (možno i typ „šuplík“), sociální zařízení se sprchou, balkon či terasa a předzahrádka;&nbsp;<br><br>některé apartmány jsou dvoupodlažní, když ve 2. podlaží jsou obě ložnice a sociální zařízení</p><h4>Důležitá upozornění</h4><p>bazény v rámci jednotlivých ubytovacích kapacit jsou v provozu cca od 15.05. do 15.09.</p><h4>VÝHODY A NEVÝHODY</h4><ul><li>příjemné, velmi oblíbené a v posledních letech i vůbec nejžádanější konkrétní ubytování v Bibione</li><li>dostatek klidu, soukromí i zeleně</li><li>ideální poloha vzhledem k rušnému centru</li><li>nabídka nejžádanějších typologií</li><li>dostatečná kapacita i pro skupinové zájezdy</li><li>u některých apartmánů starší vybavení a zařízení</li></ul>',	'<p><br></p>',	2,	0,	0,	'kempy-v-bibione'),
(18,	'Beach volleyball in Prague',	'<h3>About Beachklub Ládví<br></h3><p>Beachklub Ládví is the biggest beach volleyball centre in Prague. We started in 2008 by building first 6 pitches. We were lucky and got the chance to buy all the sand from the first FIVB World Tour tournament in Prague. Nowadays there are 15 beach volleyball courts open. You would not believe that we have already transported around 3.750 tuns of sand. Naturally all of them from the past a few World Tour tournament in Prague :). It means we are not only the biggest, but we have also the best sand.</p><h3>Book a beach volleybal court<br></h3><p>We have altogether 15 beach volleyball pitches. You can book them online&nbsp;<a href=\"https://jdemenato.cz/reservation/beachklub-ladvi/reservationcalendaroverview\">here.</a></p><h3>Beach volleyball trainings</h3><p>We have several experienced beach volleyball&nbsp;<a href=\"/o-nas\">coaches</a>. Ondřej played the first division in Austria and in Cyprus. Jarda even trained the Austrian U19 national team and played also first division abroad (Portugal, Austria).</p><div><p>We have beach volleyball trainings for all the age categories. Starting with the small children from 3 years and ending by 50+ groups. You can either join the group during the beachcamps or have the private, individual lessons.</p><h3>Beach volleyball tournaments</h3><p>Nearly every weekend we organize beach volleyball tournaments for amateures, kids and sometimes even for the profi players. Check&nbsp;<a href=\"/turnaje\">the tournament list</a>&nbsp;to find out the dates and categories.</p><h3>Beachbar</h3><p></p><p>What would&nbsp;be&nbsp;a beachvolleyball sport club without a beachbar. You can rely on us. We serve nice food (steaks, soups, burgers and some Czech Specials like hermelín or párek v rohlíku). We have draft beer (12´, 10´. light) and all kinds of soft drinks.</p><p><br>Just come and enjoy.</p></div>',	'<p><br></p>',	2,	0,	0,	'beach-volleyball-in-prague');

DROP TABLE IF EXISTS `gallery_pictures`;
CREATE TABLE `gallery_pictures` (
  `id` int(11) NOT NULL AUTO_INCREMENT,
  `name` varchar(255) NOT NULL,
  `path` varchar(255) NOT NULL,
  `size` bigint(20) NOT NULL,
  `album_id` int(11) NOT NULL,
  `main_id` int(11) DEFAULT NULL,
  `caption` varchar(255) DEFAULT NULL,
  `style` varchar(255) NOT NULL DEFAULT 'full',
  `order` int(11) NOT NULL DEFAULT '9999999',
  `created` datetime NOT NULL,
  `modified` datetime NOT NULL,
  PRIMARY KEY (`id`),
  KEY `folder_id` (`album_id`),
  KEY `main_id` (`main_id`)
) ENGINE=InnoDB DEFAULT CHARSET=latin1;

INSERT INTO `gallery_pictures` (`id`, `name`, `path`, `size`, `album_id`, `main_id`, `caption`, `style`, `order`, `created`, `modified`) VALUES
(1,	'slide_1.jpg',	'd19a51af872f77c33b09981695eb1ac9.jpg',	399949,	1,	NULL,	NULL,	'full',	9999999,	'2015-07-27 11:28:45',	'2015-07-27 11:28:45'),
(2,	'medium-slide_1.jpg',	'medium-d19a51af872f77c33b09981695eb1ac9.jpg',	24242,	1,	1,	NULL,	'medium',	9999999,	'2015-07-27 11:28:45',	'2015-07-27 11:28:45'),
(3,	'slide-slide_1.jpg',	'slide-d19a51af872f77c33b09981695eb1ac9.jpg',	191779,	1,	1,	NULL,	'slide',	9999999,	'2015-07-27 11:28:46',	'2015-07-27 11:28:46'),
(4,	'tile-slide_1.jpg',	'tile-d19a51af872f77c33b09981695eb1ac9.jpg',	24128,	1,	1,	NULL,	'tile',	9999999,	'2015-07-27 11:28:46',	'2015-07-27 11:28:46'),
(5,	'slide_2.jpg',	'416ba09342b835f1eb9fa7ba8ddcb008.jpg',	263586,	1,	NULL,	NULL,	'full',	9999999,	'2015-07-27 11:28:57',	'2015-07-27 11:28:57'),
(6,	'medium-slide_2.jpg',	'medium-416ba09342b835f1eb9fa7ba8ddcb008.jpg',	19450,	1,	5,	NULL,	'medium',	9999999,	'2015-07-27 11:28:58',	'2015-07-27 11:28:58'),
(7,	'slide-slide_2.jpg',	'slide-416ba09342b835f1eb9fa7ba8ddcb008.jpg',	126521,	1,	5,	NULL,	'slide',	9999999,	'2015-07-27 11:28:58',	'2015-07-27 11:28:58'),
(8,	'tile-slide_2.jpg',	'tile-416ba09342b835f1eb9fa7ba8ddcb008.jpg',	19493,	1,	5,	NULL,	'tile',	9999999,	'2015-07-27 11:28:59',	'2015-07-27 11:28:59'),
(9,	'slide_3.jpg',	'9d315015e9665ffcb9fadd72a2610b54.jpg',	248765,	1,	NULL,	NULL,	'full',	9999999,	'2015-07-27 11:29:10',	'2015-07-27 11:29:10'),
(10,	'medium-slide_3.jpg',	'medium-9d315015e9665ffcb9fadd72a2610b54.jpg',	13033,	1,	9,	NULL,	'medium',	9999999,	'2015-07-27 11:29:10',	'2015-07-27 11:29:10'),
(11,	'slide-slide_3.jpg',	'slide-9d315015e9665ffcb9fadd72a2610b54.jpg',	108681,	1,	9,	NULL,	'slide',	9999999,	'2015-07-27 11:29:10',	'2015-07-27 11:29:10'),
(12,	'tile-slide_3.jpg',	'tile-9d315015e9665ffcb9fadd72a2610b54.jpg',	15363,	1,	9,	NULL,	'tile',	9999999,	'2015-07-27 11:29:10',	'2015-07-27 11:29:10'),
(13,	'slide_4.jpg',	'e1411f4c7558aa8f0a2a086f2278bf3c.jpg',	435048,	1,	NULL,	NULL,	'full',	9999999,	'2015-07-27 11:29:25',	'2015-07-27 11:29:25'),
(14,	'medium-slide_4.jpg',	'medium-e1411f4c7558aa8f0a2a086f2278bf3c.jpg',	22521,	1,	13,	NULL,	'medium',	9999999,	'2015-07-27 11:29:25',	'2015-07-27 11:29:25'),
(15,	'slide-slide_4.jpg',	'slide-e1411f4c7558aa8f0a2a086f2278bf3c.jpg',	197618,	1,	13,	NULL,	'slide',	9999999,	'2015-07-27 11:29:25',	'2015-07-27 11:29:25'),
(16,	'tile-slide_4.jpg',	'tile-e1411f4c7558aa8f0a2a086f2278bf3c.jpg',	27268,	1,	13,	NULL,	'tile',	9999999,	'2015-07-27 11:29:26',	'2015-07-27 11:29:26'),
(17,	'slide_5.jpg',	'945ec634fbd4eb4da985e02c4aa3acc8.jpg',	510597,	1,	NULL,	NULL,	'full',	9999999,	'2015-07-27 11:29:36',	'2015-07-27 11:29:36'),
(18,	'medium-slide_5.jpg',	'medium-945ec634fbd4eb4da985e02c4aa3acc8.jpg',	27183,	1,	17,	NULL,	'medium',	9999999,	'2015-07-27 11:29:36',	'2015-07-27 11:29:36'),
(19,	'slide-slide_5.jpg',	'slide-945ec634fbd4eb4da985e02c4aa3acc8.jpg',	236408,	1,	17,	NULL,	'slide',	9999999,	'2015-07-27 11:29:37',	'2015-07-27 11:29:37'),
(20,	'tile-slide_5.jpg',	'tile-945ec634fbd4eb4da985e02c4aa3acc8.jpg',	29248,	1,	17,	NULL,	'tile',	9999999,	'2015-07-27 11:29:37',	'2015-07-27 11:29:37'),
(21,	'tile_1.jpg',	'8e08db0a41db078b75f8a42148378b47.jpg',	411491,	2,	NULL,	NULL,	'full',	9999999,	'2015-07-27 11:30:02',	'2015-07-27 11:30:02'),
(22,	'medium-tile_1.jpg',	'medium-8e08db0a41db078b75f8a42148378b47.jpg',	18161,	2,	21,	NULL,	'medium',	9999999,	'2015-07-27 11:30:02',	'2015-07-27 11:30:02'),
(23,	'slide-tile_1.jpg',	'slide-8e08db0a41db078b75f8a42148378b47.jpg',	100857,	2,	21,	NULL,	'slide',	9999999,	'2015-07-27 11:30:02',	'2015-07-27 11:30:02'),
(24,	'tile-tile_1.jpg',	'tile-8e08db0a41db078b75f8a42148378b47.jpg',	19891,	2,	21,	NULL,	'tile',	9999999,	'2015-07-27 11:30:02',	'2015-07-27 11:30:02'),
(25,	'tile_6.jpg',	'd1fe8a0ad90035e9d40b6ecba98ec467.jpg',	288404,	2,	NULL,	NULL,	'full',	9999999,	'2015-07-27 11:30:23',	'2015-07-27 11:30:23'),
(26,	'medium-tile_6.jpg',	'medium-d1fe8a0ad90035e9d40b6ecba98ec467.jpg',	13661,	2,	25,	NULL,	'medium',	9999999,	'2015-07-27 11:30:23',	'2015-07-27 11:30:23'),
(27,	'slide-tile_6.jpg',	'slide-d1fe8a0ad90035e9d40b6ecba98ec467.jpg',	69874,	2,	25,	NULL,	'slide',	9999999,	'2015-07-27 11:30:23',	'2015-07-27 11:30:23'),
(28,	'tile-tile_6.jpg',	'tile-d1fe8a0ad90035e9d40b6ecba98ec467.jpg',	14017,	2,	25,	NULL,	'tile',	9999999,	'2015-07-27 11:30:24',	'2015-07-27 11:30:24'),
(29,	'tile_4.png',	'64938563001ec5b4fcd709f50c246850.jpg',	68231,	2,	NULL,	NULL,	'full',	9999999,	'2015-07-27 11:30:40',	'2015-07-27 11:30:40'),
(30,	'medium-tile_4.png',	'medium-64938563001ec5b4fcd709f50c246850.jpg',	4174,	2,	29,	NULL,	'medium',	9999999,	'2015-07-27 11:30:40',	'2015-07-27 11:30:40'),
(31,	'slide-tile_4.png',	'slide-64938563001ec5b4fcd709f50c246850.jpg',	15882,	2,	29,	NULL,	'slide',	9999999,	'2015-07-27 11:30:41',	'2015-07-27 11:30:41'),
(32,	'tile-tile_4.png',	'tile-64938563001ec5b4fcd709f50c246850.jpg',	3884,	2,	29,	NULL,	'tile',	9999999,	'2015-07-27 11:30:41',	'2015-07-27 11:30:41'),
(33,	'tile_3.jpg',	'd063eb081bde3c2b1b558fafefea15de.jpg',	186143,	2,	NULL,	NULL,	'full',	9999999,	'2015-07-27 11:30:57',	'2015-07-27 11:30:57'),
(34,	'medium-tile_3.jpg',	'medium-d063eb081bde3c2b1b558fafefea15de.jpg',	9635,	2,	33,	NULL,	'medium',	9999999,	'2015-07-27 11:30:57',	'2015-07-27 11:30:57'),
(35,	'slide-tile_3.jpg',	'slide-d063eb081bde3c2b1b558fafefea15de.jpg',	44573,	2,	33,	NULL,	'slide',	9999999,	'2015-07-27 11:30:57',	'2015-07-27 11:30:57'),
(36,	'tile-tile_3.jpg',	'tile-d063eb081bde3c2b1b558fafefea15de.jpg',	9545,	2,	33,	NULL,	'tile',	9999999,	'2015-07-27 11:30:58',	'2015-07-27 11:30:58'),
(37,	'slide1.jpg',	'78d76d0056e71d7b032555189d88f142.jpg',	438160,	2,	NULL,	NULL,	'full',	9999999,	'2015-07-27 11:31:25',	'2015-07-27 11:31:25'),
(38,	'medium-slide1.jpg',	'medium-78d76d0056e71d7b032555189d88f142.jpg',	8703,	2,	37,	NULL,	'medium',	9999999,	'2015-07-27 11:31:25',	'2015-07-27 11:31:25'),
(39,	'slide-slide1.jpg',	'slide-78d76d0056e71d7b032555189d88f142.jpg',	87586,	2,	37,	NULL,	'slide',	9999999,	'2015-07-27 11:31:25',	'2015-07-27 11:31:25'),
(40,	'tile-slide1.jpg',	'tile-78d76d0056e71d7b032555189d88f142.jpg',	11139,	2,	37,	NULL,	'tile',	9999999,	'2015-07-27 11:31:25',	'2015-07-27 11:31:25'),
(41,	'slide4.jpg',	'8816964471f2c638853b55e1b62b04f7.jpg',	583034,	2,	NULL,	NULL,	'full',	9999999,	'2015-07-27 11:31:39',	'2015-07-27 11:31:39'),
(42,	'medium-slide4.jpg',	'medium-8816964471f2c638853b55e1b62b04f7.jpg',	16075,	2,	41,	NULL,	'medium',	9999999,	'2015-07-27 11:31:39',	'2015-07-27 11:31:39'),
(43,	'slide-slide4.jpg',	'slide-8816964471f2c638853b55e1b62b04f7.jpg',	111964,	2,	41,	NULL,	'slide',	9999999,	'2015-07-27 11:31:39',	'2015-07-27 11:31:39'),
(44,	'tile-slide4.jpg',	'tile-8816964471f2c638853b55e1b62b04f7.jpg',	15414,	2,	41,	NULL,	'tile',	9999999,	'2015-07-27 11:31:39',	'2015-07-27 11:31:39'),
(45,	'tile_5.jpg',	'7258a3f60958230503c2ba608b4f6ce2.jpg',	267979,	2,	NULL,	NULL,	'full',	9999999,	'2015-07-27 11:32:00',	'2015-07-27 11:32:00'),
(46,	'medium-tile_5.jpg',	'medium-7258a3f60958230503c2ba608b4f6ce2.jpg',	13511,	2,	45,	NULL,	'medium',	9999999,	'2015-07-27 11:32:00',	'2015-07-27 11:32:00'),
(47,	'slide-tile_5.jpg',	'slide-7258a3f60958230503c2ba608b4f6ce2.jpg',	67897,	2,	45,	NULL,	'slide',	9999999,	'2015-07-27 11:32:00',	'2015-07-27 11:32:00'),
(48,	'tile-tile_5.jpg',	'tile-7258a3f60958230503c2ba608b4f6ce2.jpg',	14664,	2,	45,	NULL,	'tile',	9999999,	'2015-07-27 11:32:00',	'2015-07-27 11:32:00'),
(49,	'tile_2.jpg',	'f77631627db11919924ab2c85db01d38.jpg',	293231,	2,	NULL,	NULL,	'full',	9999999,	'2015-07-27 11:32:17',	'2015-07-27 11:32:17'),
(50,	'medium-tile_2.jpg',	'medium-f77631627db11919924ab2c85db01d38.jpg',	11268,	2,	49,	NULL,	'medium',	9999999,	'2015-07-27 11:32:17',	'2015-07-27 11:32:17'),
(51,	'slide-tile_2.jpg',	'slide-f77631627db11919924ab2c85db01d38.jpg',	69481,	2,	49,	NULL,	'slide',	9999999,	'2015-07-27 11:32:17',	'2015-07-27 11:32:17'),
(52,	'tile-tile_2.jpg',	'tile-f77631627db11919924ab2c85db01d38.jpg',	13241,	2,	49,	NULL,	'tile',	9999999,	'2015-07-27 11:32:18',	'2015-07-27 11:32:18'),
(53,	'slide3.jpg',	'27932e5b110f50a47b33068383f24314.jpg',	289474,	2,	NULL,	NULL,	'full',	9999999,	'2015-07-27 11:32:50',	'2015-07-27 11:32:50'),
(54,	'medium-slide3.jpg',	'medium-27932e5b110f50a47b33068383f24314.jpg',	11750,	2,	53,	NULL,	'medium',	9999999,	'2015-07-27 11:32:50',	'2015-07-27 11:32:50'),
(55,	'slide-slide3.jpg',	'slide-27932e5b110f50a47b33068383f24314.jpg',	58396,	2,	53,	NULL,	'slide',	9999999,	'2015-07-27 11:32:50',	'2015-07-27 11:32:50'),
(56,	'tile-slide3.jpg',	'tile-27932e5b110f50a47b33068383f24314.jpg',	11882,	2,	53,	NULL,	'tile',	9999999,	'2015-07-27 11:32:50',	'2015-07-27 11:32:50'),
(57,	'ondramichalek.jpg',	'86d61bc5dfaa4fe0e1eacdd80bbdd6f5.jpg',	173865,	4,	NULL,	NULL,	'full',	9999999,	'2015-08-13 10:32:17',	'2015-08-13 10:32:17'),
(58,	'medium-ondramichalek.jpg',	'medium-86d61bc5dfaa4fe0e1eacdd80bbdd6f5.jpg',	11053,	4,	57,	NULL,	'medium',	9999999,	'2015-08-13 10:32:17',	'2015-08-13 10:32:17'),
(59,	'slide-ondramichalek.jpg',	'slide-86d61bc5dfaa4fe0e1eacdd80bbdd6f5.jpg',	77236,	4,	57,	NULL,	'slide',	9999999,	'2015-08-13 10:32:17',	'2015-08-13 10:32:17'),
(60,	'tile-ondramichalek.jpg',	'tile-86d61bc5dfaa4fe0e1eacdd80bbdd6f5.jpg',	9721,	4,	57,	NULL,	'tile',	9999999,	'2015-08-13 10:32:17',	'2015-08-13 10:32:17'),
(61,	'hostel-praha-ladvi.png',	'e618d56e59d95ed4e9e801fc8ef5b0c6.jpg',	79419,	5,	NULL,	NULL,	'full',	1,	'2015-08-14 10:07:00',	'2015-08-14 10:07:00'),
(62,	'medium-hostel-praha-ladvi.png',	'medium-e618d56e59d95ed4e9e801fc8ef5b0c6.jpg',	10298,	5,	61,	NULL,	'medium',	9999999,	'2015-08-14 10:07:01',	'2015-08-14 10:07:01'),
(63,	'slide-hostel-praha-ladvi.png',	'slide-e618d56e59d95ed4e9e801fc8ef5b0c6.jpg',	67322,	5,	61,	NULL,	'slide',	9999999,	'2015-08-14 10:07:01',	'2015-08-14 10:07:01'),
(64,	'tile-hostel-praha-ladvi.png',	'tile-e618d56e59d95ed4e9e801fc8ef5b0c6.jpg',	8812,	5,	61,	NULL,	'tile',	9999999,	'2015-08-14 10:07:01',	'2015-08-14 10:07:01'),
(65,	'docs-hostel-praha-ladvi.png',	'docs-e618d56e59d95ed4e9e801fc8ef5b0c6.jpg',	34682,	5,	61,	NULL,	'docs',	9999999,	'2015-08-14 10:07:01',	'2015-08-14 10:07:01'),
(66,	'wilson-logo.gif',	'a14a4b25b78a9a9fc3336af5afd25388.gif',	107639,	5,	NULL,	NULL,	'full',	2,	'2015-08-14 10:16:19',	'2015-08-14 10:16:19'),
(67,	'medium-wilson-logo.gif',	'medium-a14a4b25b78a9a9fc3336af5afd25388.gif',	4104,	5,	66,	NULL,	'medium',	9999999,	'2015-08-14 10:16:19',	'2015-08-14 10:16:19'),
(68,	'slide-wilson-logo.gif',	'slide-a14a4b25b78a9a9fc3336af5afd25388.gif',	72655,	5,	66,	NULL,	'slide',	9999999,	'2015-08-14 10:16:20',	'2015-08-14 10:16:20'),
(69,	'tile-wilson-logo.gif',	'tile-a14a4b25b78a9a9fc3336af5afd25388.gif',	7501,	5,	66,	NULL,	'tile',	9999999,	'2015-08-14 10:16:20',	'2015-08-14 10:16:20'),
(70,	'docs-wilson-logo.gif',	'docs-a14a4b25b78a9a9fc3336af5afd25388.gif',	42624,	5,	66,	NULL,	'docs',	9999999,	'2015-08-14 10:16:20',	'2015-08-14 10:16:20'),
(71,	'sutka-aquacentrum-logo.jpg',	'ffbcd46176344c2a5dbad64e90ed7f3d.jpg',	116633,	5,	NULL,	NULL,	'full',	3,	'2015-08-14 10:21:40',	'2015-08-14 10:21:40'),
(72,	'medium-sutka-aquacentrum-logo.jpg',	'medium-ffbcd46176344c2a5dbad64e90ed7f3d.jpg',	13135,	5,	71,	NULL,	'medium',	9999999,	'2015-08-14 10:21:40',	'2015-08-14 10:21:40'),
(73,	'slide-sutka-aquacentrum-logo.jpg',	'slide-ffbcd46176344c2a5dbad64e90ed7f3d.jpg',	104723,	5,	71,	NULL,	'slide',	9999999,	'2015-08-14 10:21:40',	'2015-08-14 10:21:40'),
(74,	'tile-sutka-aquacentrum-logo.jpg',	'tile-ffbcd46176344c2a5dbad64e90ed7f3d.jpg',	12626,	5,	71,	NULL,	'tile',	9999999,	'2015-08-14 10:21:40',	'2015-08-14 10:21:40'),
(75,	'docs-sutka-aquacentrum-logo.jpg',	'docs-ffbcd46176344c2a5dbad64e90ed7f3d.jpg',	49377,	5,	71,	NULL,	'docs',	9999999,	'2015-08-14 10:21:40',	'2015-08-14 10:21:40'),
(76,	'neumann-stresni-nosice-a-boxy-logo.png',	'f16b48dd1975dd3d9f4d2d3dc59299ee.jpg',	206807,	5,	NULL,	NULL,	'full',	4,	'2015-08-14 11:24:39',	'2015-08-14 11:24:39'),
(77,	'medium-neumann-stresni-nosice-a-boxy-logo.png',	'medium-f16b48dd1975dd3d9f4d2d3dc59299ee.jpg',	7194,	5,	76,	NULL,	'medium',	9999999,	'2015-08-14 11:24:39',	'2015-08-14 11:24:39'),
(78,	'slide-neumann-stresni-nosice-a-boxy-logo.png',	'slide-f16b48dd1975dd3d9f4d2d3dc59299ee.jpg',	23382,	5,	76,	NULL,	'slide',	9999999,	'2015-08-14 11:24:39',	'2015-08-14 11:24:39'),
(79,	'tile-neumann-stresni-nosice-a-boxy-logo.png',	'tile-f16b48dd1975dd3d9f4d2d3dc59299ee.jpg',	7618,	5,	76,	NULL,	'tile',	9999999,	'2015-08-14 11:24:40',	'2015-08-14 11:24:40'),
(80,	'docs-neumann-stresni-nosice-a-boxy-logo.png',	'docs-f16b48dd1975dd3d9f4d2d3dc59299ee.jpg',	11995,	5,	76,	NULL,	'docs',	9999999,	'2015-08-14 11:24:40',	'2015-08-14 11:24:40'),
(81,	'ferdinand-logo.jpg',	'2b08c808178d71cc4ad1e6842f9a9dcb.jpg',	298813,	5,	NULL,	NULL,	'full',	6,	'2015-08-14 11:45:06',	'2015-08-14 11:45:06'),
(82,	'medium-ferdinand-logo.jpg',	'medium-2b08c808178d71cc4ad1e6842f9a9dcb.jpg',	16600,	5,	81,	NULL,	'medium',	9999999,	'2015-08-14 11:45:06',	'2015-08-14 11:45:06'),
(83,	'slide-ferdinand-logo.jpg',	'slide-2b08c808178d71cc4ad1e6842f9a9dcb.jpg',	120893,	5,	81,	NULL,	'slide',	9999999,	'2015-08-14 11:45:06',	'2015-08-14 11:45:06'),
(84,	'tile-ferdinand-logo.jpg',	'tile-2b08c808178d71cc4ad1e6842f9a9dcb.jpg',	19437,	5,	81,	NULL,	'tile',	9999999,	'2015-08-14 11:45:06',	'2015-08-14 11:45:06'),
(85,	'docs-ferdinand-logo.jpg',	'docs-2b08c808178d71cc4ad1e6842f9a9dcb.jpg',	56225,	5,	81,	NULL,	'docs',	9999999,	'2015-08-14 11:45:06',	'2015-08-14 11:45:06'),
(86,	'monstera-international-logo.png',	'4cc496227f88b5e8beb25464eda16153.jpg',	231349,	5,	NULL,	NULL,	'full',	7,	'2015-08-14 11:48:56',	'2015-08-14 11:48:56'),
(87,	'medium-monstera-international-logo.png',	'medium-4cc496227f88b5e8beb25464eda16153.jpg',	9564,	5,	86,	NULL,	'medium',	9999999,	'2015-08-14 11:48:56',	'2015-08-14 11:48:56'),
(88,	'slide-monstera-international-logo.png',	'slide-4cc496227f88b5e8beb25464eda16153.jpg',	31846,	5,	86,	NULL,	'slide',	9999999,	'2015-08-14 11:48:56',	'2015-08-14 11:48:56'),
(89,	'tile-monstera-international-logo.png',	'tile-4cc496227f88b5e8beb25464eda16153.jpg',	10909,	5,	86,	NULL,	'tile',	9999999,	'2015-08-14 11:48:57',	'2015-08-14 11:48:57'),
(90,	'docs-monstera-international-logo.png',	'docs-4cc496227f88b5e8beb25464eda16153.jpg',	16391,	5,	86,	NULL,	'docs',	9999999,	'2015-08-14 11:48:57',	'2015-08-14 11:48:57'),
(91,	'praha-logo.gif',	'b2e460a9515cebd2162e8221f6952a8d.gif',	110273,	5,	NULL,	NULL,	'full',	8,	'2015-08-14 11:52:52',	'2015-08-14 11:52:52'),
(92,	'medium-praha-logo.gif',	'medium-b2e460a9515cebd2162e8221f6952a8d.gif',	7957,	5,	91,	NULL,	'medium',	9999999,	'2015-08-14 11:52:52',	'2015-08-14 11:52:52'),
(93,	'slide-praha-logo.gif',	'slide-b2e460a9515cebd2162e8221f6952a8d.gif',	94311,	5,	91,	NULL,	'slide',	9999999,	'2015-08-14 11:52:52',	'2015-08-14 11:52:52'),
(94,	'tile-praha-logo.gif',	'tile-b2e460a9515cebd2162e8221f6952a8d.gif',	7726,	5,	91,	NULL,	'tile',	9999999,	'2015-08-14 11:52:52',	'2015-08-14 11:52:52'),
(95,	'docs-praha-logo.gif',	'docs-b2e460a9515cebd2162e8221f6952a8d.gif',	39399,	5,	91,	NULL,	'docs',	9999999,	'2015-08-14 11:52:52',	'2015-08-14 11:52:52'),
(97,	'medium-mcp8-logo.png',	'medium-f050d2f479f674d2a14b50fe4774be2f.jpg',	10619,	5,	96,	NULL,	'medium',	9999999,	'2015-08-14 11:54:55',	'2015-08-14 11:54:55'),
(98,	'slide-mcp8-logo.png',	'slide-f050d2f479f674d2a14b50fe4774be2f.jpg',	43381,	5,	96,	NULL,	'slide',	9999999,	'2015-08-14 11:54:55',	'2015-08-14 11:54:55'),
(99,	'tile-mcp8-logo.png',	'tile-f050d2f479f674d2a14b50fe4774be2f.jpg',	10474,	5,	96,	NULL,	'tile',	9999999,	'2015-08-14 11:54:55',	'2015-08-14 11:54:55'),
(100,	'docs-mcp8-logo.png',	'docs-f050d2f479f674d2a14b50fe4774be2f.jpg',	21684,	5,	96,	NULL,	'docs',	9999999,	'2015-08-14 11:54:55',	'2015-08-14 11:54:55'),
(101,	'mcp8-logo.png',	'642d171adb216de849cf6bff77c7800e.jpg',	155787,	5,	NULL,	NULL,	'full',	9,	'2015-08-14 11:56:54',	'2015-08-14 11:56:54'),
(102,	'medium-mcp8-logo.png',	'medium-642d171adb216de849cf6bff77c7800e.jpg',	18617,	5,	101,	NULL,	'medium',	9999999,	'2015-08-14 11:56:54',	'2015-08-14 11:56:54'),
(103,	'slide-mcp8-logo.png',	'slide-642d171adb216de849cf6bff77c7800e.jpg',	173170,	5,	101,	NULL,	'slide',	9999999,	'2015-08-14 11:56:55',	'2015-08-14 11:56:55'),
(104,	'tile-mcp8-logo.png',	'tile-642d171adb216de849cf6bff77c7800e.jpg',	18001,	5,	101,	NULL,	'tile',	9999999,	'2015-08-14 11:56:55',	'2015-08-14 11:56:55'),
(105,	'docs-mcp8-logo.png',	'docs-642d171adb216de849cf6bff77c7800e.jpg',	89092,	5,	101,	NULL,	'docs',	9999999,	'2015-08-14 11:56:55',	'2015-08-14 11:56:55'),
(106,	'kiki.jpg',	'4e3b7b637c22bc5b46a958ebf61869c7.jpg',	196665,	3,	NULL,	NULL,	'full',	9999999,	'2015-08-17 10:45:19',	'2015-08-17 10:45:19'),
(107,	'medium-kiki.jpg',	'medium-4e3b7b637c22bc5b46a958ebf61869c7.jpg',	11769,	3,	106,	NULL,	'medium',	9999999,	'2015-08-17 10:45:19',	'2015-08-17 10:45:19'),
(108,	'slide-kiki.jpg',	'slide-4e3b7b637c22bc5b46a958ebf61869c7.jpg',	81469,	3,	106,	NULL,	'slide',	9999999,	'2015-08-17 10:45:19',	'2015-08-17 10:45:19'),
(109,	'tile-kiki.jpg',	'tile-4e3b7b637c22bc5b46a958ebf61869c7.jpg',	12275,	3,	106,	NULL,	'tile',	9999999,	'2015-08-17 10:45:19',	'2015-08-17 10:45:19'),
(110,	'docs-kiki.jpg',	'docs-4e3b7b637c22bc5b46a958ebf61869c7.jpg',	38925,	3,	106,	NULL,	'docs',	9999999,	'2015-08-17 10:45:19',	'2015-08-17 10:45:19'),
(111,	'plakat_supercup15.jpg',	'0feaa0f9d07d7538435e9f146cbb2d48.jpg',	231623,	3,	NULL,	NULL,	'full',	9999999,	'2015-08-17 10:45:37',	'2015-08-17 10:45:37'),
(112,	'medium-plakat_supercup15.jpg',	'medium-0feaa0f9d07d7538435e9f146cbb2d48.jpg',	24281,	3,	111,	NULL,	'medium',	9999999,	'2015-08-17 10:45:37',	'2015-08-17 10:45:37'),
(113,	'slide-plakat_supercup15.jpg',	'slide-0feaa0f9d07d7538435e9f146cbb2d48.jpg',	340467,	3,	111,	NULL,	'slide',	9999999,	'2015-08-17 10:45:37',	'2015-08-17 10:45:37'),
(114,	'tile-plakat_supercup15.jpg',	'tile-0feaa0f9d07d7538435e9f146cbb2d48.jpg',	23146,	3,	111,	NULL,	'tile',	9999999,	'2015-08-17 10:45:37',	'2015-08-17 10:45:37'),
(115,	'docs-plakat_supercup15.jpg',	'docs-0feaa0f9d07d7538435e9f146cbb2d48.jpg',	159003,	3,	111,	NULL,	'docs',	9999999,	'2015-08-17 10:45:37',	'2015-08-17 10:45:37'),
(116,	'plakat_supercup15.jpg',	'b8afe89df2f50a41071837da57b0b5d4.jpg',	231623,	3,	NULL,	NULL,	'full',	9999999,	'2015-08-17 10:46:17',	'2015-08-17 10:46:17'),
(117,	'medium-plakat_supercup15.jpg',	'medium-b8afe89df2f50a41071837da57b0b5d4.jpg',	24281,	3,	116,	NULL,	'medium',	9999999,	'2015-08-17 10:46:17',	'2015-08-17 10:46:17'),
(118,	'slide-plakat_supercup15.jpg',	'slide-b8afe89df2f50a41071837da57b0b5d4.jpg',	340467,	3,	116,	NULL,	'slide',	9999999,	'2015-08-17 10:46:17',	'2015-08-17 10:46:17'),
(119,	'tile-plakat_supercup15.jpg',	'tile-b8afe89df2f50a41071837da57b0b5d4.jpg',	23146,	3,	116,	NULL,	'tile',	9999999,	'2015-08-17 10:46:17',	'2015-08-17 10:46:17'),
(120,	'docs-plakat_supercup15.jpg',	'docs-b8afe89df2f50a41071837da57b0b5d4.jpg',	159003,	3,	116,	NULL,	'docs',	9999999,	'2015-08-17 10:46:17',	'2015-08-17 10:46:17'),
(121,	'plakat_supercup15.jpg',	'4605e06484fadd2af769d75c338d96ee.jpg',	231623,	3,	NULL,	NULL,	'full',	9999999,	'2015-08-17 10:46:51',	'2015-08-17 10:46:51'),
(122,	'medium-plakat_supercup15.jpg',	'medium-4605e06484fadd2af769d75c338d96ee.jpg',	24281,	3,	121,	NULL,	'medium',	9999999,	'2015-08-17 10:46:51',	'2015-08-17 10:46:51'),
(123,	'slide-plakat_supercup15.jpg',	'slide-4605e06484fadd2af769d75c338d96ee.jpg',	340467,	3,	121,	NULL,	'slide',	9999999,	'2015-08-17 10:46:51',	'2015-08-17 10:46:51'),
(124,	'tile-plakat_supercup15.jpg',	'tile-4605e06484fadd2af769d75c338d96ee.jpg',	23146,	3,	121,	NULL,	'tile',	9999999,	'2015-08-17 10:46:51',	'2015-08-17 10:46:51'),
(125,	'docs-plakat_supercup15.jpg',	'docs-4605e06484fadd2af769d75c338d96ee.jpg',	159003,	3,	121,	NULL,	'docs',	9999999,	'2015-08-17 10:46:51',	'2015-08-17 10:46:51'),
(126,	'oakley_ellipse_logotype_wht.jpg',	'c51459b6c72f221063d212befd762ef8.jpg',	126513,	3,	NULL,	NULL,	'full',	9999999,	'2015-08-24 10:08:21',	'2015-08-24 10:08:21'),
(127,	'medium-oakley_ellipse_logotype_wht.jpg',	'medium-c51459b6c72f221063d212befd762ef8.jpg',	9488,	3,	126,	NULL,	'medium',	9999999,	'2015-08-24 10:08:21',	'2015-08-24 10:08:21'),
(128,	'slide-oakley_ellipse_logotype_wht.jpg',	'slide-c51459b6c72f221063d212befd762ef8.jpg',	30687,	3,	126,	NULL,	'slide',	9999999,	'2015-08-24 10:08:21',	'2015-08-24 10:08:21'),
(129,	'tile-oakley_ellipse_logotype_wht.jpg',	'tile-c51459b6c72f221063d212befd762ef8.jpg',	9330,	3,	126,	NULL,	'tile',	9999999,	'2015-08-24 10:08:21',	'2015-08-24 10:08:21'),
(130,	'docs-oakley_ellipse_logotype_wht.jpg',	'docs-c51459b6c72f221063d212befd762ef8.jpg',	16141,	3,	126,	NULL,	'docs',	9999999,	'2015-08-24 10:08:22',	'2015-08-24 10:08:22'),
(131,	'oakley_ellipse_logotype_wht.jpg',	'33f43bb7d339f16365abeaa44d7311f0.jpg',	126513,	3,	NULL,	NULL,	'full',	9999999,	'2015-08-24 10:21:14',	'2015-08-24 10:21:14'),
(132,	'medium-oakley_ellipse_logotype_wht.jpg',	'medium-33f43bb7d339f16365abeaa44d7311f0.jpg',	9488,	3,	131,	NULL,	'medium',	9999999,	'2015-08-24 10:21:14',	'2015-08-24 10:21:14'),
(133,	'slide-oakley_ellipse_logotype_wht.jpg',	'slide-33f43bb7d339f16365abeaa44d7311f0.jpg',	30687,	3,	131,	NULL,	'slide',	9999999,	'2015-08-24 10:21:15',	'2015-08-24 10:21:15'),
(134,	'tile-oakley_ellipse_logotype_wht.jpg',	'tile-33f43bb7d339f16365abeaa44d7311f0.jpg',	9330,	3,	131,	NULL,	'tile',	9999999,	'2015-08-24 10:21:15',	'2015-08-24 10:21:15'),
(135,	'docs-oakley_ellipse_logotype_wht.jpg',	'docs-33f43bb7d339f16365abeaa44d7311f0.jpg',	16141,	3,	131,	NULL,	'docs',	9999999,	'2015-08-24 10:21:16',	'2015-08-24 10:21:16'),
(136,	'logo_karlin.jpg',	'252518b15ed11194507d89a528895c11.jpg',	315407,	3,	NULL,	NULL,	'full',	9999999,	'2015-08-24 10:21:18',	'2015-08-24 10:21:18'),
(137,	'medium-logo_karlin.jpg',	'medium-252518b15ed11194507d89a528895c11.jpg',	10358,	3,	136,	NULL,	'medium',	9999999,	'2015-08-24 10:21:19',	'2015-08-24 10:21:19'),
(138,	'slide-logo_karlin.jpg',	'slide-252518b15ed11194507d89a528895c11.jpg',	30215,	3,	136,	NULL,	'slide',	9999999,	'2015-08-24 10:21:19',	'2015-08-24 10:21:19'),
(139,	'tile-logo_karlin.jpg',	'tile-252518b15ed11194507d89a528895c11.jpg',	13728,	3,	136,	NULL,	'tile',	9999999,	'2015-08-24 10:21:20',	'2015-08-24 10:21:20'),
(140,	'docs-logo_karlin.jpg',	'docs-252518b15ed11194507d89a528895c11.jpg',	15821,	3,	136,	NULL,	'docs',	9999999,	'2015-08-24 10:21:20',	'2015-08-24 10:21:20'),
(141,	'iven0091_michelan_01.jpg',	'56957af8ac1c8e62af3f101816be2ec6.jpg',	418824,	3,	NULL,	NULL,	'full',	9999999,	'2015-08-24 10:27:15',	'2015-08-24 10:27:15'),
(142,	'medium-iven0091_michelan_01.jpg',	'medium-56957af8ac1c8e62af3f101816be2ec6.jpg',	23062,	3,	141,	NULL,	'medium',	9999999,	'2015-08-24 10:27:15',	'2015-08-24 10:27:15'),
(143,	'slide-iven0091_michelan_01.jpg',	'slide-56957af8ac1c8e62af3f101816be2ec6.jpg',	219965,	3,	141,	NULL,	'slide',	9999999,	'2015-08-24 10:27:15',	'2015-08-24 10:27:15'),
(144,	'tile-iven0091_michelan_01.jpg',	'tile-56957af8ac1c8e62af3f101816be2ec6.jpg',	28532,	3,	141,	NULL,	'tile',	9999999,	'2015-08-24 10:27:15',	'2015-08-24 10:27:15'),
(145,	'docs-iven0091_michelan_01.jpg',	'docs-56957af8ac1c8e62af3f101816be2ec6.jpg',	100731,	3,	141,	NULL,	'docs',	9999999,	'2015-08-24 10:27:15',	'2015-08-24 10:27:15'),
(146,	'bkl.jpg',	'0e00f1a24e166b367e24de397a614095.jpg',	447027,	3,	NULL,	NULL,	'full',	9999999,	'2015-08-24 10:29:41',	'2015-08-24 10:29:41'),
(147,	'medium-bkl.jpg',	'medium-0e00f1a24e166b367e24de397a614095.jpg',	19759,	3,	146,	NULL,	'medium',	9999999,	'2015-08-24 10:29:41',	'2015-08-24 10:29:41'),
(148,	'slide-bkl.jpg',	'slide-0e00f1a24e166b367e24de397a614095.jpg',	225820,	3,	146,	NULL,	'slide',	9999999,	'2015-08-24 10:29:42',	'2015-08-24 10:29:42'),
(149,	'tile-bkl.jpg',	'tile-0e00f1a24e166b367e24de397a614095.jpg',	21398,	3,	146,	NULL,	'tile',	9999999,	'2015-08-24 10:29:42',	'2015-08-24 10:29:42'),
(150,	'docs-bkl.jpg',	'docs-0e00f1a24e166b367e24de397a614095.jpg',	93899,	3,	146,	NULL,	'docs',	9999999,	'2015-08-24 10:29:42',	'2015-08-24 10:29:42'),
(151,	'avl_7483.jpg',	'e2fc48e759d34dfff6373911e9cdfcce.jpg',	151688,	3,	NULL,	NULL,	'full',	9999999,	'2015-08-24 10:29:43',	'2015-08-24 10:29:43'),
(152,	'medium-avl_7483.jpg',	'medium-e2fc48e759d34dfff6373911e9cdfcce.jpg',	10815,	3,	151,	NULL,	'medium',	9999999,	'2015-08-24 10:29:43',	'2015-08-24 10:29:43'),
(153,	'slide-avl_7483.jpg',	'slide-e2fc48e759d34dfff6373911e9cdfcce.jpg',	102489,	3,	151,	NULL,	'slide',	9999999,	'2015-08-24 10:29:44',	'2015-08-24 10:29:44'),
(154,	'tile-avl_7483.jpg',	'tile-e2fc48e759d34dfff6373911e9cdfcce.jpg',	10946,	3,	151,	NULL,	'tile',	9999999,	'2015-08-24 10:29:44',	'2015-08-24 10:29:44'),
(155,	'docs-avl_7483.jpg',	'docs-e2fc48e759d34dfff6373911e9cdfcce.jpg',	47906,	3,	151,	NULL,	'docs',	9999999,	'2015-08-24 10:29:45',	'2015-08-24 10:29:45'),
(156,	'bkl.jpg',	'e645b33b64042eb7299cc8506403dd85.jpg',	447027,	3,	NULL,	NULL,	'full',	9999999,	'2015-08-24 10:47:48',	'2015-08-24 10:47:48'),
(157,	'medium-bkl.jpg',	'medium-e645b33b64042eb7299cc8506403dd85.jpg',	19759,	3,	156,	NULL,	'medium',	9999999,	'2015-08-24 10:47:48',	'2015-08-24 10:47:48'),
(158,	'slide-bkl.jpg',	'slide-e645b33b64042eb7299cc8506403dd85.jpg',	225820,	3,	156,	NULL,	'slide',	9999999,	'2015-08-24 10:47:48',	'2015-08-24 10:47:48'),
(159,	'tile-bkl.jpg',	'tile-e645b33b64042eb7299cc8506403dd85.jpg',	21398,	3,	156,	NULL,	'tile',	9999999,	'2015-08-24 10:47:49',	'2015-08-24 10:47:49'),
(160,	'docs-bkl.jpg',	'docs-e645b33b64042eb7299cc8506403dd85.jpg',	93899,	3,	156,	NULL,	'docs',	9999999,	'2015-08-24 10:47:49',	'2015-08-24 10:47:49'),
(161,	'avl_7483.jpg',	'2368d823b062de107596afb71282ee40.jpg',	151688,	3,	NULL,	NULL,	'full',	9999999,	'2015-08-24 10:47:50',	'2015-08-24 10:47:50'),
(162,	'medium-avl_7483.jpg',	'medium-2368d823b062de107596afb71282ee40.jpg',	10815,	3,	161,	NULL,	'medium',	9999999,	'2015-08-24 10:47:51',	'2015-08-24 10:47:51'),
(163,	'slide-avl_7483.jpg',	'slide-2368d823b062de107596afb71282ee40.jpg',	102489,	3,	161,	NULL,	'slide',	9999999,	'2015-08-24 10:47:51',	'2015-08-24 10:47:51'),
(164,	'tile-avl_7483.jpg',	'tile-2368d823b062de107596afb71282ee40.jpg',	10946,	3,	161,	NULL,	'tile',	9999999,	'2015-08-24 10:47:52',	'2015-08-24 10:47:52'),
(165,	'docs-avl_7483.jpg',	'docs-2368d823b062de107596afb71282ee40.jpg',	47906,	3,	161,	NULL,	'docs',	9999999,	'2015-08-24 10:47:52',	'2015-08-24 10:47:52'),
(166,	'pl3.jpg',	'f3d5a6adeb5a52f4fb2266cfc055e097.jpg',	421338,	3,	NULL,	NULL,	'full',	9999999,	'2015-08-24 10:48:37',	'2015-08-24 10:48:37'),
(167,	'medium-pl3.jpg',	'medium-f3d5a6adeb5a52f4fb2266cfc055e097.jpg',	17534,	3,	166,	NULL,	'medium',	9999999,	'2015-08-24 10:48:38',	'2015-08-24 10:48:38'),
(168,	'slide-pl3.jpg',	'slide-f3d5a6adeb5a52f4fb2266cfc055e097.jpg',	172010,	3,	166,	NULL,	'slide',	9999999,	'2015-08-24 10:48:39',	'2015-08-24 10:48:39'),
(169,	'tile-pl3.jpg',	'tile-f3d5a6adeb5a52f4fb2266cfc055e097.jpg',	20535,	3,	166,	NULL,	'tile',	9999999,	'2015-08-24 10:48:40',	'2015-08-24 10:48:40'),
(170,	'docs-pl3.jpg',	'docs-f3d5a6adeb5a52f4fb2266cfc055e097.jpg',	72366,	3,	166,	NULL,	'docs',	9999999,	'2015-08-24 10:48:41',	'2015-08-24 10:48:41'),
(171,	'pl1.jpg',	'11c1b918ab32bcdaa1bced6c6625cab7.jpg',	522738,	3,	NULL,	NULL,	'full',	9999999,	'2015-08-24 10:48:42',	'2015-08-24 10:48:42'),
(172,	'medium-pl1.jpg',	'medium-11c1b918ab32bcdaa1bced6c6625cab7.jpg',	20514,	3,	171,	NULL,	'medium',	9999999,	'2015-08-24 10:48:42',	'2015-08-24 10:48:42'),
(173,	'slide-pl1.jpg',	'slide-11c1b918ab32bcdaa1bced6c6625cab7.jpg',	214994,	3,	171,	NULL,	'slide',	9999999,	'2015-08-24 10:48:42',	'2015-08-24 10:48:42'),
(174,	'tile-pl1.jpg',	'tile-11c1b918ab32bcdaa1bced6c6625cab7.jpg',	23563,	3,	171,	NULL,	'tile',	9999999,	'2015-08-24 10:48:43',	'2015-08-24 10:48:43'),
(175,	'docs-pl1.jpg',	'docs-11c1b918ab32bcdaa1bced6c6625cab7.jpg',	88852,	3,	171,	NULL,	'docs',	9999999,	'2015-08-24 10:48:44',	'2015-08-24 10:48:44'),
(176,	'penzion.jpg',	'a4973725dc9622d0780219b013d2cdd7.jpg',	511568,	3,	NULL,	NULL,	'full',	9999999,	'2015-08-24 10:48:45',	'2015-08-24 10:48:45'),
(177,	'medium-penzion.jpg',	'medium-a4973725dc9622d0780219b013d2cdd7.jpg',	19040,	3,	176,	NULL,	'medium',	9999999,	'2015-08-24 10:48:46',	'2015-08-24 10:48:46'),
(178,	'slide-penzion.jpg',	'slide-a4973725dc9622d0780219b013d2cdd7.jpg',	201413,	3,	176,	NULL,	'slide',	9999999,	'2015-08-24 10:48:47',	'2015-08-24 10:48:47'),
(179,	'tile-penzion.jpg',	'tile-a4973725dc9622d0780219b013d2cdd7.jpg',	19685,	3,	176,	NULL,	'tile',	9999999,	'2015-08-24 10:48:47',	'2015-08-24 10:48:47'),
(180,	'docs-penzion.jpg',	'docs-a4973725dc9622d0780219b013d2cdd7.jpg',	82057,	3,	176,	NULL,	'docs',	9999999,	'2015-08-24 10:48:48',	'2015-08-24 10:48:48'),
(181,	'penzion_fitness.jpg',	'acdf91d3dc911e8da173eefcbc24d0e2.jpg',	256420,	3,	NULL,	NULL,	'full',	9999999,	'2015-08-24 10:48:49',	'2015-08-24 10:48:49'),
(182,	'medium-penzion_fitness.jpg',	'medium-acdf91d3dc911e8da173eefcbc24d0e2.jpg',	14065,	3,	181,	NULL,	'medium',	9999999,	'2015-08-24 10:48:50',	'2015-08-24 10:48:50'),
(183,	'slide-penzion_fitness.jpg',	'slide-acdf91d3dc911e8da173eefcbc24d0e2.jpg',	130045,	3,	181,	NULL,	'slide',	9999999,	'2015-08-24 10:48:51',	'2015-08-24 10:48:51'),
(184,	'tile-penzion_fitness.jpg',	'tile-acdf91d3dc911e8da173eefcbc24d0e2.jpg',	15369,	3,	181,	NULL,	'tile',	9999999,	'2015-08-24 10:48:51',	'2015-08-24 10:48:51'),
(185,	'docs-penzion_fitness.jpg',	'docs-acdf91d3dc911e8da173eefcbc24d0e2.jpg',	56962,	3,	181,	NULL,	'docs',	9999999,	'2015-08-24 10:48:52',	'2015-08-24 10:48:52'),
(186,	'center%20kurt.jpg',	'c71e592e58d6be786f8e2fc3485d4fa8.jpg',	274802,	3,	NULL,	NULL,	'full',	9999999,	'2015-08-24 10:48:53',	'2015-08-24 10:48:53'),
(187,	'medium-center%20kurt.jpg',	'medium-c71e592e58d6be786f8e2fc3485d4fa8.jpg',	12179,	3,	186,	NULL,	'medium',	9999999,	'2015-08-24 10:48:53',	'2015-08-24 10:48:53'),
(188,	'slide-center%20kurt.jpg',	'slide-c71e592e58d6be786f8e2fc3485d4fa8.jpg',	132185,	3,	186,	NULL,	'slide',	9999999,	'2015-08-24 10:48:54',	'2015-08-24 10:48:54'),
(189,	'tile-center%20kurt.jpg',	'tile-c71e592e58d6be786f8e2fc3485d4fa8.jpg',	14367,	3,	186,	NULL,	'tile',	9999999,	'2015-08-24 10:48:55',	'2015-08-24 10:48:55'),
(190,	'docs-center%20kurt.jpg',	'docs-c71e592e58d6be786f8e2fc3485d4fa8.jpg',	53374,	3,	186,	NULL,	'docs',	9999999,	'2015-08-24 10:48:56',	'2015-08-24 10:48:56'),
(191,	'logo_sutka_new.jpg',	'18291511ca6ec20c17e4828151ecd0a2.jpg',	306824,	3,	NULL,	NULL,	'full',	9999999,	'2015-08-24 10:50:45',	'2015-08-24 10:50:45'),
(192,	'medium-logo_sutka_new.jpg',	'medium-18291511ca6ec20c17e4828151ecd0a2.jpg',	12838,	3,	191,	NULL,	'medium',	9999999,	'2015-08-24 10:50:45',	'2015-08-24 10:50:45'),
(193,	'slide-logo_sutka_new.jpg',	'slide-18291511ca6ec20c17e4828151ecd0a2.jpg',	56813,	3,	191,	NULL,	'slide',	9999999,	'2015-08-24 10:50:45',	'2015-08-24 10:50:45'),
(194,	'tile-logo_sutka_new.jpg',	'tile-18291511ca6ec20c17e4828151ecd0a2.jpg',	15173,	3,	191,	NULL,	'tile',	9999999,	'2015-08-24 10:50:45',	'2015-08-24 10:50:45'),
(195,	'docs-logo_sutka_new.jpg',	'docs-18291511ca6ec20c17e4828151ecd0a2.jpg',	29488,	3,	191,	NULL,	'docs',	9999999,	'2015-08-24 10:50:45',	'2015-08-24 10:50:45'),
(196,	'mi%20logo%20final.jpg',	'b24774fffa09c04742962aea2d8b91fb.jpg',	139346,	3,	NULL,	NULL,	'full',	9999999,	'2015-08-24 10:50:46',	'2015-08-24 10:50:46'),
(197,	'medium-mi%20logo%20final.jpg',	'medium-b24774fffa09c04742962aea2d8b91fb.jpg',	8453,	3,	196,	NULL,	'medium',	9999999,	'2015-08-24 10:50:46',	'2015-08-24 10:50:46'),
(198,	'slide-mi%20logo%20final.jpg',	'slide-b24774fffa09c04742962aea2d8b91fb.jpg',	28129,	3,	196,	NULL,	'slide',	9999999,	'2015-08-24 10:50:46',	'2015-08-24 10:50:46'),
(199,	'tile-mi%20logo%20final.jpg',	'tile-b24774fffa09c04742962aea2d8b91fb.jpg',	9719,	3,	196,	NULL,	'tile',	9999999,	'2015-08-24 10:50:46',	'2015-08-24 10:50:46'),
(200,	'docs-mi%20logo%20final.jpg',	'docs-b24774fffa09c04742962aea2d8b91fb.jpg',	15249,	3,	196,	NULL,	'docs',	9999999,	'2015-08-24 10:50:46',	'2015-08-24 10:50:46'),
(201,	'img_6952.jpg',	'3899ebb87c1aea0e0348d380aae5f2ad.jpg',	636782,	3,	NULL,	NULL,	'full',	9999999,	'2015-08-24 10:50:47',	'2015-08-24 10:50:47'),
(202,	'medium-img_6952.jpg',	'medium-3899ebb87c1aea0e0348d380aae5f2ad.jpg',	28996,	3,	201,	NULL,	'medium',	9999999,	'2015-08-24 10:50:47',	'2015-08-24 10:50:47'),
(203,	'slide-img_6952.jpg',	'slide-3899ebb87c1aea0e0348d380aae5f2ad.jpg',	218843,	3,	201,	NULL,	'slide',	9999999,	'2015-08-24 10:50:47',	'2015-08-24 10:50:47'),
(204,	'tile-img_6952.jpg',	'tile-3899ebb87c1aea0e0348d380aae5f2ad.jpg',	31594,	3,	201,	NULL,	'tile',	9999999,	'2015-08-24 10:50:47',	'2015-08-24 10:50:47'),
(205,	'docs-img_6952.jpg',	'docs-3899ebb87c1aea0e0348d380aae5f2ad.jpg',	101684,	3,	201,	NULL,	'docs',	9999999,	'2015-08-24 10:50:48',	'2015-08-24 10:50:48'),
(206,	'neumann_logo-male.jpg',	'b321ae066eaaa3f32fb96cfad4928d10.jpg',	285175,	3,	NULL,	NULL,	'full',	9999999,	'2015-08-24 10:50:48',	'2015-08-24 10:50:48'),
(207,	'medium-neumann_logo-male.jpg',	'medium-b321ae066eaaa3f32fb96cfad4928d10.jpg',	11132,	3,	206,	NULL,	'medium',	9999999,	'2015-08-24 10:50:49',	'2015-08-24 10:50:49'),
(208,	'slide-neumann_logo-male.jpg',	'slide-b321ae066eaaa3f32fb96cfad4928d10.jpg',	40861,	3,	206,	NULL,	'slide',	9999999,	'2015-08-24 10:50:49',	'2015-08-24 10:50:49'),
(209,	'tile-neumann_logo-male.jpg',	'tile-b321ae066eaaa3f32fb96cfad4928d10.jpg',	12993,	3,	206,	NULL,	'tile',	9999999,	'2015-08-24 10:50:49',	'2015-08-24 10:50:49'),
(210,	'docs-neumann_logo-male.jpg',	'docs-b321ae066eaaa3f32fb96cfad4928d10.jpg',	22354,	3,	206,	NULL,	'docs',	9999999,	'2015-08-24 10:50:49',	'2015-08-24 10:50:49'),
(211,	'logo_sutka_new.jpg',	'fa39256f480fa51d1f70cb3890aaec36.jpg',	306824,	3,	NULL,	NULL,	'full',	9999999,	'2015-08-24 10:56:16',	'2015-08-24 10:56:16'),
(212,	'medium-logo_sutka_new.jpg',	'medium-fa39256f480fa51d1f70cb3890aaec36.jpg',	12838,	3,	211,	NULL,	'medium',	9999999,	'2015-08-24 10:56:16',	'2015-08-24 10:56:16'),
(213,	'slide-logo_sutka_new.jpg',	'slide-fa39256f480fa51d1f70cb3890aaec36.jpg',	56813,	3,	211,	NULL,	'slide',	9999999,	'2015-08-24 10:56:16',	'2015-08-24 10:56:16'),
(214,	'tile-logo_sutka_new.jpg',	'tile-fa39256f480fa51d1f70cb3890aaec36.jpg',	15173,	3,	211,	NULL,	'tile',	9999999,	'2015-08-24 10:56:16',	'2015-08-24 10:56:16'),
(215,	'docs-logo_sutka_new.jpg',	'docs-fa39256f480fa51d1f70cb3890aaec36.jpg',	29488,	3,	211,	NULL,	'docs',	9999999,	'2015-08-24 10:56:16',	'2015-08-24 10:56:16'),
(216,	'neumann_logo-male.jpg',	'c718eebf750cc240cc0e37c4b7afa756.jpg',	285175,	3,	NULL,	NULL,	'full',	9999999,	'2015-08-24 10:56:17',	'2015-08-24 10:56:17'),
(217,	'medium-neumann_logo-male.jpg',	'medium-c718eebf750cc240cc0e37c4b7afa756.jpg',	11132,	3,	216,	NULL,	'medium',	9999999,	'2015-08-24 10:56:17',	'2015-08-24 10:56:17'),
(218,	'slide-neumann_logo-male.jpg',	'slide-c718eebf750cc240cc0e37c4b7afa756.jpg',	40861,	3,	216,	NULL,	'slide',	9999999,	'2015-08-24 10:56:17',	'2015-08-24 10:56:17'),
(219,	'tile-neumann_logo-male.jpg',	'tile-c718eebf750cc240cc0e37c4b7afa756.jpg',	12993,	3,	216,	NULL,	'tile',	9999999,	'2015-08-24 10:56:17',	'2015-08-24 10:56:17'),
(220,	'docs-neumann_logo-male.jpg',	'docs-c718eebf750cc240cc0e37c4b7afa756.jpg',	22354,	3,	216,	NULL,	'docs',	9999999,	'2015-08-24 10:56:17',	'2015-08-24 10:56:17'),
(221,	'mi%20logo%20final.jpg',	'1a7cd302290d30cb2d4156476bfbb97c.jpg',	139346,	3,	NULL,	NULL,	'full',	9999999,	'2015-08-24 10:56:18',	'2015-08-24 10:56:18'),
(222,	'medium-mi%20logo%20final.jpg',	'medium-1a7cd302290d30cb2d4156476bfbb97c.jpg',	8453,	3,	221,	NULL,	'medium',	9999999,	'2015-08-24 10:56:18',	'2015-08-24 10:56:18'),
(223,	'slide-mi%20logo%20final.jpg',	'slide-1a7cd302290d30cb2d4156476bfbb97c.jpg',	28129,	3,	221,	NULL,	'slide',	9999999,	'2015-08-24 10:56:19',	'2015-08-24 10:56:19'),
(224,	'tile-mi%20logo%20final.jpg',	'tile-1a7cd302290d30cb2d4156476bfbb97c.jpg',	9719,	3,	221,	NULL,	'tile',	9999999,	'2015-08-24 10:56:19',	'2015-08-24 10:56:19'),
(225,	'docs-mi%20logo%20final.jpg',	'docs-1a7cd302290d30cb2d4156476bfbb97c.jpg',	15249,	3,	221,	NULL,	'docs',	9999999,	'2015-08-24 10:56:19',	'2015-08-24 10:56:19'),
(226,	'logo_karlin.jpg',	'4f942d436e76efd498dcafd9acf3a465.jpg',	315407,	3,	NULL,	NULL,	'full',	9999999,	'2015-08-24 11:16:36',	'2015-08-24 11:16:36'),
(227,	'medium-logo_karlin.jpg',	'medium-4f942d436e76efd498dcafd9acf3a465.jpg',	10358,	3,	226,	NULL,	'medium',	9999999,	'2015-08-24 11:16:37',	'2015-08-24 11:16:37'),
(228,	'slide-logo_karlin.jpg',	'slide-4f942d436e76efd498dcafd9acf3a465.jpg',	30215,	3,	226,	NULL,	'slide',	9999999,	'2015-08-24 11:16:37',	'2015-08-24 11:16:37'),
(229,	'tile-logo_karlin.jpg',	'tile-4f942d436e76efd498dcafd9acf3a465.jpg',	13728,	3,	226,	NULL,	'tile',	9999999,	'2015-08-24 11:16:37',	'2015-08-24 11:16:37'),
(230,	'docs-logo_karlin.jpg',	'docs-4f942d436e76efd498dcafd9acf3a465.jpg',	15821,	3,	226,	NULL,	'docs',	9999999,	'2015-08-24 11:16:37',	'2015-08-24 11:16:37'),
(231,	'oakley_ellipse_logotype_wht.jpg',	'376e24fe45c86b7be3f939ee79289cef.jpg',	126513,	3,	NULL,	NULL,	'full',	9999999,	'2015-08-24 11:16:38',	'2015-08-24 11:16:38'),
(232,	'medium-oakley_ellipse_logotype_wht.jpg',	'medium-376e24fe45c86b7be3f939ee79289cef.jpg',	9488,	3,	231,	NULL,	'medium',	9999999,	'2015-08-24 11:16:38',	'2015-08-24 11:16:38'),
(233,	'slide-oakley_ellipse_logotype_wht.jpg',	'slide-376e24fe45c86b7be3f939ee79289cef.jpg',	30687,	3,	231,	NULL,	'slide',	9999999,	'2015-08-24 11:16:38',	'2015-08-24 11:16:38'),
(234,	'tile-oakley_ellipse_logotype_wht.jpg',	'tile-376e24fe45c86b7be3f939ee79289cef.jpg',	9330,	3,	231,	NULL,	'tile',	9999999,	'2015-08-24 11:16:38',	'2015-08-24 11:16:38'),
(235,	'docs-oakley_ellipse_logotype_wht.jpg',	'docs-376e24fe45c86b7be3f939ee79289cef.jpg',	16141,	3,	231,	NULL,	'docs',	9999999,	'2015-08-24 11:16:38',	'2015-08-24 11:16:38'),
(236,	'oakley_ellipse_logotype_wht.jpg',	'44d0e025361cd8c6518108477243e0bd.jpg',	126513,	3,	NULL,	NULL,	'full',	9999999,	'2015-08-24 11:18:49',	'2015-08-24 11:18:49'),
(237,	'medium-oakley_ellipse_logotype_wht.jpg',	'medium-44d0e025361cd8c6518108477243e0bd.jpg',	9488,	3,	236,	NULL,	'medium',	9999999,	'2015-08-24 11:18:49',	'2015-08-24 11:18:49'),
(238,	'slide-oakley_ellipse_logotype_wht.jpg',	'slide-44d0e025361cd8c6518108477243e0bd.jpg',	30687,	3,	236,	NULL,	'slide',	9999999,	'2015-08-24 11:18:50',	'2015-08-24 11:18:50'),
(239,	'tile-oakley_ellipse_logotype_wht.jpg',	'tile-44d0e025361cd8c6518108477243e0bd.jpg',	9330,	3,	236,	NULL,	'tile',	9999999,	'2015-08-24 11:18:50',	'2015-08-24 11:18:50'),
(240,	'docs-oakley_ellipse_logotype_wht.jpg',	'docs-44d0e025361cd8c6518108477243e0bd.jpg',	16141,	3,	236,	NULL,	'docs',	9999999,	'2015-08-24 11:18:50',	'2015-08-24 11:18:50'),
(241,	'logo_karlin.jpg',	'705e70551f9da98255a3a72e7a26e056.jpg',	315407,	3,	NULL,	NULL,	'full',	9999999,	'2015-08-24 11:18:51',	'2015-08-24 11:18:51'),
(242,	'medium-logo_karlin.jpg',	'medium-705e70551f9da98255a3a72e7a26e056.jpg',	10358,	3,	241,	NULL,	'medium',	9999999,	'2015-08-24 11:18:51',	'2015-08-24 11:18:51'),
(243,	'slide-logo_karlin.jpg',	'slide-705e70551f9da98255a3a72e7a26e056.jpg',	30215,	3,	241,	NULL,	'slide',	9999999,	'2015-08-24 11:18:51',	'2015-08-24 11:18:51'),
(244,	'tile-logo_karlin.jpg',	'tile-705e70551f9da98255a3a72e7a26e056.jpg',	13728,	3,	241,	NULL,	'tile',	9999999,	'2015-08-24 11:18:51',	'2015-08-24 11:18:51'),
(245,	'docs-logo_karlin.jpg',	'docs-705e70551f9da98255a3a72e7a26e056.jpg',	15821,	3,	241,	NULL,	'docs',	9999999,	'2015-08-24 11:18:51',	'2015-08-24 11:18:51'),
(246,	'oakley_ellipse_logotype_wht.jpg',	'8c4fb4f690246ebb3c38d78240c895cc.jpg',	126513,	3,	NULL,	NULL,	'full',	9999999,	'2015-08-24 11:19:38',	'2015-08-24 11:19:38'),
(247,	'medium-oakley_ellipse_logotype_wht.jpg',	'medium-8c4fb4f690246ebb3c38d78240c895cc.jpg',	9488,	3,	246,	NULL,	'medium',	9999999,	'2015-08-24 11:19:39',	'2015-08-24 11:19:39'),
(248,	'slide-oakley_ellipse_logotype_wht.jpg',	'slide-8c4fb4f690246ebb3c38d78240c895cc.jpg',	30687,	3,	246,	NULL,	'slide',	9999999,	'2015-08-24 11:19:39',	'2015-08-24 11:19:39'),
(249,	'tile-oakley_ellipse_logotype_wht.jpg',	'tile-8c4fb4f690246ebb3c38d78240c895cc.jpg',	9330,	3,	246,	NULL,	'tile',	9999999,	'2015-08-24 11:19:39',	'2015-08-24 11:19:39'),
(250,	'docs-oakley_ellipse_logotype_wht.jpg',	'docs-8c4fb4f690246ebb3c38d78240c895cc.jpg',	16141,	3,	246,	NULL,	'docs',	9999999,	'2015-08-24 11:19:39',	'2015-08-24 11:19:39'),
(251,	'logo_karlin.jpg',	'452d6d7f1884d9517f3b4055fca1a5ba.jpg',	315407,	3,	NULL,	NULL,	'full',	9999999,	'2015-08-24 11:19:40',	'2015-08-24 11:19:40'),
(252,	'medium-logo_karlin.jpg',	'medium-452d6d7f1884d9517f3b4055fca1a5ba.jpg',	10358,	3,	251,	NULL,	'medium',	9999999,	'2015-08-24 11:19:40',	'2015-08-24 11:19:40'),
(253,	'slide-logo_karlin.jpg',	'slide-452d6d7f1884d9517f3b4055fca1a5ba.jpg',	30215,	3,	251,	NULL,	'slide',	9999999,	'2015-08-24 11:19:40',	'2015-08-24 11:19:40'),
(254,	'tile-logo_karlin.jpg',	'tile-452d6d7f1884d9517f3b4055fca1a5ba.jpg',	13728,	3,	251,	NULL,	'tile',	9999999,	'2015-08-24 11:19:40',	'2015-08-24 11:19:40'),
(255,	'docs-logo_karlin.jpg',	'docs-452d6d7f1884d9517f3b4055fca1a5ba.jpg',	15821,	3,	251,	NULL,	'docs',	9999999,	'2015-08-24 11:19:40',	'2015-08-24 11:19:40'),
(256,	'logo_karlin.jpg',	'482ac06ee8d434298f017c719d82d2b9.jpg',	315407,	3,	NULL,	NULL,	'full',	9999999,	'2015-08-24 11:21:57',	'2015-08-24 11:21:57'),
(257,	'medium-logo_karlin.jpg',	'medium-482ac06ee8d434298f017c719d82d2b9.jpg',	10358,	3,	256,	NULL,	'medium',	9999999,	'2015-08-24 11:21:57',	'2015-08-24 11:21:57'),
(258,	'slide-logo_karlin.jpg',	'slide-482ac06ee8d434298f017c719d82d2b9.jpg',	30215,	3,	256,	NULL,	'slide',	9999999,	'2015-08-24 11:21:57',	'2015-08-24 11:21:57'),
(259,	'tile-logo_karlin.jpg',	'tile-482ac06ee8d434298f017c719d82d2b9.jpg',	13728,	3,	256,	NULL,	'tile',	9999999,	'2015-08-24 11:21:57',	'2015-08-24 11:21:57'),
(260,	'docs-logo_karlin.jpg',	'docs-482ac06ee8d434298f017c719d82d2b9.jpg',	15821,	3,	256,	NULL,	'docs',	9999999,	'2015-08-24 11:21:57',	'2015-08-24 11:21:57'),
(261,	'oakley_ellipse_logotype_wht.jpg',	'ae16300279ad4329d70b3659c1fd1a43.jpg',	126513,	3,	NULL,	NULL,	'full',	9999999,	'2015-08-24 11:21:58',	'2015-08-24 11:21:58'),
(262,	'medium-oakley_ellipse_logotype_wht.jpg',	'medium-ae16300279ad4329d70b3659c1fd1a43.jpg',	9488,	3,	261,	NULL,	'medium',	9999999,	'2015-08-24 11:21:58',	'2015-08-24 11:21:58'),
(263,	'slide-oakley_ellipse_logotype_wht.jpg',	'slide-ae16300279ad4329d70b3659c1fd1a43.jpg',	30687,	3,	261,	NULL,	'slide',	9999999,	'2015-08-24 11:21:58',	'2015-08-24 11:21:58'),
(264,	'tile-oakley_ellipse_logotype_wht.jpg',	'tile-ae16300279ad4329d70b3659c1fd1a43.jpg',	9330,	3,	261,	NULL,	'tile',	9999999,	'2015-08-24 11:21:58',	'2015-08-24 11:21:58'),
(265,	'docs-oakley_ellipse_logotype_wht.jpg',	'docs-ae16300279ad4329d70b3659c1fd1a43.jpg',	16141,	3,	261,	NULL,	'docs',	9999999,	'2015-08-24 11:21:58',	'2015-08-24 11:21:58');

-- 2015-08-17 08:48:25
