-- Adminer 4.2.1 MySQL dump

SET NAMES utf8;
SET time_zone = '+00:00';
SET foreign_key_checks = 0;
SET sql_mode = 'NO_AUTO_VALUE_ON_ZERO';

DROP TABLE IF EXISTS `coaches`;
CREATE TABLE `coaches` (
  `id` int(11) NOT NULL AUTO_INCREMENT,
  `name` varchar(255) COLLATE utf8_czech_ci NOT NULL,
  `title` varchar(255) COLLATE utf8_czech_ci DEFAULT NULL,
  `desc` text COLLATE utf8_czech_ci NOT NULL,
  `url` varchar(255) COLLATE utf8_czech_ci NOT NULL,
  `ord` int(11) NOT NULL DEFAULT '99999999',
  `gallery_picture_id` int(11) DEFAULT NULL,
  PRIMARY KEY (`id`)
) ENGINE=InnoDB DEFAULT CHARSET=utf8 COLLATE=utf8_czech_ci;

INSERT INTO `coaches` (`id`, `name`, `title`, `desc`, `url`, `ord`, `gallery_picture_id`) VALUES
(1,	'Ondra Michálek',	'Šéftrenér plážového volejbalu v Beachklubu Ládví',	'<p><span style=\"line-height: 1.42857143;\">Narozen 26. 04. 1977.</span><br></p><p><b>Profesionální volejbalová kariéra:</b></p><ul><li>15 sezon profesionální hráč volejbalu</li><li>juniorská reprezentace&nbsp;</li><li>2x vicemistr republiky – Aero Odolena Voda, DHL Ostrava&nbsp;</li><li>3x mistr republiky ve volejbale na antuce&nbsp;</li><li>zahraniční angažmá &nbsp;– Slovensko – Bratislava, Rakousko - Tirol Innsbruck, Kypr – Limassol</li></ul><p><b>Trenérská kvalifikace</b>:</p><ul><li>trenér III. třídy&nbsp;</li><li>volejbalový trenér mládeže VK Benátky nad Jizerou&nbsp;</li><li>masér pro sportovní a rekondiční masáže</li></ul><p><b>Kontakt:</b> telefon: 605 218 056, e-mail: seftrener@beachklubladvi.cz</p><p><b>Cena:</b> 400 Kč / 1 hodina trénování</p>',	'img/coaches/ondramichalek.jpg',	1,	356),
(2,	'Jarda Malčík',	'Trenér plážového volejbalu v Beachklubu Ládví',	'<p>Narozen 16. 08. 1970</p><p><b>Profesionální volejbalová kariéra:</b></p><ul><li>3. místo v MČR v beachvolejbalu - Brno 2002 se Standou Pochopem</li><li>RH Praha (2x mistr ČR, 1x 2. místo)</li><li>CD Funschal da Madeira (2. místo Taca Portugal, 4. místo 1 Léguas)</li><li>Odolena Voda (2. místo extraliga)</li><li>ATSV Seewalchen (2. Bundesliga)</li><li>PMEZ a PVP: zápasy proti CSKA Moskva, Maaseik, PVS Salzburg, VC Ankara, AZS Czestochowa)</li></ul><p><b>Trenérská kvalifikace:</b></p><ul><li>trenér II. třída (rakouská licence) a III. třída (česká licence)</li><li>Volejbalový trenér:</li><li>ATSV Seelwalchen AUT (2. Bundesliga)</li><li>SuperVolley Ennns &nbsp;AUT (1. Bundesliga)</li><li>TJ Praga CZE (2. liga)</li></ul><p>Beachvolejbalový trenér:</p><ul><li>Florian Schnetzer – Helmut Moser U19 AUT (reprezentační team AUT)</li><li>2013 – reprezentační trenér U17,U18 CZE (juniorky)</li><li>2015 – reprezentační trenér U18,U20 CZE (junioři)</li><li>Beachklub Ládví CZE - šéftrenér mládeže, výkonnostní oddíly, reprezentace BKL U10, U12, U15, U17, U20</li></ul><p><b>Kontakt:</b> telefon: 602 101 126, e-mail: jarda.malca@seznam.cz</p><p><b>Cena:</b> 400 Kč / 1 hodina trénování</p>',	'',	2,	NULL),
(3,	'Kamil Tuček',	'Trenér plážového volejbalu v Beachklubu Ládví',	'<p>Narozen 17. 12. 1976</p><p><b>Profesionální volejbalová kariéra:</b></p><ul><li>4 roky hráč volejbalové extraligy (ŽS BRNO, VK DUKLA LIBEREC,VK KARBO BENÁTKY)</li><li>sedm let první liga (VK KARBO BENÁTKY)</li><li>dlouholetý hráč plážového volejbalu pod ČVS</li></ul><p><b>Trenérská kvalifikace:</b></p><ul><li>vystudoval FTVS – specializace volejbal, kondiční trenér</li><li>diplomovaný trenér volejbalu – trenérská I. třída</li><li>asistent trenéra u reprezentace ČR žen. Účast na ME v Polsku.</li><li>hlavní trenér u družstva žen Sokol Nusle – 1. liga žen</li><li>hlavní trenér mládeže USK Praha, PVK Olymp Praha, SK Prosek Praha</li></ul><p><b>Kontakt:</b> telefon: 604 241 391, e-mail: kamiltucek@seznam.cz</p><p><b>Cena:</b> 400 Kč / 1 hodina trénování</p>',	'',	3,	NULL),
(4,	'Míra Svoboda',	'Trenér plážového volejbalu v Beachklubu Ládví',	'<p>Narozen 11. 09. 1979</p><p><b>Profesionální volejbalová kariéra:</b></p><ul><li>1. místo MČR 2006, 1. místo Řecký okruh 2005 - Korfu, 1. místo Akademické &nbsp;MČR 2002, 2003, celkový vítěz Českého poháru 2002, 2003</li><li>2. místo MČR 2008, 2. místo Řecký okruh 2006 - Nafplio, Mykonos</li><li>3. místo MČR 2004, 2005, 2009, 2012, 3. místo FIVB Satelite 2005 - Itálie</li><li>5. místo CEV Challenger 2004 - Slavkov u Brna</li><li>9. místo ME do 23. let 2001 - Portugalsko, 9. místo FIVB Challenger 2007 - Brno</li><li>15 sezon vrcholového šestkového volejbalu</li><li>zahraniční angažmá: Argentina, Španělsko, Kypr, Rakousko, Holandsko</li><li>juniorská reprezentace - 3. místo ME, 4. místo MS</li></ul><p><b>Trenérská kvalifikace:</b></p><ul><li>absolvent FSPS, Pedagogická fakulta MU Brno</li><li>2. trenérská třída</li></ul><p><b>Kontakt:</b> telefon: 737 417 443, e-mail: mirecsvoboda@seznam.cz</p><p><b>Cena:</b> 400 Kč / 1 hodina trénování</p>',	'',	4,	NULL),
(5,	'Rosťa Vorálek',	'Trenér výkonnostní mládeže v Beachklubu Ládví',	'<p><b>Trenérská kvalifikace:</b></p><ul><li>diplomovaný trenér I. třídy ve volejbale&nbsp;</li><li>držitel II. trenérské třídy FIVB</li><li>trenér III. třídy v beach volejbalu</li><li>pedagog na Fakultě tělesné výchovy (katedra sportovních her – oddělení volejbalu)</li></ul><p><b>Trenérská činnost:</b></p><ul><li>trenér akademického volejbalového výběru Univerzity Karlovy &nbsp;</li><li>1998 – 2000 druhý trenér reprezentačního družstva kadetek ČR</li><li>2002 – 2004 druhý trenér reprezentačního družstva kadetek ČR</li><li>2002 – 2007 trenér družstva PVK Olymp Praha – extraliga (kadetky) &nbsp; &nbsp; &nbsp; &nbsp;</li><li>2007 - 2008 hlavní trenérem reprezentačního družstva juniorek ČR</li><li>2009 trenér družstva PVK Olymp – extraliga (kadetky) &nbsp;&nbsp;</li><li>2013 – 2014 trenér beachvolejbalu</li></ul><p><br></p><p style=\"border: none; float: none; clear: both; padding: 0px 10px;\"><br></p>',	'',	5,	NULL);

DROP TABLE IF EXISTS `documents`;
CREATE TABLE `documents` (
  `id` int(11) NOT NULL AUTO_INCREMENT,
  `title` varchar(255) COLLATE utf8_czech_ci NOT NULL,
  `content` text COLLATE utf8_czech_ci,
  `perex` text COLLATE utf8_czech_ci,
  `user_id` int(11) NOT NULL,
  `published` tinyint(1) NOT NULL DEFAULT '1',
  `is_news` tinyint(1) NOT NULL DEFAULT '1',
  `is_page` tinyint(1) NOT NULL DEFAULT '1',
  `ord` int(11) NOT NULL DEFAULT '0',
  `slug` varchar(255) COLLATE utf8_czech_ci NOT NULL,
  `token` varchar(25) NULL,
  PRIMARY KEY (`id`)
) ENGINE=InnoDB DEFAULT CHARSET=utf8 COLLATE=utf8_czech_ci;

INSERT INTO `documents` (`id`, `title`, `content`, `perex`, `user_id`, `published`, `is_news`, `is_page`, `ord`, `slug`) VALUES
(1,	'První zápas Kiki po rozchodu s Maki? Již v pátek v Beachklubu Ládví!',	'<p>Pražský Beachklub Ládví coby spolupořadatel prestižního turnaje s mezinárodní účastí<strong>&nbsp;Staropramen Cool Super Cup</strong>, kterého se účastní největší hvězdy českého&nbsp;plážového volejbalu včetně olympioniků&nbsp;<strong>Přemysla Kubaly, Lenky Háječkové, Soni Novákové - Dosoudilové a Kristýny Kolocové</strong>, bude dějištěm velké sportovní show. A právě na poslední jmenovanou,&nbsp;<strong>Kiki</strong>, bude směřovat veškerá pozornost, protože po rozchodu s Maki (Markétou Slukovou) se poprvé představí s novou partnerkou, taktéž účastnicí olympijských her v Londýně, Hankou Skalníkovou (roz. Klapalovou).</p><p><img src=\"/files/gallery/3/docs-0feaa0f9d07d7538435e9f146cbb2d48.jpg\" width=\"570\"></p><p>Jako druhý nasazený pár turnaje nastoupí dvojice Kolocová - Skalníková do hlavní soutěže v&nbsp;<strong>pátek 14. srpna</strong>&nbsp;odpoledne, konkrétně v&nbsp;<strong>17:20</strong>. Věříme, že nás čeká velmi atraktivní utkání!</p><p>Těšíme se na vás.</p><p>&nbsp;</p><p><br>Beachklub Ládví</p>',	'<p>Pražský Beachklub Ládví coby spolupořadatel prestižního turnaje s mezinárodní účastí<strong>&nbsp;Staropramen Cool Super Cup</strong>, kterého se účastní největší hvězdy českého&nbsp;plážového volejbalu včetně olympioniků&nbsp;<strong>Přemysla Kubaly, Lenky Háječkové, Soni Novákové - Dosoudilové a Kristýny Kolocové</strong>, bude dějištěm velké sportovní show. A právě na poslední jmenovanou,&nbsp;<strong>Kiki</strong>, bude směřovat veškerá pozornost, protože po rozchodu s Maki (Markétou Slukovou) se poprvé představí s novou partnerkou, taktéž účastnicí olympijských her v Londýně, Hankou Skalníkovou (roz. Klapalovou). Více informací&nbsp;<a href=\"/prvni-zapas-kiki-po-rozchodu-s-maki\">zde</a>.</p><p><img src=\"/files/gallery/3/docs-4e3b7b637c22bc5b46a958ebf61869c7.jpg\" width=\"570\"></p>',	2,	1,	1,	0,	31,	'prvni-zapas-kiki-po-rozchodu-s-maki'),
(2,	'Vyhraje Kiki svůj první turnaj v nově složené dvojici s Hanou Skalníkovou?',	'<h3>Beachvolejbalová sezóna je v plném proudu a letošní léto je v Česku ve znamení špičkového plážového volejbalu. Již tento víkend 14. – 16. srpna 2015 se odehraje nejprestižnější turnaj „Staropramen Cool Super Cup 2015“ v Praze v areálu Beachklubu Ládví a na Císařské louce. Bude to první turnaj, na kterém se ukáže Kristýna Kolocová po rozpadu páru Maki a Kiki…</h3><p><img src=\"/files/gallery/3/docs-b8afe89df2f50a41071837da57b0b5d4.jpg\" width=\"570\"></p><p>Kromě Kristýny Kolocové se představí i olympionička Lenka Háječková se Soňou Novákovou - Dosoudilovou, Diana Žolnerčíková, Martina Jakubšová, Eliška Gálová, Šárka Nakládalová, nebo Martina Bonnerová, v mužské kategorii se můžeme těšit na bronzové medailisty z Evropských her v Baku Jana Hadravu a olympionika Přemysla Kubalu, Roberta Kufu, Jana Dumka a další.</p><p>Systém turnaje je dvoudenní s kvalifikací před turnajem. V hlavní soutěži se přestaví 16 párů, jsou připraveny 2 divoké karty pro zahraniční dvojice a 1 divoká karta pro zajímavou českou dvojici. Diváci tak uvidí 9 nejlepších dvojic aktuálního českého žebříčku a zbylé páry doplní 4 postupující z kvalifikace.</p><p>Finálové zápasy obou kategorií budou za účasti kamer ČT4 Sport, a tak budou mít možnost i diváci, kteří se nedostanou na turnaj, sledovat ten nejlepší beachvolejbal v České republice.</p><p>Na turnaji Super Cup jako turnaji nejvyšší kategorie jsou připraveny prize money ve výši 100.000,- Kč na kategorii. Tuto částku si rozdělí 12 nejlepších dvojic z hlavní soutěže.</p><p><strong>Harmonogram turnaje:</strong></p><p>14. – 15. 8. 2015&nbsp;kvalifikace a hlavní soutěže (Beachklub Ládví)<br>16. 8. 2015&nbsp;&nbsp;semifinále a finále (Císařská louka)</p><p>Diváky v Beachklubu Ládví čeká kromě profesionálních sportovních výkonů bohatý doprovodný program. Rodiny s dětmi uvítají dětský koutek s nafukovacími atrakcemi a na své si přijdou i labužníci, kteří ocení dobroty z venkovního grilu v bezprostřední blízkosti centrkurtu.</p><p><em>\"Jsem nesmírně ráda, že je to po roce opět Městská část Praha 8, která v areálu Beachklubu Ládví hostí tak významnou sportovní událost, kterou Staropramen Cool Super Cup bezpochyby je,\"</em>&nbsp;zve na beachvolejbalovou událost léta místostarostka paní Alena Borhyová.</p><p>Partnery turnaje jsou Staropramen Cool, Český volejbalový svaz, Hlavní město Praha, Městská část Praha 8, Oakley, Neumann, Metaxa, Monstera International, ITS Billa Travel, Adidas, Happy Plugs a E.On.</p><p>Doražte, těšíme se na vás!</p><p>&nbsp;</p><p>Beachklub Ládví</p>',	'<p>Beachvolejbalová sezóna je v plném proudu a letošní léto je v Česku ve znamení špičkového plážového volejbalu. Již tento víkend 14. – 16. srpna 2015 se odehraje nejprestižnější turnaj „Staropramen Cool Super Cup 2015“ v Praze v areálu Beachklubu Ládví a na Císařské louce. Bude to první turnaj, na kterém se ukáže Kristýna Kolocová po rozpadu páru Maki a Kiki… Více informací o celém turnaji naleznete v článku&nbsp;<a href=\"/vyhraje-kiki-svuj-prvni-turnaj\">zde</a>.</p><h3><img src=\"/files/gallery/3/docs-4605e06484fadd2af769d75c338d96ee.jpg\" width=\"570\"></h3>',	2,	1,	1,	0,	30,	'vyhraje-kiki-svuj-prvni-turnaj'),
(4,	'Beachvolejbalové kroužky',	'<h1>CELOROČNÍ KROUŽKY BEACHVOLEJBALU A VŠEOBECNÉHO POHYBOVÉHO ROZVOJE PRO DĚTI </h1>\r\n<blockquote>\r\nPozor! Nový rezervační systém pro veškerá přihlašování vyžaduje novou registraci!</blockquote>\r\n<p>Pro vstup do online přihlašování na kempy a kroužky klikněte <a href=\"/rezervace-kurtu\">zde</a>. Otevře se vám nové okno. Pokud nemáte jméno a heslo, tak se musíte registrovat, poté se už můžete online přihlašovat na kempy a kroužky.</p>\r\n<hr>\r\n<p>Beachklub Ládví se zaměřuje na výchovu mládeže od 3 do 18 let. Díky pískovému pokladu je náš areál ideální průpravou na všeobecný pohybový rozvoj. Na nezpevněném povrchu se svěřenci učí lepší stabilitě a každý pohyb je náročnější, přesto šetrnější na pohybový aparát.</p>\r\n<h2 id=\"krouzky-pro-radost\">Kroužky pro radost</h2>\r\n<p>Dětská atletická přípravka je určena pro děti od 3 do 5 let, na ni volně navazují beachvolejbalové kroužky pro děti od 6 do 9 let, které jsou zaměřené na všeobecný pohybový rozvoj. Volejbalové základy trénují děti v kroužcích od 10 do 13 let. Na ně dále navazuje nejstarší věková kategorie pro děti od 14 do 18 let. Všechny kategorie jsou smíšené.</p>\r\n<p>Tyto kroužky jsou vedené jako rekreační, bez důrazu na výkonnost a výsledky. Prioritou těchto tréninků je naučit děti základy tohoto sportu a správným sportovním návykům, které si přenesou i do osobního života.</p>\r\n<h2 id=\"vykonnostni-treninky\">Výkonnostní tréninky</h2>\r\n<p>Díky široké mládežnické základně, kterou areál v současné době disponuje, se chceme zaměřit také na výkonnostní volejbal. Je to další krok Beachklubu Ládví ve výchově a motivaci našich svěřenců. </p>\r\n<p>Tyto výkonností tréninky budou zaměřené na děti s fyzickými a mentálními předpoklady pro tento sport. Cílem této tréninkové skupiny bude vychovávat budoucí reprezentanty našeho areálu a naší beach akademie. Tréninky budou vedeny individuálně s důrazem na rozvoj fyzických i technických schopností svěřenců.</p>\r\n<p>Tréninky 4x týdně:<br>- 2x výkonnostní trénink, trenér Jarda Malčík (skupina 3 - 8 dětí), trénink na písku<br>- 1x kondiční trénink&nbsp; ( skupina 3-8 dětí), trénink na písku<br>- 1x trénink šestkového volejbalu v hale<br></p>\r\n<p>Výkonnostní trénink pro rozvoj techniky a fyzických dispozic svěřence. Šestkový volejbal pro rozvoj dynamiky, výbušnosti a zlepšení techniky.</p>\r\n<h2 id=\"rozpis-beach-volejbalovych-treninku\">Rozpis beach volejbalových tréninků</h2>\r\n<p>Přípravka 3 - 6 let<br>Pondělí, středa, čtvrtek 15:15 - 16:00<br>(vstupné na trénink pro nejmenší je Ládvík - cena Ládvíka 60,- Kč - opravňuje dítě ke vstupu na 1 trénink)</p>\r\n<p>Přihlašování bude fungovat přes nový rezervační systém a realizace přípravky je možná od účasti min. 4 dětí. Odkaz na nový rezervační systém najdete zde. Pro přihlášení dítěte je nutné provést registraci v rezervačním systému.</p>\r\n<p>Kroužky pro děti 6 - 9 let<br>Pondělí až čtvrtek 16:00 - 17:00<br>(možnost výběru s ohledem a školu a ostatní aktivity dětí: pondělí - středa nebo úterý - čtvrtek)</p>\r\n<p>Kroužky pro děti 10 - 13 let<br>Pondělí až čtvrtek 17:00 - 18:00<br>(možnost výběru s ohledem na školu a ostatní aktivity dětí: pondělí - středa nebo úterý - čtvrtek)</p>\r\n<p>Kroužky pro děti 14 - 18 let<br>Čtvrtek + pátek 16:00 - 17:00 podle počtu zájemců</p>\r\n<h2 id=\"treneri\">Trenéři</h2>\r\n<p>Trenéry doplníme během prvního týdne kroužků.</p>\r\n<p>Každá tréninková skupina bude mít svého stálého trenéra, který skupinu povede po celou dobu školního roku.</p>\r\n<h2 id=\"cenova-nabidka\">Cenová nabídka</h2>\r\n<p>Vše se předplácí formou dobití kreditu v novém rezervačním systému.</p>\r\n<p>1) Pololetní 5ti měsíční. Kredit je na jméno a opravňuje majitele navštěvovat 2x týdně tréninky mládeže. Cena 3.150,- Kč (1 trénink = 75,- Kč).<br>3) Pololetní výkonnostní. Kredit je na jméno a opravňuje majitele být členem tréninkové výkonnostní skupiny, trénink 90 min. v uzavřené skupince (max. 12 dětí) 4x týdně, pravidelná nominace a účast na turnajích Juniorligy pod vedením trenéra, dresy pro sezónu 2015 - 16, klubové výhody pro regeneraci, prezentace úspěšných dvojic na webu Beachklubu Ládví. Nominaci do výkonnostních skupin řeší hlavní trenér mládeže a rodiče oslovených dětí. Cena 4.275,- Kč (cena je dotována Beachklubem Ládví, aby naši nadějní svěřenci měli možnost trénovat za špičkových podmínek za přijatelnou cenu).</p>\r\n<p>Platnost pololetní permanentky:<br>1 pololetí 1. září 2015 - 31. ledna 2016 (možnost zakoupení 1. - 14. 9. na recepci Beachklubu Ládví)<br>2 pololetí 1. února 2016 - 29. června 2016&nbsp; (možnost zakoupení 1. - 14. 9. na recepci Beachklubu Ládví)</p>\r\n<h2 id=\"klubova-prihlaska\">Klubová přihláška</h2>\r\n<p>Přihláška ke stažení ve formátu .pdf neboj .jpg.<br></p>\r\n<p>Pokud chcete pravidelně chodit do našich kroužků, kontaktujte našeho šéftrenéra Ondru Michálka na e-mail <a href=\"mailto:seftrener@beachklubladvi.cz\">seftrener@beachklubladvi.cz</a>&nbsp;nebo volejte na telefon 605 218 056.<br></p>',	'<section class=\"sidebar-menu\"><h2>Přehled</h2>\r\n\r\n    <ul>\r\n\r\n        <li><a href=\"#krouzky-pro-radost\">KROUŽKY PRO RADOST</a></li>\r\n<li><a href=\"#vykonnostni-treninky\">VÝKONNOSTNÍ TRÉNINKY</a></li>\r\n<li><a href=\"#rozpis-beach-volejbalovych-treninku\">ROZPIS BEACH VOLEJBALOVÝCH TRÉNINKŮ</a></li>\r\n<li><a href=\"#treneri\">TRENÉŘI</a></li>\r\n<li><a href=\"#cenova-nabidka\">CENOVÁ NABÍDKA</a></li>\r\n<li><a href=\"#klubova-prihlaska\">KLUBOVÁ PŘIHLÁŠKA</a></li>\r\n    </ul>\r\n\r\n</section>\r\n<p></p>',	2,	0,	0,	1,	29,	'beachvolejbalove-krouzky'),
(5,	'Rezervace kurtů',	'<h1>Rezervace kurtů</h1><h3>Pozor! Nový rezervační systém pro veškerá přihlašování vyžaduje novou registraci!</h3><p>Pro vstup do online rezervace kurtů, tréninků a turnajů klikněte <a href=\"https://jdemenato.cz/reservation/beachklub-ladvi/reservationcalendaroverview\" target=\"_blank\">zde</a>. Otevře se vám nové okno. Pokud nemáte jméno a heslo, tak se musíte registrovat, poté už můžete online rezervovat volné kurty, tréninky a turnaje.</p><h3><br></h3><p><br></p><h3><br></h3><h3><br></h3><br>',	'<p><br></p>',	2,	0,	0,	1,	28,	'rezervace-kurtu'),
(6,	'Beachvolejbalové turnaje v Praze v Beachklubu Ládví',	'<h1>Turnaje</h1>\r\n<blockquote>\r\nPozor! Nový rezervační systém pro veškerá přihlašování vyžaduje novou registraci!</blockquote>\r\n<p>Pro vstup do online přihlašování na turnaje klikněte <a href=\"https://jdemenato.cz/reservation/beachklub-ladvi/reservationcalendaroverview\" target=\"_blank\">zde</a>. Otevře se vám nové okno. Pokud nemáte jméno a heslo, tak se musíte registrovat, poté se už můžete online přihlašovat na turnaje.<br></p>\r\n<p>Pro zimní beachvolejbalovou sezónu 2015/2016 jsme si pro Vás připravili hned několik zajímavých turnajů. Pro usnadnění Vaší orientace budeme pořádat beachvolejbalové turnaje konkrétní herní úrovně vždy stejný víkend v měsíci.</p>\r\n<hr>\r\n<h2 id=\"ladvik-cup\">sobota: DECATHLON LÁDVÍK CUP</h2>\r\n<p>Dětská beachvolejbalová sezóna bude zahájena sérii turnajů pro ty nejmenší, tzv. Ládvík Cupem. Ten odstartoval již první zářijový víkend a další turnaje na sebe nenechají dlouho čekat.</p>\r\n<p>Kategorie:<br></p>\r\n<p>- turnaj pro rodiče s dětmi - děti do 10 let<br>- minibeachvolejbal v přehazované - dvojice do 10 let<br>- minibeachvolejbal - děti do 13 let<br>- beachvolejbal - děti do 18 let</p>\r\n<p>Své místo v oblíbeném turnaji si můžete pohlídat již nyní. Turnaj se bude opakovat každý měsíc a slouží jako kvalitní příprava na Pražskou Juniorligu (<a href=\"http://www.beachliga.cz\">www.beachliga.cz</a>).</p>\r\n<p>Termíny (první soboty v měsíci):</p>\r\n<p>- 04. 10. 2015<br>- 07. 11. 2015<br>- 05. 12. 2015</p>\r\n<p>Začátky utkání:</p>\r\n<p>- děti do 10 let - 09:00<br>- děti nad 10 let - 10:00</p>\r\n<hr>\r\n<h2 id=\"miracup\">neděle: MÍRACUP mixy</h2>\r\n<p>Oblíbený turnaj pro amatérské hráče, kempaře a kamarády. Registrace do turnaje v 9:45, začátek turnaje v 10:00.</p>\r\n<p>Termíny (první neděle v měsíci):</p>\r\n<p>- 11. 10. 2015<br>- 01. 11. 2015<br>- 06. 12. 2015</p>\r\n<p>Kapacita: 24 dvojic</p>\r\n<p>Startovné: 250,- Kč na osobu</p>\r\n<p>Organizátor: Míra Justián</p>\r\n<hr>\r\n<h2 id=\"abl-muzi-zeny\">sobota: ABL muži &amp; ženy</h2>\r\n<p>Vracíme se k samotné podstatě názvu tohoto turnaje ABL neboli Amatérská beachvolejbalová liga. Registrace do turnaje je v 8:45, začátek turnaje v 9:00.</p>\r\n<p>Termíny (třetí soboty v měsící):</p>\r\n<p>- 17. 10. 2015<br>- 14. 11. 2015<br>- 19. 12. 2015</p>\r\n<p>Kapacita: 16 dvojic žen / 16 dvojic mužů</p>\r\n<p>Startovné: 250,- Kč na osobu</p>\r\n<p>Organizátor: Ondra Michálek</p>\r\n<hr>\r\n<h2 id=\"abl\">neděle: ABL mixy</h2>\r\n<p>Vracíme se k samotné podstatě názvu tohoto turnaje ABL neboli Amatérská beachvolejbalová liga. Registrace do turnaje je v 10:45, začátek turnaje v 11:00.</p>\r\n<p>Termíny (třetí neděle v měsíci):</p>\r\n<p>- 18. 10. 2015<br>- 15. 11. 2015<br>- 20. 12. 2015</p>\r\n<p>Kapacita: 24 dvojic</p>\r\n<p>Startovné: 250,- Kč na osobu</p>\r\n<p>Organizátor: Ondra Michálek</p>\r\n<hr>\r\n<h2 id=\"derby\">VII. ročník Hradecko-pražského derby</h2>\r\n<p>Pojďme poměřit své síly proti Hradci! Pojďme reprezentovat barvy Prahy! Šestnáctka smíšených královéhradeckých dvojic dorazí opět do metropole, aby poměřila své síly proti jiné šestnáctce, proti té pražské. Za startovné pak každý tým dostane garanci nejméně čtyř utkání, která v turnaji odehraje. Po ukončení sedmého ročníku téhle celodenní sportovně kulturní akce proběhne standardní vyhlášení turnaje v místním beachbaru s následnou zábavou s hudební a foto projekcí! Resumé? Připoj se aktivně do hradecko-pražského derby organizovaného ve spolupráci Beachklubu Ládví a Beach Centra Hradec Králové.</p>\r\n<p>Termín: 21.11. 2015</p>\r\n<p>Kapacita: 16 dvojic Praha / 16 dvojic Hradec Králové</p>\r\n<p>Startovné: 250,- Kč na osobu</p>\r\n<p>Organizátor: Ondra Michálek &amp; Martin</p>\r\n<hr>\r\n<h3><strong>O CO SE U NÁS V ZIMĚ HRAJE</strong>?</h3>\r\n<p>V každé turnaji na Vás čekají zajímavé věcné ceny od našich partnerů.<br></p>\r\n<p><br></p>',	'<section id=\"block-menu-menu-proseries-prague\" class=\"block block-menu block-even sidebar-menu\">        <h2>Přehled</h2>\r\n      <div class=\"content\">    <ul class=\"menu clearfix\">\r\n<li class=\"first leaf about-the-contest mid-4284\"><a href=\"#ladvik-cup\">DECATHLON LÁDVÍK CUP</a><a href=\"#ladvik-cup\"></a></li>\r\n<li class=\"last leaf active-trail looking-for-a-mate mid-4283\"><a href=\"#miracup\">MÍRACUP MIXY</a></li>\r\n<li class=\"last leaf active-trail looking-for-a-mate mid-4283\"><a href=\"#abl-muzi-zeny\">ABL MUŽI &amp; ŽENY</a></li>\r\n<li class=\"last leaf active-trail looking-for-a-mate mid-4283\"><a href=\"#abl\">ABL MIXY</a></li>\r\n<li class=\"last leaf active-trail looking-for-a-mate mid-4283\"><a href=\"#derby\">HRADECKO-PRAŽSKÉ DERBY</a></li>\r\n</ul>\r\n  </div>\r\n</section>',	2,	0,	0,	1,	27,	'turnaje-v-praze'),
(7,	'Staňte se členem Beachklubu Ládví a získejte zajímavé výhody:',	'<h1>Členství v klubu</h1><p>Hrajete plážový volejbal nebo se chystáte hrát plážový volejbal a rádi byste reprezentovali sportovní klub? Nebo ani nechcete nikoho reprezentovat, ale hledáte výhodnější možnosti jak si pronajmout kurty? Tak právě pro Vás jsme připravili dvě různá členství v našem klubu - standardni a rozšířené (občas používáme zkratku VIP). Čtěte dále, abyste poznali výhody a rozdíly.</p><h3>standardní členství v Beachklubu Ládví</h3><ul><li>zvýhodněná cena na předplatné</li><li>slevy na turnaje</li><li>slevy u partnerů</li><li>cena 0 Kč</li></ul><h3><strong><a href=\"https://docs.google.com/forms/d/1NwuRMvKz5qcaHZLXNfUQbqp5G3zsApAP4yRPhABMcfA/viewform?usp=send_form\" title=\"Přihláška\">Přihláška</a></strong></h3><h3>rožšířené členství v Beachklubu Ládví</h3><ul><li>kurty \"zdarma\" v pondělí až čtvrtek od 08.00 do 15.00</li><li>kurty \"zdarma\" v sobotu a neděli po turnajích</li><li>kurt zdarma má pouze VIP člen, nečleni platí zbývající poměrnou částku</li><li>slevy na turnaje</li><li>slevy u partnerů</li></ul><p><strong>cena:</strong>&nbsp;letní členství 1200 Kč</p><ul></ul><p>Pro mimořádně nadané hráče a hráčky, kteří by rádi reprezentovali náš klub vytvoříme rádi nabídku šitou na míru. Stačí napsat vaše výsledky a plány na email:&nbsp;<a href=\"mailto:marketing@beachklubladvi.cz\">marketing@beachklubladvi.cz</a></p>',	'<p><br></p>',	2,	0,	0,	1,	26,	'clenstvi'),
(8,	'Tréninky',	'<h3>Kondiční tréninky:</h3><p>Nyní máte možnost v Beachklubu zlepšovat svou kondici a zlepšovat si postavu díky našim kondičním tréninkům. Základní náplní těchto tréninků je zdravotně preventivní příprava, výkonnostní příprava a celkový rozvoj pohybových dovedností. Využíváme cvičení na plážovém písku, díky kterému se zapojuje více svalových partií a tím dochází ke komplexnějšímu zpevnění celého těla. Trénink je vhodný pro všechny věkové i výkonnostní kategorie.</p><p>Přijďte si s námi zacvičit pro svou radost z pohybu. Více info&nbsp;<a href=\"/kondicni-treninky\">zde</a>&nbsp;a přihlásit se můžete<a href=\"/treninky\">&nbsp;zde.</a></p><h3>Tréninkové beachvolejbalové turnaje:</h3><p>Chcete natrénovat na beachvolejbalový turnaj bez zbytečného stresu? Máte problém sehnat soupeře na stejné úrovni? Chcete si zahrát beachvolejbal s novými protihráči, ale nechcete trávit celý den na turnaji? Pokud jste si zodpověděli alespoň jednou ano, tak právě pro vás jsme připravili tréninkové beachvolejbalové turnaje.</p><p>Více&nbsp;<a href=\"/treninkove-turnaje-praha\">zde.</a></p><h3>Individuální tréninky plážového volejbalu:</h3><p>Kromě standardně vypisovaných kempů se můžete domluvit s našimi trenéry na individuálním beachvolejbalovém tréninku u nás v Praze na Ládví nebo i mimo Prahu. Kontakt na naše trenéry najdete&nbsp;<a href=\"/o-nas\">zde.</a></p><p>Na aktuální kempy tréninky dospělých se můžete přihlásit online&nbsp;<a href=\"/treninky\">zde.</a></p><p><span>V případě zájmu pište prosím našemu&nbsp;</span><a href=\"/o-nas\">šéftrenérovi</a><span>&nbsp;na e-mail</span><a href=\"mailto:seftrener@beachklubladvi.cz\">seftrener@beachklubladvi.cz</a><span>&nbsp;</span><br></p>',	'<p><br></p>',	2,	0,	0,	1,	25,	'treninky'),
(9,	'Beachkempy v Itálii',	'<h1>BEACHKEMPY V ITÁLII</h1>\r\n<p>Chcete si užít týden u moře s přáteli a plážovým volejbalem? Špičkoví trenéři, příjemná atmosféra a kvalitní ubytování za vynikající ceny - to jsou beachvolejbalové kempy v italském Bibione, které tradičně připravil Beachklub Ládví ve spolupráci s cestovní kanceláří Nev-Dama ze skupiny Fischer. Těšit se můžete na široké písečné pláže, termální lázně, beach volejbalové tréninky 2x denně, cyklo a in-line vyjížďky každý den a kvalitní apartmány. No a chybět samozřejmě nemůže závěrečný turnaj, večerní víno, pizza a zpěv. Více o Bibione najdete zde.</p>\r\n<h3 id=\"terminy\">Termíny:</h3>\r\n<h3 id=\"treneri-\">Trenéři: </h3>\r\n<p>Těšit se můžete na kvalitní trenéry z řád bývalých špičkových volejbalistů z domácí extraligy, zahraničních soutěží a beachvolejbalového okruhu. Těšit se můžete předběžně na top trenéry Kamila Tučka a Míru Svobodu. V případě, že se naplní kapacita nad 32 účastníků, doplníme trenérský tým o třetího trenéra.</p>\r\n<p>Program beachkempu a rozpis beach volejbalových tréninků:</p>\r\n<p>Účastníci kempu budou rozděleni podle výkonnosti do 8 skupin max. po 8 lidech. Kapacita beach kempu je tedy 64 hráčů. Těšit se můžete na 2 beachvolejbalové tréninky denně po 1,5 hodině na 4 kurtech a k tomu ranní výklusy po pláži, odpolední vyjížďky na kole nebo na in-linech a další sportovní aktivity.</p>\r\n<p>• sobota - příjezd, ubytování, uvítací večírek<br>• neděle - čtvrtek - tréninky, hra, sportovní program, středa - volný program na&nbsp;regeneraci<br>• pátek - závěrečný turnaj<br>• sobota - odjezd</p>\r\n<p>Beachkempy jsou vhodné i pro rodiny s dětmi. V případě poptávky budou organizovány i dětské tréninky.<br></p>\r\n<h3 id=\"ubytovani\">Ubytování:</h3>\r\n<p>Villagio Michelangelo, Tivoli, San Siro</p>\r\n<p>Ubytování je zařízeno ve spolupráci s cestovní kanceláří Nev-Dama (ze skupiny Fischer) v komplexu dvoupodlažních vilek s několika bazény (Michelangelo) a sousedním menším vilovém rezortu s jedním bazénem (Tivoli), který je vzdálený asi 550 metrů od pláže. Podle zájmu si můžete vybrat z různých velikostí apartmánů. K dispozici jsou apartmány typu mono, bilo, trilo. Kompletní popis najdete zde.</p>\r\n<h3 id=\"cenik\">Ceník:</h3>\r\n<p>cena od 3.990 Kč</p>\r\n<p>Trilo (min. obsazenost 4 osoby) 4.490,- Kč, pro členy klubu nebo účastníky kempů v Bibione v roce 2014 a 2015 3.990,- Kč</p>\r\n<p>Bilo (min. obsazenost 3 osoby) 4.690,- Kč, pro členy klubu nebo účastníky kempů v Bibione v roce 2014 a 2015 4.190,- Kč</p>\r\n<p>Mono (min. obsazenost 2 osoby) 5.090,- Kč, pro členy klubu nebo účastníky kempů v Bibione v roce 2014 a 2015 4.590,- Kč</p>\r\n<p>* Cena zahrnuje ubytování, veškeré spotřeby, delegátské služby, kurty, tréninky a závěrečný turnaj.</p>\r\n<p>Možné slevy a příplatky (nepovinné):</p>\r\n<p>• sleva pro netrénující účastníky 1.300 Kč<br>• příplatek za nocleh až do neděle 300 Kč<br>• autobusová doprava: 1.990 Kč dospělí, 1.790 Kč děti do 12 let<br>• ložní prádlo 200 Kč<br>• závěrečný úklid dle typu bytu: mono 700 Kč, bilo 900 Kč, trilo 1.100 Kč<br>• cestovní pojištění 290,-<br></p>\r\n<h3 id=\"prihlasky-\">Přihlášky: </h3>\r\n<p>Přihlášky posílejte Lucii Trnkové na email&nbsp; <a href=\"mailto:info@beachklubladvi.cz\">info@beachklubladvi.cz</a> . Uveďte prosím Vaše jméno, příjmení, datum narození, e-mail, telefon, v jaké typologii apartmánu chcete být ubytování a s kým. A jaké chcete využít slevy či příplatky. POZOR! Nově do přihlášky ohodnoťte i úroveň svých volejbalových dovedností známkou jako ve škole (1 - nejlepší, pokročilý; 2 - středně pokročilý; 3 - přechod mezi pokročilým a mírně pokročilým; 4 - mírně pokročilý; 5 - začátečník). Podle toho určíme i předběžné zařazení do tréninkových skupin. Následně vám zašleme informace k platbě.</p>\r\n<p>Spolu s přihláškou vyplňte svou účast i prostřednictvím našeho <a href=\"/rezervace-kurtu\">rezervačního systému</a>, kde jsou jednotlivé turnusy vypsané - zde. Můžete sledovat, kdo je na jednotlivé turnusy přihlášen.<br></p>\r\n<p>Záloha ve výši 500,- Kč je splatná do 10 dní od odeslání údajů k platbě.</p>\r\n<p>Storno poplatky: více jak 14 dní před kempem 50% z ceny kempu, méně jak 14 dní 100%. V případě, že za sebe najdete náhradníka, vracíme celou částku. Doporučujeme uzavřít storno pojištění pro případ nemoci.</p>\r\n<p>Veškeré bližší informace a dotazy poskytne Lucka Trnková na mailu <a href=\"mailto:info@beachklubladvi.cz\">info@beachklubladvi.cz</a>&nbsp; nebo na telefonu 728 189 731.<br></p>\r\n<p>\r\n  <br>\r\n</p>',	'<section class=\"sidebar-menu\"><h2>Přehled</h2>\r\n    <ul>\r\n        <li><a href=\"#terminy\">TERMÍNY</a></li><li><a href=\"#treneri-\">TRENÉŘI</a></li><li><a href=\"#ubytovani\">UBYTOVÁNÍ</a></li><li><a href=\"#cenik\">CENÍK</a></li><li><a href=\"#prihlasky-\">PŘIHLÁŠKY</a></li>    </ul>\r\n</section>\r\n',	2,	0,	0,	1,	24,	'beachkempy-v-italii'),
(10,	'Beachkempy v Čechách',	'<h1>PŘEHLED BEACHKEMPŮ V ČECHÁCH</h1><h2 id=\"letni-primestske-beachvolejbalove-kempy-pro-deti\">Letní příměstské beachkempy pro děti</h2><p>Beachklub Ládví pořádá prázdninové příměstské tábory v plážovém volejbalu pro děti. Beachvolejbalový intenzivní kemp s výukou angličtiny se zkušenými lektory soukromé jazykové školy Fresh School. Turnus vždy začíná v pondělí ráno a končí v pátek odpoledne</p><p>Termíny prázdninových beachvolejbalových kempů:</p><p>I. turnus:<br>II. turnus:<br>III. turnus: <br>IV. turnus: </p><p>Program prázdninových beachvolejbalových kempů:</p><p>08:30 - 9:00 příchod - svačina<br>09:30 - dopolední tréninková jednotka<br>11:00 - relaxace (k dispozici doplňkové sporty jako badminton, pétanque, trampolína)<br>11:30 - oběd<br>12:00 - 13:00 - výuka AJ - výuku garantují lektoři z jazykové školy Fresh School<br>14:00 - odpolední tréninková jednotka<br>16:00 - 16:30 svačina a vyzvednutí rodiči</p><p>V pátek odpoledne dětský turnaj kempařů ukončený předáním cen a vyhlášením nejlepších účastníků turnaje.</p><p>Co připravit dětem na kemp:</p><p>Prosíme kromě sportovního oblečení (2x tričko, trenky či tepláky) zabalte dětem do tašky i lahev na pití, sluneční brýle, pokrývku hlavy a krém na opalování. V případě špatného počasí i sportovní boty. Pro případ deště máme v areálu Beachklubu Ládví i tělocvičnu.</p><p>Cena beach volejbalového kempu: 2.490,- Kč. Pro členy klubu, děti s trvalým bydlištěm v Praze 8 nebo účastníky loňského příměstského tábora 2.100 Kč.</p><p>Cena kromě kurtů, míčů a tréninkových jednotek zahrnuje i snídani, oběd, svačinu a pitný režim v průběhu celého dne, kempové tričko značky Under Armour a výuku angličtiny.</p><p>Přihlásit se můžete mailem na <a href=\"mailto:info@beachklubladvi.cz\">info@beachklubladvi.cz</a>&nbsp; a online v rezervačním systému.</p><h2 id=\"beachvolejbalove-kempy-v-podebradech\">Beachkempy v Poděbradech</h2><p>Díky velkému zájmu a pozitivním ohlasům Beachklub Ládví rozšiřuje nabídku intenzivních letních beachvolejbalových kempů v Poděbradech.<br>Abyste se měli na co těšit, podrobné info o místě konání naleznete zde.</p><p>Termíny:</p><p>Ubytování:</p><p>Ubytování v nově zařízeném hotelu Junior v centru Poděbrad. Více info zde.</p><p>Kapacita kempu: 16 osob. Kemp se uskuteční při minimálním počtu 10 osob.</p><p>Beachvolejbalové tréninky:</p><p>Beachvolejbalové tréninky budou probíhat na kurtech koupaliště v Poděbradech pod vedením šéftrenéra Beachklubu Ládví Ondry Michálka, případně Míry Justiána.<br>Rozdělení do 2 tréninkových skupin po 8 lidech (podle počtu přihlášených).</p><p>Program beach kempu:</p><p>Pátek<br>09:00 - příjezd a ubytování<br>10:00 - 13:00 rozřazovací hra<br>15:00 - 18:00 tréninky</p><p>Sobota<br>09:00 - 12:00 tréninky<br>15:00 - 18:00 tréninky</p><p>Neděle<br>09:00 – 12:00 tréninky<br>14:00 – 17:00 turnaj</p><p>V době mimo tréninky individuální program:</p><p>- vyhlášené písečné jezero<br>- kvalitní inline stezky <br>- nespočet kaváren a restaurací<br>- lázeňská kolonáda<br></p><p>Cena: 2.210,- Kč/osoba. Pro členy klubu nebo účastníky loňského kempu v Poděbradech 1.910,- Kč / osoba.</p><p>Cena zahrnuje ubytování se snídaní, tréninky s trenérem, kurty ke hře, vstup na koupaliště a v neposlední řadě průvodce krásami Poděbrad.</p><p>Částku uhraďte převodem na číslo účtu 107-5561340227/0100 nejpozději měsíc před začátkem daného kempu. Nezapomeňte uvést své jméno.</p><p>Přihlásit se můžete e-mailem na <a href=\"mailto:info@beachklubladvi.cz\">info@beachklubladvi.cz</a>&nbsp; nebo online v rezervačním systému. </p><h2 id=\"beachvolejbalove-kempy-u-machova-jezera\">Beachkempy u Máchova jezera</h2><p>Díky velkému zájmu a pozitivním ohlasům Beachklub Ládví rozšiřuje nabídku intenzivních letních beachvolejbalových kempů o kemp na „Mácháči“. Abyste se měli na co těšit, podrobné info o místě konání naleznete zde.</p><p>Termín:<br></p><p>Ubytování:</p><p>Ubytování je zajištěno v penzionu SPORTline - Penzion &amp; FitCentrum Doksy.<br>Adresa: Lesní 458, Doksy. <br></p><p>Kapacita kempu: 32 osob. Kemp se uskuteční při minimálním počtu 12 osob.</p><p>Beachvolejbalové tréninky:</p><p>Beachvolejbalové tréninky budou probíhat na kurtech přímo u Máchova jezera pod vedením šéftrenéra Beachklubu Ládví Ondry Michálka a špičkového hráče beachvolejbalu a trenéra s dlouholetými zkušenostmi Míry Svobody.<br>Rozdělení do 4 tréninkových skupin po 6 - 8 lidech (podle počtu přihlášených).</p><p>Program beach kempu:</p><p>Pátek<br>09:00&nbsp;&nbsp;&nbsp;&nbsp;&nbsp;&nbsp;&nbsp;&nbsp;&nbsp;&nbsp;&nbsp;&nbsp;&nbsp; příjezd a ubytování<br>10:00 - 13:00&nbsp; rozřazovací hra<br>15:00 - 18:00&nbsp; tréninky</p><p>Sobota<br>09:00 - 12:00&nbsp; tréninky<br>15:00 - 18:00&nbsp; tréninky</p><p>Neděle<br>09:00 – 12:00&nbsp; tréninky<br>14:00 – 17:00&nbsp; turnaj</p><p>V době mimo tréninky individuální program:</p><p>- krásná pláž Máchova jezera<br>- kvalitní a hustá síť cyklostezek <br>- středověké hrady (Bezděz, Houska, Kokořín, Lemberk)<br>- mnoho restaurací a kaváren v Doksech<br>- okružní plavby po jezeře!</p><p>Cena: </p><p>2.500,- Kč/osoba. Cena zahrnuje ubytování se snídaní, tréninky s trenérem, kurty ke hře, tréninkové pomůcky, vstup na pláž jezera po celou dobu kempu. V ceně ubytování je zároveň zahrnut vstup do fitness zdarma, free WiFi a parkovací místo. Dále mají ubytování nárok na 25% slevu na sál na cvičení a spinning.</p><p>1.900,- Kč / osoba<br>Cena je bez ubytování, zahrnuje tréninky s trenérem, kurty ke hře, tréninkové pomůcky, vstup na pláž jezera po celou dobu kempu.</p><p>Částku uhraďte převodem na číslo účtu 107-5561340227/0100 poté, co obdržíte variabilní symbol. Nejpozději uhraďte částku měsíc před začátkem daného kempu. Nezapomeňte uvést své jméno.<br></p><p>Přihlásit se můžete e-mailem na <a href=\"mailto:info@beachklubladvi.cz\">info@beachklubladvi.cz</a>&nbsp; nebo online v rezervačním systému.</p><h2 id=\"beachvolejbalove-kempy-na-ladvi-pod-vedenim-jardy-malcika\">Beachkempy na Ládví pod vedením Jardy Malčíka</h2><p>Nově nabízíme prodloužené víkendy all Inclusive přímo v areálu Beachklubu Ládví pro pražské i přespolní. Intenzivní tréninky 2x denně zaměřené na zlepšení herních činností jednotlivce. Tréninkové skupiny: a) začátečníci, b) mírně pokročilí, c) pokročilí (rozdělení do skupin podle přihlášených účastníků). Hlavní trenér těchto kempů je Jaroslav Malčík (šéftrenér mládeže).<br></p><p>Termíny:</p><p>Ubytování: 500 m od Beachklubu v Hostelu Ládví</p><p>Kapacita kempu: 16 osob. Kemp se uskuteční při minimálním počtu 12 osob.<br>2 tréninkové skupiny 6 - 8 osob.<br></p><p>Plná penze + pitný režim:</p><p>Snídaně: formou bufetu, čaj, káva<br>Oběd: výběr ze 2 jídel + polévka dle denní nabídky<br>Večeře: Gril<br>Vše na baru Beachklubu Ládví.</p><p>Program beachkempu:</p><p>Pátek<br>09:00 - příjezd a ubytování<br>10:00 - 13:00 rozřazovací hra<br>15:00 - 18:00 tréninky<br>Sobota<br>09:00 - 12:00 tréninky<br>15:00 - 18:00 tréninky<br>Neděle<br>09:00 – 12:00 tréninky<br>14:00 – 17:00 turnaj</p><p>V době mimo tréninky individuální program:</p><p>• dobrá dostupnost do centra Prahy, stanice metra Ládví (centrum 10 min.)<br>• program bez večerky - noční život na dosah ruky<br>• velký areál s možností využití kurtů mimo tréninky<br>• možnost využití doprovodných aktivit pétanque, kroket, velkoplošná TV, bungee running – vše v areálu Beachklubu Ládví</p><p>Cena: 2550,- Kč / osoba<br>Cena 2.550,- Kč / osoba za kemp je trenér, pronájem kurtů, míče a tréninkové pomůcky, video výstup, strava od pátku do neděle (snídaně, oběd, večeře), pitný režim, ubytování (2 noci v Hostelu Ládví, na pokoji 2 – 5 osob).<br>1950,-Kč / osoba (bez ubytování)</p><p>Částku uhraďte převodem na číslo účtu 107-5561340227/0100 nejpozději měsíc před začátkem daného kempu. Nezapomeňte uvést své jméno.</p><p>Přihlásit se můžete e-mailem na <a href=\"mailto:info@beachklubladvi.cz\">info@beachklubladvi.cz</a>&nbsp; nebo online v rezervačním systému.<br></p>',	'<section class=\"sidebar-menu\"><h2>Přehled</h2>\r\n    <ul>\r\n        <li><a href=\"#letni-primestske-beachvolejbalove-kempy-pro-deti\">LETNÍ PŘÍMĚSTSKÉ BEACHKEMPY PRO DĚTI</a></li><li><a href=\"#beachvolejbalove-kempy-v-podebradech\">BEACHKEMP V PODĚBRADECH</a></li><li><a href=\"#beachvolejbalove-kempy-u-machova-jezera\">BEACHKEMP U MÁCHOVA JEZERA</a></li><li><a href=\"#beachvolejbalove-kempy-na-ladvi-pod-vedenim-jardy-malcika\">BEACHKEMP LÁDVÍ JARDY MALČÍKA</a></li>    </ul>\r\n</section>\r\n',	2,	0,	0,	1,	23,	'kempy-v-cechach'),
(12,	'Celoroční kroužky bechvolejbalu a všeobecného pohybového rozvoje pro děti',	'<h3>Beachklub Ládví se zaměřuje na výchovu mládeže od 3 do 18 let</h3><p>Díky pískovému pokladu je náš areál ideální průpravou na všeobecný pohybový rozvoj. Na nezpevněném povrchu se svěřenci učí lepší stabilitě a každý pohyb je náročnější, přesto šetrnější na pohybový aparát.</p><h3>Kroužky pro radost</h3><p>Dětská atletická přípravka je určena pro děti od 3 do 5 let, na ni volně navazují beachvolejbalové kroužky pro děti od 6 do 9 let, které jsou zaměřené na všeobecný pohybový rozvoj. Volejbalové základy trénují děti v kroužcích od 10 do 13 let. Na ně dále navazuje nejstarší věková kategorie pro děti od 14 do 18 let.&nbsp;<span>Všechny kategorie jsou smíšené.</span></p><p><span>Tyto kroužky jsou vedené jako rekreační, bez důrazu na výkonnost a výsledky. Prioritou těchto tréninků je naučit děti základy tohoto sportu a správným sportovním návykům, které si přenesou i do osobního života.</span></p><h3>Výkonnostní tréninky</h3><p><span>Díky široké mládežnické základně, kterou areál v současné době disponuje, se chceme zaměřit také na výkonnostní volejbal.&nbsp;</span><span>Je to další krok Beachklubu Ládví ve výchově a motivaci našich svěřenců.</span></p><p>Tyto výkonností tréninky budou zaměřené na děti s fyzickými a mentálními předpoklady pro tento sport. Cílem této tréninkové skupiny bude vychovávat budoucí reprezentanty našeho areálu a naší beach akademie. Tréninky budou vedeny individuálně s důrazem na rozvoj fyzických i technických schopností svěřenců.</p><p>Tréninky 4x týdně:</p><p>- 2x výkonnostní trénink, trenér Jarda Malčík (skupina 3 - 8 dětí), trénink na písku</p><p>- 1x kondiční trénink &nbsp;( skupina 3-8 dětí), trénink na písku</p><p>- 1x trénink šestkového volejbalu v hale</p><p><span>Výkonnostní trénink pro rozvoj techniky a fyzických dispozic svěřence. Šestkový volejbal pro rozvoj dynamiky, výbušnosti a zlepšení techniky.</span></p><h3>Rozpis beach volejbalových tréninků</h3><h3>Přípravka 3 - 5 let</h3><p>Pondělí, středa, čtvrtek 15:15 - 16:00 + středa 16:00 - 16:45</p><p>(vstupné na trénink pro nejmenší je Ládvík - cena Ládvíka 60,- Kč - opravňuje dítě ke vstupu na 1 trénink)</p><h3>Kroužky pro děti 6 - 9 let</h3><p>Pondělí až čtvrtek 16:00 - 17:00</p><p>(možnost výběru s ohledem a školu a ostatní aktivity dětí: pondělí - středa nebo úterý - čtvrtek)</p><h3>Kroužky pro děti 10 - 13 let</h3><p>Pondělí až čtvrtek 17:00 - 18:00</p><p>(možnost výběru s ohledem na školu a ostatní aktivity dětí: pondělí - středa nebo úterý - čtvrtek)</p><h3>Kroužky pro děti 14 - 18 let</h3><p>Úterý a čtvrtek 16:00 - 17:00</p><p>+ Pondělí&nbsp; a pátek 16:00 - 17:00</p><p>Trenéři: trenéry doplníme během prvního týdne kroužků</p><p>Každá tréninková skupina bude mít svého stálého trenéra, který skupinu povede po celou dobu školního roku.</p><h3>Cenová nabídka</h3><p>Vše se předplácí formou dobití čipové karty</p><p>1) 10 kreditů, které se dají libovolně vybrat bez časového omezení.&nbsp;<strong>Cena 1000,- Kč&nbsp;</strong>(1 trénink = 100,-).</p><p>2) Pololetní 5ti měsíční. Karta je na jméno a opravňuje majitele navštěvovat 2x týdně tréninky mládeže, využívat bezplatně kurty v případě, že jsou mimo špičku volné.<strong>&nbsp;Cena 3.150,- Kč&nbsp;</strong>(1 trénink = 75,- Kč).</p><p>3) Pololetní výkonnostní. Karta je na jméno a opravňuje majitele být členem tréninkové výkonnostní skupiny, trénink v uzavřené skupince (max. 8 dětí) 4x týdně, pravidelná nominace a účast na turnajích Juniorligy pod vedením trenéra, dresy pro sezónu 2014 - 15, klubové výhody pro regeneraci. Bezplatné využití kurtů mimo špičku, prezentace úspěšných dvojic na webu beachklubu. Nominaci do výkonnostních skupin řeší hlavní trenér mládeže a rodiče oslovených dětí. Cena 3990,- Kč (cena je dotována Beachklubem Ládví, aby naši nadějní svěřenci měli možnost trénovat za špičkových podmínek za přijatelnou cenu).</p><p><strong><span>Pololetní permanentka platnost:</span></strong></p><p><strong>1 pololetí&nbsp;</strong>1. září 2014 - 31. ledna 2015 (možnost zakoupení 1. - 14. 9. na recepci Beachklubu Ládví)</p><p><strong>2 pololetí</strong>&nbsp;1. února 2014 - 29. června 2015&nbsp;&nbsp;<span></span><span>(možnost zakoupení 1. - 14. 9. na recepci Beachklubu Ládví)</span></p><h3>Klubová přihláška</h3><p><strong>Všichni naši kroužkaři s pololetní permanentkou mají možnost využívat bezplatně areál ve volných hodinách, bezplatně se účastnit dětských akcí pořádaných Beachklubem Ládví.</strong></p><p>Přihláška ke stažení ve formátu&nbsp;<a href=\"http://www.beachklubladvi.cz/images/krouzky.pdf\">.pdf</a>&nbsp;neboj&nbsp;<a href=\"http://www.beachklubladvi.cz/images/krouzky.jpg\">.jpg</a><strong>.<br></strong></p><p>Pokud chcete pravidelně chodit do našich kroužků, kontaktujte našeho šéftrenéra Ondru Michálka na e-mail&nbsp;<span><a href=\"mailto:seftrener@beachklubladvi.cz\">seftrener@beachklubladvi.cz</a>&nbsp;</span>nebo volejte na telefon: 605 218 056.</p><p><img src=\"/files\\gallery\\3\\docs-fa39256f480fa51d1f70cb3890aaec36.jpg\" width=\"570\"></p><p><img src=\"/files\\gallery\\3\\docs-c718eebf750cc240cc0e37c4b7afa756.jpg\" width=\"570\"></p><p><img src=\"/files\\gallery\\3\\docs-1a7cd302290d30cb2d4156476bfbb97c.jpg\" width=\"570\"></p>',	'<p><br></p>',	2,	0,	0,	1,	22,	'deti-a-mladez'),
(13,	'Beach volejbalové kempy pro maminky',	'<p>Připravili jsme kempy plážového volejbalu pro maminky s malými dětmi. Máme zajištěné hlídání a pěkně vybavený dětský koutek, takže si nemusíte dělat starosti s tím, kdo vám pohlídá ratolesti. Kempy jsou vhodné pro maminky, které se chtějí po porodu chtějí vrátit zpátky do formy nebo se jen chtějí odreagovat. Přijít můžete samozřejmě, i když žádné děti nemáte, ale vyhovuje vám čas a náplň tréninku.</p><h3>Treninková náplň beachvolejbalových kempů pro maminky:</h3><ul><li>protažení</li><li>zahřátí</li><li>nácvik základních herních činností</li><li>simulace herních situací</li><li>hra samotná</li><li>konečné protažení</li></ul><h3>Délka tréninkové jednotky:</h3><p>120 minut</p><h3>Ceník beachvolejbalového kempu pro maminky:</h3><p>1&nbsp;lekce - 250 Kč při zakoupení permanentky 5+1) splatná před zahájením tréninku, cena zahrnuje 90 min. tréninku, 30 min. hry a dvě hodiny hlídání dětí zkušenými au-pair; v případě zájmu je možné objednat čerstvé jídlo pro děti i miminka z restaurace Na Krásné Vyhlídce.</p><h3>Termíny beachvolejbalových kempů pro maminky:</h3><p>středa: 10:00 - 12:00</p><p>čtvrtek: 09:00 - 11:00</p><p>Tréninková jednotka max. pro 16 osob na 2 tréninkové skupiny podle výkonnosti. Pod vedením trenérů Ondry Michálka a Jardy Malčika</p><p>Online rezervace beachvolejbalových kempů pro maminky&nbsp;<a href=\"http://www.beach-ladvi.rezervuju.cz/training\">zde.</a></p>',	'<p><br></p>',	2,	0,	0,	1,	21,	'maminky'),
(14,	'Beachvolejbalové kempy',	'<p>Beachvolejbalové kempy organizujeme v Beachklubu Ládví každý den od 18.00 a jsou ideální pro dospělé začátečníky a mírně pokročilé. Páteční hrací tréninky jsou naopak určené spíše pokročilejším hráčům</p><h2 style=\"padding-right: 10px; padding-bottom: 5px; padding-left: 10px; margin: 0px; border: none;\">Tréninkové kempy plážového volejbalu</h2><h3 style=\"padding-right: 10px; padding-bottom: 0px; padding-left: 10px; margin: 0px; border: none;\">Náplň tréninkové jednotky:</h3><ul style=\"margin-right: 5px; margin-bottom: 0px; margin-left: 5px;\"><li style=\"border: none; float: none; clear: both;\">Protažení</li><li style=\"border: none; float: none; clear: both;\">Zahřátí</li><li style=\"border: none; float: none; clear: both;\">Nácvik základních herních činností</li><li style=\"border: none; float: none; clear: both;\">Simulace herních situací</li><li style=\"border: none; float: none; clear: both;\">Hra samotná</li><li style=\"border: none; float: none; clear: both;\">Konečné protažení</li></ul><h3 style=\"padding-right: 10px; padding-bottom: 0px; padding-left: 10px; margin: 0px; border: none;\">Délka tréninkové jednotky:</h3><p style=\"border: none; float: none; clear: both; padding: 0px 10px 0px 30px;\">90 min. a 60 min.</p><h3 style=\"padding-right: 10px; padding-bottom: 0px; padding-left: 10px; margin: 0px; border: none;\">Ceník beach volejbalových kempů:</h3><p style=\"border: none; float: none; clear: both; padding: 0px 10px;\">1&nbsp;lekce 90 min. - 200 Kč (při zakoupení permanentky 5+1) 60 min.&nbsp;&nbsp;150 Kč (při zakoupení permanentky 5+1)</p><h3 style=\"padding-right: 10px; padding-bottom: 0px; padding-left: 10px; margin: 0px; border: none;\">Termíny beach volejbalových kempů:</h3><h3 style=\"padding-right: 10px; padding-bottom: 0px; padding-left: 10px; margin: 0px; border: none;\">Online rezervace:</h3><p style=\"border: none; float: none; clear: both; padding: 0px 10px;\">Místo na kempu si můžete rezervovat online&nbsp;<a href=\"http://www.beach-ladvi.rezervuju.cz/training\">zde.</a></p><p style=\"border: none; float: none; clear: both; padding: 0px 10px;\">V případě, že byste chtěli znát více podrobností, pište prosím Ondrovi Michálkovi&nbsp;na e-mail:&nbsp;<a href=\"mailto:seftrener@beachklubladvi.cz\">seftrener@beachklubladvi.cz</a>&nbsp;nebo volejte na telefon: 605 218 056</p><h3 style=\"padding-right: 10px; padding-bottom: 0px; padding-left: 10px; margin: 0px; border: none;\">Sankce</h3><p style=\"border: none; float: none; clear: both; padding: 0px 10px;\">V případě neodhlášení 12 hodin před konáním tréninkového kempu zaplatíte při dalším kempu pokutu 100,- Kč!!!</p><h2 style=\"padding-right: 10px; padding-bottom: 5px; padding-left: 10px; margin: 0px; border: none;\">Páteční beachpárty</h2><p style=\"border: none; float: none; clear: both; padding: 0px 10px;\">Každý pátek organizujeme \"beachpárty\", které jsou věnované především hře a pravidelně se jich účastní až 24 hráčů. Úroveň je určena pro středně pokročilé a pokročilejší hráče.</p><h3 style=\"padding-right: 10px; padding-bottom: 0px; padding-left: 10px; margin: 0px; border: none;\">Treninková náplň:</h3><ul style=\"margin-right: 5px; margin-bottom: 0px; margin-left: 5px;\"><li style=\"border: none; float: none; clear: both;\">Protažení</li><li style=\"border: none; float: none; clear: both;\">Turnaj</li><li style=\"border: none; float: none; clear: both;\">Konečné protažení</li></ul><h3 style=\"padding-right: 10px; padding-bottom: 0px; padding-left: 10px; margin: 0px; border: none;\">Délka tréninkové jednotky:</h3><p style=\"border: none; float: none; clear: both; padding: 0px 10px 0px 30px;\">2,5 - 3 Hod</p><h3 style=\"padding-right: 10px; padding-bottom: 0px; padding-left: 10px; margin: 0px; border: none;\">Ceník:</h3><p style=\"border: none; float: none; clear: both; padding: 0px 10px;\">200 Kč ( Při zakoupení permanentky 5+1)</p><h2 style=\"padding-right: 10px; padding-bottom: 5px; padding-left: 10px; margin: 0px; border: none;\">Rezervace:</h2><p style=\"border: none; float: none; clear: both; padding: 0px 10px;\">Místo na kempu si můžete rezervovat online&nbsp;<a href=\"http://www.beach-ladvi.rezervuju.cz/training\">zde</a></p><p style=\"border: none; float: none; clear: both; padding: 0px 10px;\">V případě zájmu pište prosím našemu&nbsp;<a href=\"http://www.beachklubladvi.cz/treneri.html\">šéftrenérovi</a>&nbsp;na e-mail:<a href=\"mailto:seftrener@beachklubladvi.cz\">seftrener@beachklubladvi.cz</a>&nbsp;nebo volejte na telefon: 605 218 056</p><h3 style=\"padding-right: 10px; padding-bottom: 0px; padding-left: 10px; margin: 0px; border: none;\">Sakce</h3><p style=\"border: none; float: none; clear: both; padding: 0px 10px;\">V případě neodhlášení 12 hodin před konáním tréninkového kempu zaplatíte při dalším kempu pokutu 100,- Kč!!!</p>',	'<p><br></p>',	2,	0,	0,	1,	20,	'dospeli'),
(15,	'Kondiční tréninky nejen pro sportovce',	'<p>Beachklub Ládví nově otevírá nedělní kondiční tréninky. Nyní máte možnost si neobvyklým způsobem splnit svá novoroční předsevzetí o lepší kondici a krásné postavě. Vyměňte fitness studia, vyzkoušejte pohyb v jemné písku, díky kterému je trénink intenzivnější a přitom šetrnější k pohybovému aparátu.</p><p>Základní náplní našich tréninků je zdravotně preventivní příprava, výkonnostní příprava (rozvoj vyrtvalostních, rychlostních, silových, koordinačních schopností a pohyblivosti) a celkový rozvoj pohybových dovedností. využíváme cvičení na písku, díky kterému se zapojuje více svalových partíí a tím dochází ke komplexnějšímu zpevnění celého těla. Trénink je vhodný pro všechny věkové i výkonnostní kategorie. Přiďte si s námi zacvičit pro svou radost z pohybu.</p><h3>Kondiční tréninky</h3><p><span>Kondiční tréninky pořádáme nově každou neděli od 19 hodin. Trénink je vhodný jak pro mládež, tak pro dospělé včetně všech výkonnostních kategorií.</span></p><p></p><h3>Obsah a rozdělení jednotlivých tréninků:</h3><ul><li><p>Každou první neděli v měsíci bude trénink zaměřen na reakční rychlost a rychlost jako takovou. Při tréninku využijeme růžných odporových metod a reakčních cvičení. Od letní sezony i kontrastních cvičení pevný povrch-písek.</p></li><li>Každou druhou neděli v měsíci se zaměříme na tonizaci a posílení všech důležitých svalových skupin pomocí kruhového tréninku za použití různých pomůcek a zajímavých obměn již známých cviků.</li><li>Každou třetí neděli v měsíci dáme zabrat hlavně našim nohám při nácviku naší odrazové síly. Využívat budeme i různé překážky. Od léta opět zařadíme kontrastní cvičení mimo písek.</li><li>Každou čtvrtou neděli v měsíci se budeme soustředit na zpevěnění našeho posttoje a hlavně na posílení HSS (hlubokého stabilizačního systému). Cvičit budeme jak se svojí vahou, tak s pomůckami a využijeme i cvičení ve dvojicích.</li><li>Od letní sezony s přidáním tréninkových hodin i ve všední dny přidáme tréninky zaměřené na kompenzační cvičení pro volejbalisty, vytrvalostní trénink, různé posilovací tréninky s pomůckami i bez nich a tréninky na zlepšení celkové kondice. Při větším zájmu můžeme kterýkoliv trénink zařadit již nyní.</li></ul><h3>Náplň tréninkové jednotky:</h3><p><span><span>·<span>&nbsp;</span></span></span><span>Zahřátí</span></p><p><span><span>·<span>&nbsp;</span></span></span><span>Protažení</span></p><p><span><span>·<span>&nbsp;</span></span></span><span>Hlavní tréninková jednotka</span></p><p><span><span>·<span>&nbsp;</span></span></span><span>Závěrečné protažení</span></p><p>&nbsp;</p><h3>Cvičíme jak sami, tak ve dvojicích a při tréninku využíváme:</h3><ul><li><strong>Váhu vlastního těla</strong></li><li>Medicimbaly</li><li>TRX</li><li>Lavičky</li><li>Expandery</li><li>Aerobary</li></ul><h3><span><strong>Součástí kondičního tréninku jsou:</strong></span></h3><p><span><span>·<span>&nbsp;</span></span></span><span>Zdravotně preventivní příprava</span></p><p><span><span>·<span>&nbsp;</span></span></span><span>Kompenzační cvičení</span></p><p><span><span>·<span>&nbsp;</span></span></span><span>Výkonnostní příprava (zlepšení vytrvalostních, rychlostních, silových, odrazových, koordinačních schopností a pohyblivosti)</span></p><p><span><span>·<span>&nbsp;</span></span></span><span>Celkový rozvoj pohybových dovedností</span></p><h3><span><strong>Cíle kondičního tréninku jsou:</strong></span></h3><p><span><span>·<span>&nbsp;</span></span></span><span>Odstranění svalových disbalancí</span></p><p><span><span>·<span>&nbsp;</span></span></span><span>Zpevnění svalového tonusu</span></p><p><span><span>·<span>&nbsp;</span></span></span><span>Zlepšení celkové kondice</span></p><p><span><span>·<span>&nbsp;</span></span></span><span>Vytvarování postavy</span></p><p><span><span>·<span>&nbsp;</span></span></span><span>Redukce váhy na úkor tuků</span></p><p><span><span>·<span>&nbsp;</span></span></span><span>Nárůst svalové hmoty</span></p><p><span><span>·<span>&nbsp;</span></span></span><span>Zlepšení držení těla</span></p><p><span><span>·<span>&nbsp;</span></span></span><span>Zlepšení pohyblivosti</span></p><h3><span><strong>Délka tréninkové jednotky</strong></span></h3><p><span>90 minut</span></p><h3><span><strong>Cena tréninkové jednotky</strong></span></h3><p><span>1&nbsp;lekce 90 min. - 250 Kč. Do konce února zaváděcí sleva 20</span><span>%</span><span>&nbsp;na 200 Kč.&nbsp;<strong>První hodina je pro každého účastníka ZDARMA.</strong><br></span></p><p><span style=\"line-height: 1.42857143;\">Kondiční tréninky budeme vypisovat v našem rezervačním systému, kde se můžete on-line přihlašovat. Rezervační systém naleznete&nbsp;</span><a href=\"http://www.beach-ladvi.rezervuju.cz/training\" style=\"line-height: 1.42857143; background-color: rgb(255, 163, 54);\">zde</a><span style=\"line-height: 1.42857143;\">.</span><br></p>',	'<p><br></p>',	2,	0,	0,	1,	19,	'kondicni-treninky'),
(16,	'Tréninkové beach volejbalové turnaje v Praze',	'<p>Chcete natrénovat na beach volejbalový turnaj bez zbytečného stresu? Máte problém sehnat soupeře na stejné úrovni? Chcete si zahrát beach volejbal s novými protihráči, ale nechcete trávit celý den na turnaji? Pokud jste si zodpověděli alespoň jednou ano, tak právě pro vás jsme připravili tréninkové beachvolejbalové turnaje v Praze na Ládví.</p><h3>Turnaje v plážovém volejbale nanečisto</h3><p>Smyslem těchto turnajů je umožnit dvojicím se sehrát bez zbytečného stresu a bez klasických turnajových prodlev. V průběhu beach volejbalového turnaje nanečisto se nepočítají body ani skóre. Po odehrání setu se automaticky přesunete k dalšímu soupeři a hrajete dál. Nemusíte čekat ani se nervovat kvůli bodům.</p><h3>Páteční beach volejbalové párty v Praze pro mírně pokročilé</h3><p>Páteční beach volejbalové párty v Praze na Ládví jsou rezervované pro ty, kteří se chtějí odreagovat po náročném pracovním týdnu. Úroveň dvojic by se dala hodnotit jako mírně pokročilá, ale soupeře si zde najdou i dvojice pokročilé. Přijít můžete ve dvojice i sami. Garantujeme nepřetržitou hru po dobu 180 minut. Cena je 250 Kč, v případě permanentky 200 Kč.</p><p>Online rezervace<a href=\"http://www.beach-ladvi.rezervuju.cz/training\">&nbsp;zde.</a></p>',	'<p><br></p>',	2,	0,	0,	1,	18,	'treninkove-turnaje-praha'),
(17,	'Beachvolejbalové kempy v Bibione',	'<h3>Bibione - široké pláže, kvalitní služby a nízké ceny</h3><div><p><span>Populární středisko neustále zkvalitňuje své služby a&nbsp;infrastrukturu. Po&nbsp;právu proto patří k&nbsp;nejznámějším a&nbsp;nejoblíbenějším italským letoviskům vůbec, když v&nbsp;jeho prospěch &nbsp;hovoří i i&nbsp;malá vzdálenost z&nbsp;ČR. Bibione je ale také jednoznačným příkladem střediska, kterému předchází výrazně horší pověst, než je realita samotná. Častokrát je dokonce vnímáno jako synonymum nejlevnější masové turistiky začátku 90. let minulého století. Skutečnost dnešních dní je ale diametrálně odlišná. Ano, je pravdou, že lůžková kapacita je zde v&nbsp;řádu desítek tisíc lůžek, ale tomu odpovídá i&nbsp;velikost střediska, a&nbsp;již jen letmý pohled do&nbsp;ceníku naznačuje, že se nedá mluvit ani o&nbsp;letovisku nejlevnějším. I&nbsp;v&nbsp;tomto ohledu to je spíše naopak.</span></p></div><div><p><span>Nesčetné obchody včetně značkových butiků, široký výběr restaurací s&nbsp;typickou italskou i&nbsp;mezinárodní kuchyní, bary, herny, diskotéky, široké sportovní zázemí (namátkou lze jmenovat tenis, volejbal, fotbal, basketbal, lodičky, vodní lyže, windsurfing, vodní šlapadla, kajaky, rybaření, petanque, bowling, golf, minigolf, trampolíny, stolní tenis, jízdu na&nbsp;koni, půjčovny kol, kolečkových bruslí a&nbsp;šlapacích „čtyřkolek“, motokáry, aerobic, atd.), ale především bujarý večerní život s&nbsp;hlavní promenádou měnící se každodenně v&nbsp;korzující lidské mraveniště, to je ten typický obrázek letního Bibione. Nikdo z&nbsp;rekreantů si zpravidla nenechá ujít ani tradiční velké trhy konané každé úterý či návštěvu velkého a&nbsp;hlavně celosezónně otevřeného lunaparku. K&nbsp;návštěvě však láká i rozsáhlý vodní park Aquasplash a&nbsp;dětský pohádkový svět Gulliverlandia v&nbsp;jen 10 km vzdáleném Lignanu. To také již napovídá, že Bibione je ideálním místem pro děti. A&nbsp;je tomu skutečně tak. Vždyť jemný písek a&nbsp;pozvolný vstup do&nbsp;vody uchrání každého před starostmi o&nbsp;své ratolesti přes den a&nbsp;nepřeberné množství hřišť, dětských heren i&nbsp;další zábavy zase nabídne dokonalé rozptýlení na&nbsp;večer. Pláže jsou v&nbsp;Bibione až neskutečně dlouhé a&nbsp;široké.</span></p></div><div><p><span>V Bibione jsou též termální lázně celoročně vyhledávané pro ozdravné pobyty. Nabízejí řadu účinných léčebných kúr, když mezi nejžádanější patří zejména bahenní a&nbsp;vodní terapie či inhalační léčba dýchacích cest. Neopomeňme ale také Bibione jako příkladný prototyp letoviska, které Vás nenechá otálet ve&nbsp;dnech, kdy sluneční paprsky ještě nejsou tak intenzivně teplé či dokonce jsou schovány za&nbsp;nějakým tím mrakem. A&nbsp;to především díky výhodné poloze, která toto středisko doslova předurčuje k&nbsp;zajímavým výletům za&nbsp;poznáním. V&nbsp;pomyslném čele je dozajista nedaleká perla Jadranu - světoznámé Benátky, stejně snadno dostupný je ale i&nbsp;působivý přístav Terst, jehož dějiny jsou tak úzce svázány s&nbsp;těmi našimi, klenoty raného středověku Aquileia a&nbsp;Padova či Shakespearovým Romeem a&nbsp;Julií proslavená Verona. Neméně atraktivní jsou i&nbsp;výlety lodí po&nbsp;lagunách v&nbsp;oblasti mezi Bibione a&nbsp;Caorle nebo o&nbsp;něco delší plavba okolo benátských ostrovů.</span></p></div><p><span style=\"font-family: BenchNine, sans-serif; font-size: 20px; line-height: 26px;\">Ubytování týmu Beachklubu Ládví</span><br></p><h3>Villaggio Michelangelo a San Siro***</h3><h4>Poloha / Pláž</h4><p>Bibione - centrum, pláž - 550 - 600 m</p><h4>Upřesňující popis</h4><p>Rozsáhlý komplex dvoupodlažních řadových vilek s několika bazény (Michelangelo) a sousední menší komplex jednopodlažních a dvoupodlažních řadových vilek s jedním bazénem (San Siro).</p><h4>Vybavenost a služby</h4><p>dětské hřiště (jen Michelangelo), 1 vyhrazené venkovní parkovací stání / apartmán (další parkování v blízkosti)</p><h4>Sport a relaxace</h4><p>několik různě velkých bazénů a dětských bazénků</p><h4>Vybavenost apartmánů</h4><p>zpravidla TV, trezor, u typologií quadrilo a trilo zpravidla též venkovní krb</p><h4>Popis apartmánů</h4><p>mono 4 - 25 m2 - obývací pokoj s kuchyňským koutem a 2 rozkládacími gauči (možno i typ „šuplík“) pro 2 osoby či 1 rozkládacím gaučem (možno i typ „šuplík“) a palandou, sociální zařízení se sprchou, předzahrádka; apartmány jsou výhradně ve Villaggiu San Siro</p><p>bilo 3/4/5 - 35 m2 - 1 ložnice s manželskou postelí a&nbsp;<br>případně 1 samostatným lůžkem, obývací pokoj s kuchyňským koutem a rozkládacím gaučem pro 1 či 2 osoby (možno i typ „šuplík“), sociální zařízení se sprchou, balkon či předzahrádka případně s terasou<br><br>trilo 5/6/7 - 45 až 55 m2 - 1 ložnice s manželskou postelí, 1 ložnice se 2 samostatnými lůžky či 1 samostatným lůžkem a palandou délky 180 cm, obývací pokoj s kuchyňským koutem a rozkládacím gaučem pro 1 či 2 osoby (možno i typ „šuplík“), sociální zařízení se sprchou, balkon či terasa a předzahrádka;&nbsp;<br><br>některé apartmány jsou dvoupodlažní, když ve 2. podlaží jsou obě ložnice a sociální zařízení</p><h4>Důležitá upozornění</h4><p>bazény v rámci jednotlivých ubytovacích kapacit jsou v provozu cca od 15.05. do 15.09.</p><h4>VÝHODY A NEVÝHODY</h4><ul><li>příjemné, velmi oblíbené a v posledních letech i vůbec nejžádanější konkrétní ubytování v Bibione</li><li>dostatek klidu, soukromí i zeleně</li><li>ideální poloha vzhledem k rušnému centru</li><li>nabídka nejžádanějších typologií</li><li>dostatečná kapacita i pro skupinové zájezdy</li><li>u některých apartmánů starší vybavení a zařízení</li></ul>',	'<p><br></p>',	2,	0,	0,	1,	17,	'kempy-v-bibione'),
(18,	'Beach volleyball in Prague',	'<h1>About Beachklub Ládví</h1><p>Beachklub Ládví is the biggest beach volleyball centre in Prague. We started in 2008 by building first 6 pitches. We were lucky and got the chance to buy all the sand from the first FIVB World Tour tournament in Prague. Nowadays there are 15 beach volleyball courts open. You would not believe that we have already transported around 3.750 tuns of sand. Naturally all of them from the past a few World Tour tournament in Prague :). It means we are not only the biggest, but we have also the best sand.</p><h3>Book a beach volleybal court<br></h3><p>We have altogether 15 beach volleyball pitches. You can book them online&nbsp;<a href=\"https://jdemenato.cz/reservation/beachklub-ladvi/reservationcalendaroverview\">here.</a></p><h3>Beach volleyball trainings</h3><p>We have several experienced beach volleyball&nbsp;<a href=\"/o-nas\">coaches</a>. Ondřej played the first division in Austria and in Cyprus. Jarda even trained the Austrian U19 national team and played also first division abroad (Portugal, Austria).</p><div><p>We have beach volleyball trainings for all the age categories. Starting with the small children from 3 years and ending by 50+ groups. You can either join the group during the beachcamps or have the private, individual lessons.</p><h3>Beach volleyball tournaments</h3><p>Nearly every weekend we organize beach volleyball tournaments for amateures, kids and sometimes even for the profi players. Check&nbsp;<a href=\"/turnaje-v-praze\">the tournament list</a>&nbsp;to find out the dates and categories.</p><h3>Beachbar</h3><p></p><p>What would&nbsp;be&nbsp;a beachvolleyball sport club without a beachbar. You can rely on us. We serve great food (steaks, soups, burgers and some Czech Specials like hermelín or párek v rohlíku). We have draft beer (12<span>°</span>, 10<span>°,</span>&nbsp;light) and all kinds of soft drinks.</p><p><br>Just come and enjoy.</p></div>',	'<p><br></p>',	2,	0,	0,	1,	16,	'beach-volleyball-in-prague'),
(19,	'Prasátko Peppa v Beachklubu Ládví aneb Táta Fest již tuto neděli!',	'<p>Táta fest, zábavné odpoledne pro děti, se uskuteční příští neděli 13. září 2015 v Beachklubu Ládví na Praze 8. Na děti tu bude čekat oblíbená postavička prasátko Peppa, popelářský vůz Pražských služeb, Městská policie, hasičský vůz, sanitka, vycvičení pejsci a loutkové divadlo Jiskra. Každé dítě dostane nanuk Mrož a buřt na opékání. Vstupné je zdarma.</p><p><img style=\"float: left; width: 547px; height: 201.87px;\" src=\"/files/gallery/3/2fc75fcccdaeee756c6a13e7240452b2.jpg\" class=\"pull-left\"></p><p><br></p><p><br></p><p><br></p><p><br></p><p><br></p><p><br></p><p>První ročník Táta festu na Ládví přinese spoustu zábavy a soutěží nejen pro děti. Kromě popelářů, hasičů nebo opékání buřtů si všichni budou moci vyzkoušet plážový volejbal, lukostřelbu, pétanque, stolní tenis anebo třeba bungee running. Přijde i malé prasátko Peppa a rozdá mezi děti 500 nanuků Mrož a špekáčků k opékání na venkovním ohništi! Na akci bude připraven i fotograf dětské televize Minimax, a tak si každé dítě bude moci odnést svoji fotku s prasátkem. \"Věřím, že název akce neodradí maminky a že se za námi také přijdou podívat,\" přeje si Roman Petrus, starosta Městské části Praha 8.</p><p>Táta fest se uskuteční v areálu Beachklubu Ládví v Chabařovické ulici na Praze 8. Vstupné je zdarma. Akce je pořádána pod záštitou pana Petruse, starosty městské části Prahy 8 a za podpory hlavního města Prahy a dětské televize Minimax.</p><p>Důležité upozornění na závěr! Dne 13. září 2015 nebude možný vjezd návštěvníků do areálu, neboť parkoviště zaplní automobily a stánky policie, hasičů aj. Děkujeme za pochopení.<br></p>',	'<p>Táta fest, zábavné odpoledne pro děti, se uskuteční příští neděli 13. září 2015 v Beachklubu Ládví na Praze 8. Na děti tu bude čekat oblíbená postavička prasátko Peppa, popelářský vůz Pražských služeb, Městská policie, hasičský vůz, sanitka, vycvičení pejsci a loutkové divadlo Jiskra. Každé dítě dostane nanuk Mrož a buřt na opékání. Vstupné je zdarma.<br></p>',	2,	1,	1,	0,	15,	'prasatko-peppa-v-beachklubu-ladvi-aneb-tata-fest-jiz-tuto-nedeli'),
(20,	'Kalendář akcí',	'<h1>Kalendář akcí</h1>\r\n<p>Pro zimní beachvolejbalovou sezónu 2015/2016 jsme si pro Vás připravili hned několik zajímavých turnajů. Pro usnadnění Vaší orientace budeme pořádat beachvolejbalové turnaje konkrétní herní úrovně vždy stejný víkend v měsíci.</p>\r\n<p><span style=\"line-height: 1.42857;\">První víkend v měsíci...</span><br></p>\r\n<h2><span style=\"line-height: 1.42857;\">sobota: DECATHLON LÁDVÍK CUP</span></h2>\r\n<p><span style=\"line-height: 1.42857;\">Dětská beachvolejbalová sezóna bude zahájena sérii turnajů pro ty nejmenší, tzv. Ládvík Cupem. Ten odstartoval již první zářijový víkend a další turnaje na sebe nenechají dlouho čekat.</span></p>\r\n<p>Kategorie:</p>\r\n<p><span style=\"line-height: 1.42857;\">- turnaj pro rodiče s dětmi - děti do 10 let</span><br></p>\r\n<p>- minibeachvolejbal v přehazované - dvojice do 10 let</p>\r\n<p>- minibeachvolejbal - děti do 13 let</p>\r\n<p>- beachvolejbal - děti do 18 let</p>\r\n<p><br></p>\r\n<p>Své místo v oblíbeném turnaji si můžete pohlídat již nyní. Turnaj se bude opakovat každý měsíc a slouží jako kvalitní příprava na Pražskou Juniorligu (www.beachliga.cz).</p>\r\n<p><span style=\"line-height: 1.42857;\">Termíny:</span><br></p>\r\n<p><span style=\"line-height: 1.42857;\">- 04. 10. 2015</span><br></p>\r\n<p>- 07. 11. 2015</p>\r\n<p>- 05. 12. 2015</p>\r\n<p><br></p>\r\n<p>Začátky utkání:</p>\r\n<p><span style=\"line-height: 1.42857;\">- děti do 10 let - 09:00</span><br></p>\r\n<p>- děti nad 10 let - 10:00</p>\r\n<p><br></p>\r\n<h2>neděle: MÍRACUP mixy</h2>\r\n<p>Oblíbený turnaj pro amatérské hráče, kempaře a kamarády. Registrace do turnaje v 9:45, začátek turnaje v 10:00.</p>\r\n<p>Termíny:</p>\r\n<p><span style=\"line-height: 1.42857;\">- 11. 10. 2015</span><br></p>\r\n<p>- 01. 11. 2015</p>\r\n<p>- 06. 12. 2015</p>\r\n<p><br></p>\r\n<p>Kapacita: 24 dvojic</p>\r\n<p><span style=\"line-height: 1.42857;\">Startovné: 250,- Kč na osobu</span></p>\r\n<p>Organizátor: Míra Justián</p>\r\n<p><br></p>\r\n<p>Třetí víkend v měsíci...</p>\r\n<h2>sobota: ABL muži &amp; ženy</h2>\r\n<p><span style=\"line-height: 1.42857;\">Vracíme se k samotné podstatě názvu tohoto turnaje ABL neboli Amatérská beachvolejbalová liga. Registrace do turnaje je v 8:45, začátek turnaje v 9:00.</span><br></p>\r\n<p><br></p>\r\n<p>Termíny:</p>\r\n<p>- 17. 10. 2015</p>\r\n<p>- 14. 11. 2015</p>\r\n<p>- 19. 12. 2015</p>\r\n<p><br></p>\r\n<p>Kapacita: 16 dvojic žen / 16 dvojic mužů</p>\r\n<p>Startovné: 250,- Kč na osobu</p>\r\n<p>Organizátor: Ondra Michálek</p>\r\n<p><br></p>\r\n<h2>neděle: ABL mixy</h2>\r\n<p><span style=\"line-height: 1.42857;\">Vracíme se k samotné podstatě názvu tohoto turnaje ABL neboli Amatérská beachvolejbalová liga. Registrace do turnaje je v 10:45, začátek turnaje v 11:00.</span><br></p>\r\n<p><br></p>\r\n<p>Termíny:</p>\r\n<p>- 18. 10. 2015</p>\r\n<p>- 15. 11. 2015</p>\r\n<p>- 20. 12. 2015</p>\r\n<p><br></p>\r\n<p>Kapacita: 24 dvojic</p>\r\n<p>Startovné: 250,- Kč na osobu</p>\r\n<p>Organizátor: Ondra Michálek</p>\r\n<p><br></p>\r\n<p>Různé...</p>\r\n<h2>VII. ročník Hradecko-pražského derby</h2>\r\n<p><span style=\"line-height: 1.42857;\">Pojďme poměřit své síly proti Hradci! Pojďme reprezentovat barvy Prahy! Šestnáctka smíšených královéhradeckých dvojic dorazí opět do metropole, aby poměřila své síly proti jiné šestnáctce, proti té pražské. Za startovné pak každý tým dostane garanci nejméně čtyř utkání, která v turnaji odehraje. Po ukončení sedmého ročníku téhle celodenní sportovně kulturní akce proběhne standardní vyhlášení turnaje v místním beachbaru s následnou zábavou s hudební a foto projekcí! Resumé? Připoj se aktivně do hradecko-pražského derby organizovaného ve spolupráci Beachklubu Ládví a Beach Centra Hradec Králové.</span><br></p>\r\n<p><br></p>\r\n<p>Termín:</p>\r\n<p>- 21. 11. 2015</p>\r\n<p>Kapacita: 16 dvojic Praha / 16 dvojic Hradec Králové</p>\r\n<p>Startovné: 250,- Kč na osobu</p>\r\n<p><span style=\"line-height: 1.42857;\">Organizátor: Ondra Michálek &amp; Martin</span><br></p>\r\n<p><br></p>\r\n<p>O co se u nás v zimě hraje?</p>\r\n<p>V každé turnaji na Vás čekají zajímavé věcné ceny od našich partnerů.</p>',	'<p><br></p>',	2,	0,	0,	1,	3,	'kalendar-akci'),
(21,	'Čtvrtý díl Dětského domov cupu vyhrály Dlažkovice!',	'<div id=\"hlavni\"><div id=\"zarovnavac\"><div id=\"bl4\"><div id=\"blm\"><table class=\"contentpaneopen\"><tbody><tr><td valign=\"top\"><p>31 týmů z dětských domovů z celé republiky se sjelo do Prahy, v sobotu 19. září, na čtvrtý díl Dětského domov cupu 2015. Turnaj v beachpřehazované se hrál, jako každý rok, v Beachklubu Ládví.</p><p>V krásném, téměř letním dni, bojovaly čtyřčlenné týmy z dětských domovů O pohár Michala Novotného. Reprezentant ČR ve snowboardcrossu, několikanásobný mistr ČR a vítěz závodu světového poháru byl i letos patronem tohoto dílu Dětského domov cupu. Po mnoha dramatických zápasech zvítězily Dlažkovice, když porazily pražský tým, dětský domov z Dolních Počernic a odvezly si z Prahy 64 bodů do celkového bodování závodu. Dolní Počernice si připočtou 58 bodů a třetí skončil s 53 body Nepomuk.<br>Radost dětem i dospělým udělali fotbalisté Michael Krmenčík a Ondřej Vrzal. Při slavnostním vyhlášení výsledků dětem předali dárky a ceny od partnerů turnaje a fotbalové dárky od FK Dukly Praha. „Moc příjemná akce, já i Ondra jsme si to užili a jsem rád, že můžeme děti pozvat na naše příští utkání, kdy hrajeme doma s Brnem,“ řekl Michael Krmenčík, střelec včerejšího krásného gólu při zápase s Jihlavou.</p><p><img width=\"570\" src=\"/files/gallery/3/docs-6dabf7679c468fd526282f0ab922047c.jpg\"></p><p>Velký dík patří partnerům projektu i dětským domovům. Všichni se již chystají na další, letos poslední soutěžní, 5. díl Dětského domov cupu. Při cyklistickém závodě budou mít dětské domovy poslední šanci nasbírat body do celkového ohodnocení DDCUP 2015. Cyklistický závod Prevencí proti nehodám proběhne 2. a 3. října v Praze Dolních Počernicích pod patronátem Městské Policie Praha.</p><p>Poděkování patří partnerům:<br>Fotbalová asociace České republiky, Hlavní město Praha, Policie České republiky, Beachklub Ládví, Crocodille, České dráhy, Dorty Domů, Egmont Publishing a FK Dukla Praha</p><p>Pořádali:<br>Dětský domov Dolní Počernice a 1. Sportovní</p><p><strong>Výsledky 7. ročníku turnaje v beachpřehazované O pohár Michala Novotného 2015</strong></p><p>01. Dlažkovice<br>02. Praha Dolní Počernice<br>03. Nepomuk<br>04. Vysoká Pec<br>05. Horní Slavkov<br>06. Býchory<br>07. Tuchlov<br>08. Kašperské Hory<br>09. Ostrava Hrabová<br>10. Praha Klánovice<br>11. Česká Kamenice<br>12. Pyšely<br>13. Nymburk<br>14. Nová Ves u Chotěboře<br>15. Plzeň<br>16. Ostrava Vizina<br>17. Ústí nad Labem<br>18. Tachov<br>19. Dolní Lánov<br>20. Mašťov<br>21. Solenice<br>22. Karlovy Vary a Ostrov<br>23. Krompach<br>24. Ledce<br>25. Pardubice<br>26. Hora Svaté Kateřiny<br>27. Vrchlabí<br>28. Lipová u Šluknova<br>29. Mikulov<br>30. Žíchovec<br>31. Česká Lípa</p></td></tr></tbody></table></div></div></div></div>',	'<p>\r\n31 týmů z dětských domovů z celé republiky se sjelo do Prahy, v sobotu 19. září, na čtvrtý díl Dětského domov cupu 2015. Turnaj v beachpřehazované se hrál, jako každý rok, v Beachklubu Ládví.\r\n<br></p>',	2,	1,	1,	0,	12,	'ctvrty-dil-detskeho-domov-cupu-vyhraly-dlazkovice'),
(22,	'Havajská party v Aquacentru Šutka s iTESCO.cz!',	'<div id=\"hlavni\"><div id=\"zarovnavac\"><div id=\"bl4\"><div id=\"blm\"><table class=\"contentpaneopen\"><tbody><tr><td valign=\"top\"><p>Podzim se již sice hlásí o svou vládu, avšak letní tropická atmosféra v Aquacentru Šutka nekončí! Přijďte si opět připomenout období dovolených do Aquacentra Šutka! V neděli 4. 10. 2015 pro Vás máme HAVAJSKOU PARTY, na které si ještě užijeme pravou letní atmosféru. Přijďte s rodinou k nám a soutěžte s námi o hodnotné ceny. Dárky jsou připraveny pro všechny dětské i dospělé návštěvníky. Od iTESCO na Vás čekají např. poukazy do TESCA, od Mladé Fronty krásné knížky, jiné drobné dárky od filmu Hotel Transylvania 2 a mnoho dalšího. Ti nejšikovnější mohou vyhrát volné vstupy do areálu Aquacentra Šutka či kurzy beachvolejbalu pro děti do 19ti let zdarma. Přijďte si k nám zpříjemnit nedělní den a odneste si domů krásné dárky!</p><p><img width=\"570\" src=\"/files/gallery/3/docs-b6d6fa402c3a909f369728b778a38a3c.jpg\"></p><p>Zábavný program pro rodiny s dětmi odstartuje v 11:00. Naučíme Vás havajský tanec Limbo, budeme soutěžit a hrát si. Havajská párty v Aquacentru Šutka bude zaručenou zábavou pro celou Vaši rodinu, která si zde užije báječné společné chvíle, a to až do 16:00 h.</p><p>Během odpoledne si děti užijí spoustu zábavy v našem aquaparku, kde na ně čeká nejen bohatý program, ale také 2 tobogány, skluzavky, divoká řeka, vodopád a mnoho dalšího. Rodiče si mohou odpočinout ve vířivce, zasportovat si v padesátimetrovém bazénu a načerpat síly v našem wellness, kde jim jsou k dispozici dvě finské sauny s venkovními ochlazovacími bazénky a dvě parní lázně.</p><p>Neváhejte proto a přijďte si v neděli 4. 10. 2015 užít báječný den se svou rodinou do Aquacentra Šutka! Těšíme se na Vás! Veškeré bližší informace o této, ale i mnoha jiných akcích naleznete na webových stránkách <a href=\"http://www.sutka.eu/\">www.sutka.eu</a> nebo na <a href=\"http://www.facebook.com/AquacentrumSutka\">www.facebook.com/AquacentrumSutka</a>.<br>Hlavními partnery akce jsou: iTESCO, Beachklub Ládví, NIMM2, Mladá Fronta, film Hotel Transylvania 2.</p></td></tr></tbody></table></div></div></div></div>',	'<p>\r\nPodzim se již sice hlásí o svou vládu, avšak letní tropická atmosféra v Aquacentru Šutka nekončí! Přijďte si opět připomenout období dovolených do Aquacentra Šutka! V neděli 4. 10. 2015 pro Vás máme HAVAJSKOU PARTY, na které si ještě užijeme pravou letní atmosféru.\r\n<br></p>',	2,	1,	1,	0,	9,	'havajska-party-v-aquacentru-sutka-s-itescocz'),
(23,	'Mezinárodní den seniorů v Aquacentru Šutka - Vstup pro seniory* za 1 Kč!',	'<div id=\"hlavni\"><div id=\"zarovnavac\"><div id=\"bl4\"><div id=\"blm\"><table class=\"contentpaneopen\"><tbody><tr><td valign=\"top\"><p>Na první den v měsíci říjnu připadá každoročně Mezinárodní den seniorů. Zastavte se na chvilku, vzpomeňte na svoje blízké a v tento den udělejte radost rodičům, babičkám a dědečkům. Zajděte spolu do Aquacentra Šutka a zažijte spolu výjimečný den, na který budete všichni rádi vzpomínat. V průběhu dopoledne získá prvních 50 seniorů knížku od nakladatelství Mladá Fronta v hodnotě 399 Kč ZDARMA. Dále je pro všechny návštěvníky od 7:00 do 12:00h připraveno měření tlaku a tuku s VZP + drobné dárky. Oslavte Mezinárodní den seniorů a přijďte si užít aktivního pohybu i relaxace do Aquacentra Šutka.</p><p><img width=\"570\" src=\"/files/gallery/3/docs-06569a907805f857de133dc36891d004.jpg\"></p><p>Již od roku 1998 si svět 1. října připomíná Mezinárodní den seniorů. Právě toho dne byl totiž Organizací spojených národů a jejím tehdejším generálním tajemníkem Kofi Annanem vyhlášen rok 1999 Mezinárodním rokem seniorů. Den seniorů je oslavou všeho, co společnosti přináší staří lidé. Taktéž i Aquacentrum Šutka se rozhodlo podpořit tento den a zvýhodnit vstup na 1 Kč pro všechny návštěvníky nad 60 let*. Podpořte tento den s námi a dejte svým blízkým najevo, jak si jich vážíte a že máte zájem s nimi tento den strávit.</p><p>Kromě zmíněného doprovodného programu a drobných dárků na návštěvníky Aquacentra Šutka čeká také relaxační vířivka, vodní bar s občerstvením, padesátimetrový bazén a naše wellness, kde jsou k dispozici dvě finské sauny s venkovními ochlazovacími bazénky a dvě parní lázně.</p><p>Neváhejte proto a přijďte si ve čtvrtek 1. 10. 2015 sobě i svým blízkým zpříjemnit den. Program dané akce je zahrnut do ceny vstupného. Bližší informace o této, ale i mnoha jiných akcích naleznete na webových stránkách <a href=\"http://www.sutka.eu/\">www.sutka.eu</a> nebo na <a href=\"http://www.facebook.com/AquacentrumSutka\">www.facebook.com/AquacentrumSutka</a>.</p><p><em>*nutno prokázat</em></p></td></tr></tbody></table></div></div></div></div>',	'<p>\r\nNa první den v měsíci říjnu připadá každoročně Mezinárodní den seniorů. Zastavte se na chvilku, vzpomeňte na svoje blízké a v tento den udělejte radost rodičům, babičkám a dědečkům. Zajděte spolu do Aquacentra Šutka a zažijte spolu výjimečný den, na který budete všichni rádi vzpomínat. \r\n<br></p>',	2,	1,	1,	0,	10,	'mezinarodni-den-senioru-v-aquacentru-sutka-vstup-pro-seniory-za-1-kc'),
(24,	'Dětská beachvolejbalová sezóna a DECATHLON LÁDVÍK CUP už ťuká na dveře!',	'<div id=\"hlavni\"><div id=\"zarovnavac\"><div id=\"bl4\"><div id=\"blm\"><table class=\"contentpaneopen\"><tbody><tr><td valign=\"top\"><p>Dětská beachvolejbalová sezóna bude zahájena sérii turnajů pro ty nejmenší, tzv. Ládvík Cupem. Ten odstartoval již první zářijový víkend a další turnaje na sebe nenechají dlouho čekat.</p><p><img width=\"570\" src=\"/files/gallery/3/docs-3644a3c2b5b5730be0c38fdf08098293.jpg\"></p><h3>Kategorie:</h3><p>- turnaj pro rodiče s dětmi - děti do 10 let<br>- minibeachvolejbal v přehazované - dvojice do 10 let<br>- minibeachvolejbal - děti do 13 let<br>- beachvolejbal - děti do 18 let</p><p>Své místo v oblíbeném turnaji si můžete pohlídat již nyní. Turnaj se bude opakovat každý měsíc a slouží jako kvalitní příprava na Pražskou Juniorligu (<a href=\"http://www.beachliga.cz/\">www.beachliga.cz</a>).</p><h3>Termíny:</h3><p>- 4. 10. 2015<br> - 7. 11. 2015<br> - 5. 12. 2015</p><h3>Začátky utkání:</h3><p>- děti do 10 let - 09:00<br> - děti nad 10 let - 10:00</p><p>Přihlášky v novém rezervačním systému <a href=\"/detska-beachvolejbalova-sezona-a-decathlon-ladvik-cup-uz-tuka-na-dvere\">zde</a></p></td></tr></tbody></table></div></div></div></div>',	'<p>\r\nDětská beachvolejbalová sezóna bude zahájena sérii turnajů pro ty nejmenší, tzv. Ládvík Cupem. Ten odstartoval již první zářijový víkend a další turnaje na sebe nenechají dlouho čekat.\r\n<br></p>',	2,	1,	1,	0,	11,	'detska-beachvolejbalova-sezona-a-decathlon-ladvik-cup-uz-tuka-na-dvere'),
(27,	'RETRO Aquazorbing v Aquacentru Šutka',	'<div id=\"hlavni\"><div id=\"zarovnavac\"><div id=\"bl4\"><div id=\"blm\"><table class=\"contentpaneopen\"><tbody><tr><td valign=\"top\"><p>Konec prázdnin se nezadržitelně blíží a brzy opět začne školní rok. Přijďte si užít do Aquacentra Šutka poslední prázdninovou neděli a rozlučte se s létem ve velkém RETRO stylu. V neděli 30. 8. 2015 od 14:00 do 19:00 pro Vás máme připravený báječný program plný zábavy, her a především nevídaných vodních atrakcí! V našem 50m bazénu budete moci vyzkoušet AQUAZORBING, AQUASPACE, VODNÍ VÁLCE, VODNÍ DRÁHA, VODNÍ HOUPAČKY a mnoho dalšího. V Aquacentru Šutka zažijete adrenalinové odpoledne v RETRO stylu 60., 70. a 80. let!</p><p><img width=\"570\" src=\"/files/gallery/3/docs-c997b12ce20fd7cacf63207ad8540033.jpg\"></p><p>V neděli 30. 8. 2015 od 14:00 do 19:00 se v Aquacentru Šutka koná velká RETRO akce AQUAZORBING v Aquacentru Šutka, kdy na návštěvníky čeká mnoho zábavy i adrenalinových zážitků. V průběhu celého odpoledne až do 19:00 si nejen děti, ale též dospělí mohou vyzkoušet v 50m bazénu takové vodní atrakce jako aquazorbing, aquaspace, vodní trampolíny, vodní houpačky, opičí dráhu na vodu, otáčivé válce a mnoho dalších. Pozor, nově pro Vás máme připraveny také atrakce s názvem vodní koníci a chobotnice! Součástí celodenní akce bude moderovaný program s hudební produkcí, to celé v oblíbeném RETRO stylu 60., 70. a 80. let.</p><p>Kromě tohoto programu si děti mohou užít mnoho zábavy v našem aquaparku, kde na ně také čekají 2 tobogány, skluzavky, divoká řeka, vodopád a mnoho dalšího. Kdo se však necítí na adrenalinový zážitek, může si odpočinout v našem wellness. Zde jsou k dispozici dvě finské sauny s venkovními ochlazovacími bazénky a dvě parní lázně. Zároveň si návštěvníci budou moci zasportovat v padesátimetrovém krytém bazénu, odpočinout ve vířivce nebo doplnit síly ve vodním baru s občerstvením.</p><p>Neváhejte proto a přijďte si v neděli 30. 8. 2015 užít báječný den se svou rodinou do Aquacentra Šutka! Těšíme se na Vás! Veškerý program dané akce je zahrnut do běžné ceny vstupného. Bližší informace o této, ale i mnoha jiných akcích naleznete na webových stránkách <a href=\"http://www.sutka.eu/\">www.sutka.eu</a> nebo na <a href=\"http://www.facebook.com/AquacentrumSutka\">www.facebook.com/AquacentrumSutka</a>.</p></td></tr></tbody></table></div></div></div></div>',	'<p>\r\nKonec prázdnin se nezadržitelně blíží a brzy opět začne školní rok. Přijďte si užít do Aquacentra Šutka poslední prázdninovou neděli a rozlučte se s létem ve velkém RETRO stylu. V neděli 30. 8. 2015 od 14:00 do 19:00 pro Vás máme připravený báječný program plný zábavy, her a především nevídaných vodních atrakcí! \r\n<br></p>',	2,	1,	1,	0,	13,	'retro-aquazorbing-v-aquacentru-sutka'),
(28,	'Nábory dětí do kroužků v týdnu od 31. srpna 2015!',	'<div id=\"hlavni\"><div id=\"zarovnavac\"><div id=\"bl4\"><div id=\"blm\"><table class=\"contentpaneopen\"><tbody><tr><td valign=\"top\"><p>Od pondělí 31.8.2015 do pátku 4.9.2015 u nás probíhají nábory do kroužků! Děti si mohou přijít vyzkoušet trénink zdarma a rozhodnout se, zda by se jim líbil kroužek beachvolejbalu. Cena kroužku od září je 3.150,- Kč na pololetí, kroužek je 2x týdně (po + st nebo út + čt). Časy kroužků jsou 16:00 - 17:00 pro děti 6 - 10 let, 17:00 - 18:00 pro děti 10 - 15 let. Přihlášky předem jsou možné na   \r\n<script language=\"JavaScript\" type=\"text/javascript\">\r\n \' );\r\n document.write( addy15209 );\r\n document.write( \'<\\/a>\' );\r\n //-->\r\n </script>\r\n<a href=\"mailto:info@beachklubladvi.cz\">info@beachklubladvi.cz</a>. &nbsp;<script language=\"JavaScript\" type=\"text/javascript\">\r\n \' );\r\n //-->\r\n </script>\r\n</p><p><img width=\"570\" src=\"/files/gallery/3/docs-c5d4c52581a9f257b17ce6dcffae5235.jpg\"></p><p>Pozor! Doplňujeme neobsazené skupiny! V současné chvíli je kapacita kroužků obsazena z 50% a přednostní právo na přihlášení mají stávající účastníci, a tak si rezervujte místo v kroužku hned teď!</p></td></tr></tbody></table></div></div></div></div>',	'<p>\r\nOd pondělí 31.8.2015 do pátku 4.9.2015 u nás probíhají nábory do kroužků! Děti si mohou přijít vyzkoušet trénink zdarma a rozhodnout se, zda by se jim líbil kroužek beachvolejbalu.\r\n<br></p>',	2,	1,	1,	0,	14,	'nabory-deti-do-krouzku-v-tydnu-od-31-srpna-2015'),
(29,	'Beachvolejbalové tréninky',	'<h1>PŘEHLED BEACHVOLEJBALOVÝCH TRÉNINKŮ</h1><blockquote>Pozor! Nový rezervační systém pro veškerá přihlašování vyžaduje novou registraci!</blockquote><p>Pro vstup do online přihlašování na kempy a kroužky klikněte <a href=\"/rezervace-kurtu\">zde</a>. Otevře se vám nové okno. Pokud nemáte jméno a heslo, tak se musíte registrovat, poté se už můžete online přihlašovat na kempy a kroužky.</p><hr><h2 id=\"beachvolejbalove-kempy-pro-maminky\">Beachvolejbalové kempy pro maminky</h2><p>Připravili jsme kempy plážového volejbalu pro maminky s malými dětmi. Máme zajištěné hlídání a pěkně vybavený dětský koutek, takže si nemusíte dělat starosti s tím, kdo vám pohlídá ratolesti. Kempy jsou vhodné pro maminky, které se chtějí po porodu chtějí vrátit zpátky do formy nebo se jen chtějí odreagovat. Přijít můžete samozřejmě, i když žádné děti nemáte, ale vyhovuje Vám čas a náplň tréninku.</p><p>Tréninková náplň beachvolejbalových kempů pro maminky:&nbsp;protažení,&nbsp;zahřátí,&nbsp;nácvik základních herních činností,&nbsp;simulace herních situací, hra samotná, konečné protažení.</p><p>Délka tréninkové jednotky: 120 minut</p><p>Ceník beachvolejbalového kempu pro maminky: Jednorázový vstup 250,- Kč bez hlídání dítěte (možnost zakoupení permanentky 5 + 1 za 1.250,- Kč bez hlídání dítěte, použitelné i na ostatní tréninky). Hlídání dítěte 50,- Kč za dítě (2 hod. hlídání dětí zkušenými au-pair). Cena zahrnuje 90 min. tréninku a 30 min. hry.</p><p>V případě zájmu je možné objednat čerstvé jídlo pro děti i miminka z restaurace Na Krásné Vyhlídce.</p><p>Termíny beachvolejbalových kempů pro maminky: úterý: 09:00 - 11:00, čtvrtek: 09:00 - 11:00</p><p>Tréninková jednotka max. pro 12 osob na 2 tréninkové skupiny podle výkonnosti. Pod vedením trenéra Jardy Malčíka.</p><p>Na úterní trénink je nutné se přihlásit do pondělí 18:00, na čtvrteční trénink do středy 18:00! Do poznámky při přihlašování, prosíme, zadat jméno dítěte a jeho věk!<br>Nemůžeme garantovat, že dítě je hlídané, pokud se maminka s dítětem včas nenahlásí. Skupinu hlídá 1 – 2 au-pair podle počtu nahlášených dětí</p><h2 id=\"beachvolejbalove-kempy\">Beachvolejbalové kempy</h2><p>Beachvolejbalové kempy organizujeme v Beachklubu Ládví každý den od 18.00 a jsou ideální pro dospělé začátečníky a mírně pokročilé. Páteční hrací tréninky jsou naopak určené spíše pokročilejším hráčům. <br></p><p>Náplň tréninkové jednotky: protažení, zahřátí, nácvik základních herních činností, simulace herních situací, hra samotná, konečné protažení.</p><p>Délka tréninkové jednotky: 90 min. a 60 min.</p><p>Ceník beach volejbalových kempů: 1 lekce 90 min. - 200 Kč (při zakoupení permanentky 5+1) 60 min.&nbsp; 150 Kč (při zakoupení permanentky 5+1).</p><p>Termíny beachvolejbalových kempů naleznete v rezervačním systému.<br></p><p>Sankce: V případě neodhlášení 12 hodin před konáním tréninkového kempu zaplatíte při dalším kempu pokutu 100,- Kč!</p><h2 id=\"kondicni-treninky\">Kondiční tréninky</h2><p>Nyní máte možnost zlepšovat svou kondici a zlepšovat si postavu díky našim kondičním tréninkům. Základní náplní těchto tréninků je zdravotně preventivní příprava, výkonnostní příprava a celkový rozvoj pohybových dovedností. Využíváme cvičení na plážovém písku, díky kterému se zapojuje více svalových partií a tím dochází ke komplexnějšímu zpevnění celého těla. Trénink je vhodný pro všechny věkové i výkonnostní kategorie. Přijďte si s námi zacvičit pro svou radost z pohybu. </p><p>\r\n  <strong>Páteční tréninky formou otevřeného turnaje</strong>\r\n</p><p>Chcete natrénovat na beachvolejbalový turnaj bez zbytečného stresu? Máte problém sehnat soupeře na stejné úrovni? Chcete si zahrát beachvolejbal s novými protihráči, ale nechcete trávit celý den na turnaji? Pokud jste si zodpověděli alespoň jednou ano, tak právě pro vás jsme připravili tréninkové beachvolejbalové turnaje.</p><p>\r\n  <strong>Individuální tréninky plážového volejbalu</strong>\r\n</p><p>Kromě standardně vypisovaných kempů se můžete domluvit s našimi trenéry na individuálním beachvolejbalovém tréninku u nás v Praze na Ládví nebo i mimo Prahu. Kontakt na naše trenéry najdete zde.</p>',	'<section class=\"sidebar-menu\"><h2>Přehled</h2>\r\n    <ul>\r\n        <li><a href=\"#beachvolejbalove-kempy-pro-maminky\">BEACHVOLEJBALOVÉ KEMPY PRO MAMINKY</a></li><li><a href=\"#beachvolejbalove-kempy\">BEACHVOLEJBALOVÉ KEMPY</a></li><li><a href=\"#kondicni-treninky\">KONDIČNÍ TRÉNINKY</a></li>    </ul>\r\n</section>\r\n',	2,	0,	0,	1,	8,	'beachvolejbalove-treninky'),
(30,	'Firemní akce',	'<h1>FIREMNÍ AKCE</h1><p>Sportovní akce na klíč v různých sportech - beachvolejbal, beach tennis, beach soccer, pétanque. </p><p>Kompletní zajištění cateringu.<br></p>',	'<p><br></p>',	2,	0,	0,	1,	7,	'firemni-akce'),
(31,	'Beachbar',	'<h1>Beachbar</h1><p>Provozní doba&nbsp; &nbsp;&nbsp; 8,00 – 23,30 hod.</p><p>Poslední objednávka nápojů&nbsp;&nbsp;&nbsp;&nbsp; 23,00 hod.</p><p>Poslední objednávka jídla&nbsp; &nbsp;&nbsp;&nbsp;&nbsp;&nbsp; 22,00 hod.</p><p>Telefon&nbsp; &nbsp;&nbsp;&nbsp;&nbsp;+420 608 862 740</p><p>WIFI – beachbar – heslo: beachbar</p><h2 id=\"napojovy&nbsp;-listek\">NÁPOJOVÝ&nbsp; LÍSTEK</h2><h3>Horké&nbsp; nápoje</h3><p>KÁVA PRESSO MALÉ&nbsp; (7)&nbsp;&nbsp;30,- Kč</p><p>KÁVA PRESSO VELKÉ&nbsp; (7)&nbsp;&nbsp;30,- Kč</p><p>KÁVA LATTÉ&nbsp; (7)&nbsp;&nbsp;&nbsp;&nbsp;39,- Kč</p><p>KÁVA TUREK&nbsp;&nbsp; (7)&nbsp;&nbsp;&nbsp;25,- Kč</p><p>KÁVA ROZPUSTNÁ&nbsp; (7)&nbsp;&nbsp;&nbsp;25,- Kč</p><p>KÁVA VÍDEŇSKÁ&nbsp; (7)&nbsp;&nbsp;&nbsp;40,- Kč<br>(presso + domácí šlehačka, kakao)</p><p>KÁVA ALŽÍRSKÁ&nbsp; (7)&nbsp;&nbsp;&nbsp;45,- Kč<br>(presso + vaječný koňak + domácí šlehačka)<br>&nbsp;<br>ČAJ&nbsp;&nbsp;&nbsp;&nbsp;&nbsp;&nbsp;25,- Kč<br>(ovocný, černý, mátový, zelený)</p><p>HORKÉ JABLÍČKO&nbsp;&nbsp;&nbsp;30,- Kč<br></p><h3>Pivo </h3><p>STAROPRAMEN 11˚&nbsp;&nbsp; 0,3 l&nbsp;&nbsp;24,- Kč</p><p>STAROPRAMEN 11˚&nbsp;&nbsp; 0,5 l&nbsp;&nbsp;28,- Kč</p><p>PLZEŇ 12˚ 0,5 l sklo&nbsp;&nbsp;&nbsp;35,- Kč<br></p><p>BIRELL světlý 0,5 l plech&nbsp;&nbsp;30,- Kč</p><p>BIRELL světlý 0,5 l sklo&nbsp;&nbsp;25,- Kč</p><p>BIRELL polotmavý 0,5 l sklo&nbsp;&nbsp;25,- Kč</p><p>BIRELL zázvor 0,5 l plech&nbsp;&nbsp;30,- Kč</p><p>BIRELL gr.jablko 0,5 l plech&nbsp;&nbsp;30,- Kč</p><p>BIRELL limetka 0,5 l plech&nbsp;&nbsp;30,- Kč<br></p><h3>NEALKOHOLICKÉ&nbsp; NÁPOJE</h3><p>RAJEC neperlivý 1,5 l &nbsp;&nbsp;&nbsp;25,- Kč</p><p>RAJEC jem.perlivý 1,5 l &nbsp;&nbsp;25,- Kč</p><p>RAJEC ochucený 1,5 l&nbsp;&nbsp;&nbsp;35,- Kč</p><p>RAJEC neperlivý 0,5 l &nbsp;&nbsp;&nbsp;20,- Kč</p><p>RAJEC jem.perlivý 0,5 l &nbsp;&nbsp;20,- Kč</p><p>RAJEC ochucený 0,5 l &nbsp;&nbsp;&nbsp;25,- Kč</p><p>PEPSI 0,5 l&nbsp;&nbsp;&nbsp;&nbsp;&nbsp;30,- Kč</p><p>PEPSI light 0,5 l&nbsp;&nbsp;&nbsp;&nbsp;30,- Kč</p><p>PEPSI twist 0,5 l&nbsp;&nbsp;&nbsp;&nbsp;30,- Kč</p><p>PEPSI plech 0,33 l &nbsp;&nbsp;&nbsp;20,- Kč</p><p>COCA&nbsp;COLA plech 0,33 l&nbsp; &nbsp;&nbsp;18,- Kč</p><p>MIRINDA pomeranč 0,5 l&nbsp;&nbsp;30,- Kč</p><p>MIRINDA citron 0,5 l&nbsp;&nbsp;&nbsp;30,- Kč</p><p>7 UP 0,5 l&nbsp;&nbsp;&nbsp; &nbsp;&nbsp;30,- Kč</p><p>TONIC 0,5 l&nbsp;&nbsp;&nbsp;&nbsp;&nbsp;30,- Kč</p><p>MOUNTAIN DEW 0,5 l&nbsp;&nbsp;&nbsp;30,- Kč</p><p>RC COLA 0,5 l&nbsp;&nbsp;&nbsp;&nbsp;30,- Kč</p><p>ORANGINA&nbsp; 0,5 l&nbsp;&nbsp;&nbsp;&nbsp;30,- Kč<br>&nbsp;<br>ICE ledový čaj 0,5 l&nbsp;&nbsp;&nbsp;30,- Kč<br></p><h3>PRO&nbsp; DĚTI</h3><p>JUPÍK&nbsp; 0,33 l&nbsp;&nbsp;&nbsp;&nbsp;&nbsp;18,- Kč</p><p>HAPPY DAY 0,2 l krabička&nbsp;&nbsp;15,- Kč</p><p>CAPRI SONNE 0,2 l sáček&nbsp;&nbsp;14,- Kč</p><h3>TOČENÉ NEALKOHOLICKÉ&nbsp; NÁPOJE</h3><p>KOFOLA – MALINOVKA - ORANŽÁDA</p><p>&nbsp;&nbsp;&nbsp;0,3 l&nbsp;&nbsp;18,- Kč</p><p>&nbsp;&nbsp;&nbsp;0,4 l&nbsp;&nbsp;21,- Kč</p><p>&nbsp;&nbsp;&nbsp;0,5 l&nbsp;&nbsp;24,- Kč<br></p><h2 id=\"nabidka&nbsp;-jidel\">Nabídka&nbsp; jídel</h2><p>POLÉVKA DLE DENNÍ NABÍDKY&nbsp;35,- Kč</p><p>TOUSTY 2 ks (1,3,7)&nbsp;&nbsp;&nbsp;40,- Kč<br>&nbsp;&nbsp;(sýr, šunka, kečup) </p><p>TORTILA (1,3,7)&nbsp;&nbsp;&nbsp;&nbsp;50,- Kč<br>&nbsp;&nbsp;(sýr, šunka, dip)</p><p>TORTILA (1,3,7)&nbsp;&nbsp;&nbsp;&nbsp;80,- Kč<br>&nbsp;&nbsp;(kuř.maso,zelenina,dip)<br></p><p></p><h2 id=\"grilovani\">GRILOVÁNÍ</h2><p>DOMÁCÍ HAMBURGER (1,10)&nbsp;80,- Kč<br>&nbsp;&nbsp;(kečup,hořčice,zelenina)</p><p></p><p>DOMÁCÍ HAMBURGER <br>&nbsp;&nbsp;&nbsp;&nbsp;&nbsp;&nbsp;&nbsp;&nbsp;&nbsp;&nbsp;&nbsp;&nbsp;&nbsp;&nbsp;&nbsp;&nbsp;&nbsp;&nbsp;&nbsp; SE SÝREM (1,7,10)&nbsp;&nbsp;&nbsp;&nbsp;&nbsp; 85,- Kč<br>&nbsp;&nbsp;(sýr,kečup,hořčice,zelenina)</p><p>PIKANTNÍ KRKOVICE <br>&nbsp;&nbsp;&nbsp;&nbsp;&nbsp;&nbsp;&nbsp;&nbsp;&nbsp;&nbsp;&nbsp;&nbsp;&nbsp;&nbsp;&nbsp;&nbsp;&nbsp;&nbsp;&nbsp; SE ZEL.SALÁTEM&nbsp;&nbsp;&nbsp;&nbsp;&nbsp; 110,- Kč</p><p>KUŘECÍ STEJK NA BYLINKÁCH<br>&nbsp;&nbsp;&nbsp;&nbsp;&nbsp;&nbsp;&nbsp;&nbsp;&nbsp;&nbsp;&nbsp;&nbsp;&nbsp;&nbsp;&nbsp;&nbsp;&nbsp;&nbsp;&nbsp; SE ZEL.SALÁTEM&nbsp;&nbsp;&nbsp;&nbsp;&nbsp; 110,- Kč</p><p>HERMELÍN GRILOVANÝ&nbsp;&nbsp;65,- Kč<br>&nbsp;&nbsp;(1,3,7)</p><p>PÁRKY 2 ks&nbsp; (1,3,7,10)&nbsp;&nbsp;&nbsp;35,- Kč <br>&nbsp;&nbsp;&nbsp;&nbsp;&nbsp;&nbsp; (chléb, kečup, hořčice)</p><p>KLOBÁSA&nbsp;(1,3,7,10)&nbsp;&nbsp;&nbsp;50,- Kč<br>&nbsp;&nbsp;&nbsp;&nbsp;&nbsp;&nbsp;&nbsp;&nbsp;&nbsp;&nbsp;&nbsp;&nbsp; (chléb, kečup, hořčice)<br></p><h2 id=\"sladka&nbsp;-jidla\">SLADKÁ&nbsp; JÍDLA</h2><p>PALAČINKY (nutela, džem)&nbsp;&nbsp;35,- Kč<br>&nbsp;&nbsp;(1,3,7)<br></p><p>DENNĚ JSOU NABÍZENÁ DALŠÍ JÍDLA DLE AKTUÁLNÍ NABÍDKY.&nbsp;INFORMACE NA BARU.</p><p>NABÍZÍME VŠEM NÁVŠTĚVNÍKŮM NAŠEHO AREÁLU MOŽNOST USPOŘÁDÁNÍ FIREMNÍ AKCE, OSLAVY AJ. ZAJISTÍME VÁM&nbsp; OBČERSTVENÍ DLE VAŠICH POŽADAVKŮ. <br></p><p></p>',	'<section class=\"sidebar-menu\"><h2>Přehled</h2>\r\n    <ul>\r\n        <li><a href=\"#napojovy -listek\">NÁPOJOVÝ&nbsp; LÍSTEK</a></li><li><a href=\"#nabidka -jidel\">NABÍDKA&nbsp; JÍDEL</a></li><li><a href=\"#grilovani\">GRILOVÁNÍ</a></li><li><a href=\"#sladka -jidla\">SLADKÁ&nbsp; JÍDLA</a></li><li><a href=\"/beachbar-gril\">GRIL (page)</a>&nbsp;</li>    </ul>\r\n</section>\r\n',	2,	0,	0,	1,	5,	'beachbar'),
(32,	'O nás',	'<h1>TRENÉŘI PLÁŽOVÉHO VOLEJBALU V&nbsp;PRAZE V&nbsp;BEACHKLUBU LÁDVÍ</h1><p>[[element:coaches]]</p>',	'<section id=\"block-block-6\" class=\"block block-block block-even\"><div class=\"content\"><p>Chodíte pravidelně na plážový volejbal a&nbsp;cítíte, že byste chtěli ještě víc? Rádi byste se zlepšili v technice nebo taktice? Je Vás třeba celá parta kamarádů?</p><p>Připravili jsme pro Vás možnost trénovat s trenéry v našem areálu. Místo na tréninkových kempech si můžete rezervovat on-line v&nbsp;rezervačním systému. V případě, že chcete zkusit individuální tréninky, kontaktujte přímo naše trenéry.</p></div></section><section id=\"block-views-testimonials-block\" class=\"block block-views views-clearfix block-odd\"><h3>NAPSALI O NÁS</h3><p>Takhle hezky o nás píší v různých médiích. Děkujeme.<br></p><div class=\"content\"><div class=\"view view-testimonials view-id-testimonials view-display-id-block view-dom-id-493a3081944069a986b08acba962aa64\"><div class=\"view-content\"><div class=\"views-row views-row-1 views-row-odd views-row-first\"><div class=\"views-field views-field-nothing extra\"><span class=\"field-content\"></span></div></div><div class=\"views-row views-row-1 views-row-odd views-row-first\"><div class=\"views-field views-field-nothing extra\"><span class=\"field-content\"><div class=\"views-field-title title-indent\"><ul><li><a href=\"http://www.zijmesportem.cz/534-plazovy-volejbal-olympiada-v-londyne-nas-dostala-do-podvedomi\">Článek k reportáži Žijme sportem</a></li><li><a href=\"http://www.olympic.cz/clanek/1337--samkova-novotny-hradilek-koukal-vanoce-na-pisku-v-ladvi-pro-znevyhodnene-deti\" style=\"line-height: 1.42857; background-color: rgb(255, 163, 54);\">Setkání s olympioniky v Beachklubu Ládví</a></li></ul></div></span></div></div><div class=\"views-row views-row-1 views-row-odd views-row-first\"><div class=\"views-field views-field-nothing extra\"><span class=\"field-content\"><div class=\"views-field-title title-indent\"><ul><li><a href=\"http://revue.idnes.cz/mistrovstvi-sveta-ve-strizbe-vyhrala-desetileta-divka-pip-/zajimavosti.aspx?c=A120529_140007_zajimavosti_nh\">VIDEO: Desetiletá dívka přestřihala slavné sportovce a je mistryní světa</a></li><li><a href=\"http://www.blesk.cz/clanek/zpravy-udalosti/174750/ms-kamen-nuzky-papir-mistry-sveta-vyskolila-desetileta-viky.html\">MS Kámen, nůžky, papír: Mistry světa vyškolila desetiletá Viky!</a></li><li><a href=\"http://www.novinky.cz/cestovani/tipy-na-vylety/266579-tipy-na-vikend-setkani-parohatych-mest-mistrovstvi-ve-strizbe-a-pivni-festival.html\">Tipy na víkend: Setkání parohatých měst, mistrovství ve střižbě a pivní festival</a></li><li><a href=\"http://www.metro.cz/kamen-nuzky-papir-stante-se-prvnim-mistrem-sveta-ve-strizbe-plx-/co-se-deje.aspx?c=A120518_134928_co-se-deje_sar\">Kámen, nůžky, papír. Staňte se prvním mistrem světa ve střižbě</a></li><li><a href=\"http://prazsky.denik.cz/zpravy_region/olympionici-a-mistri-sveta-strihali-v-praze-o-svetovy-titul-20120519.html\">Olympionici a mistři světa stříhali v Praze o světový titul</a></li><li><a href=\"http://ulice.tyden.cz/zpravy/v-ladvi-nabizeji-detsky-beachvolejbalovy-kemp_2020.html\" style=\"line-height: 1.42857; background-color: rgb(255, 163, 54);\">V Ládví nabízejí dětský beachvolejbalový kemp</a></li></ul></div></span></div></div><div class=\"views-row views-row-1 views-row-odd views-row-first\"><div class=\"views-field views-field-nothing extra\"><span class=\"field-content\"><div class=\"views-field-title title-indent\"><ul><li><a href=\"http://www.ahaonline.cz/clanek/sport/60107/pozor-na-bloku-je-jicha.html\">Pozor, na bloku je Jícha!</a></li><li><a href=\"http://www.ctsa.cz/zimni-a-letni-olympionici-se-utkaji-v-plazove-exhibici-na-ladvi-?sibling_page=8\">Zimní a letní olympionici se utkají v plážové exhibici na Ládví!</a></li><li><a href=\"http://prazsky.denik.cz/ostatni_region/prazane-se-dnes-mohou-setkat-s-20080903.html\">Pražané se dnes mohou setkat s olympioniky či hokejisty Sparty</a></li><li><a href=\"http://in.ihned.cz/c4-10064840-26061510-n00000_d-nejlepsi-plaze-v-evrope\">Nejlepší pláže v Evropě?</a></li><li><a href=\"http://www.ahaonline.cz/cz/sport/29756/olympionici-po-kotniky-v-pisku\">Olympionici: Po kotníky v písku</a></li></ul></div></span></div></div></div></div></div></section>',	2,	1,	0,	1,	1,	'o-nas'),
(33,	'Partneři',	'<div>[[element:partners]]</div>',	'<h2>NAŠI PARTNEŘI</h2><p>Provoz sportovního areálu se neobejde bez partnerství města a sponzorů. Touto stránkou bychom rádi poděkovali všem našim příznivcům a podporovatelům.</p><p>Máte rádi sport a přemýšlíte o podpoře smysluplného projektu na Praze 8 nebo dokonce plánujete zasáhnout celou republiku? Napište nám na marketing@beachklubladvi.cz a my Vám připravíme zajímavou a konkrétní nabídku.</p><p><b>Usilovně hledáme:</b></p><p><b>-&nbsp;</b><span style=\"font-family: Arial, Helvetica; line-height: 1.42857;\">sponzory konkrétních projektů, které chystáme v areálu pro Vás - umělé osvětlení, dětské hřiště, tribuna, atd.,</span></p><p><span style=\"font-family: Arial, Helvetica; line-height: 1.42857;\">-&nbsp;</span><span style=\"font-family: Arial, Helvetica; line-height: 1.42857;\">partnery finanční i materiálové pro naše turnaje,</span></p><p><span style=\"font-family: Arial, Helvetica; line-height: 1.42857;\">-&nbsp;</span><span style=\"font-family: Arial, Helvetica; line-height: 1.42857;\">partnery pro sportovní turnaj v&nbsp;přehazované pro děti z dětských domovů.</span></p><p></p><p>Nechcete plýtvat s rozpočtem v dobách finanční krize? Nebojte se a napište. Nemáme velké oči a oceníme každou pomoc. A tu velmi rychle poznáte na kvalitě našich služeb. Předem děkujeme!</p>',	2,	1,	0,	1,	2,	'partneri'),
(34,	'Homepage',	'<h2>TATO STRÁNKA SE SESTAVUJE AUTOMATICKY</h2><ul><li><a href=\"http://local.beachklub/admin/news\">z novinek,</a></li><li><a href=\"http://local.beachklub/admin/tiles\">dlaždic,</a></li><li><a href=\"http://local.beachklub/admin/events\">a akcí.</a></li></ul>',	'<h2>ZIMA 2015</h2><h3>Pondělí - čtvrtek</h3><p>08 - 17 hod: 400,- Kč / 1 hod<br></p><p>17 - 21 hod: 550,- Kč / 1 hod</p><p>21 - 23 hod: 450,- Kč / 1 hod</p><h3>Pátek</h3><p><span>08 - 17 hod: 400,- Kč / 1 hod</span></p><p><span>17 - 23 hod: 450,- Kč / 1 hod</span></p><h3>Sobota a neděle</h3><p>08 - 18 hod: 150,- Kč / 1 hod</p><p>18 - 23 hod: 450,- Kč / 1 hod</p>',	2,	1,	0,	1,	0,	''),
(35,	'Kontakty',	'<h2>KONTAKTY</h2>[[element:contact-map]][[element:contact-form]]<div class=\"panel-pane pane-custom pane-1 contact-information grid-11 omega\">    <h2 class=\"pane-title\">Kontakty na Beachklub Ládví</h2>    <div class=\"pane-content\">        <p>                <strong>ONLINE REZERVACE KURTŮ:</strong><br>                <a href=\"/rezervace-kurtu\">Zde</a> nebo telefonicky na 608 862 740.                <br><br>                <strong>DLOUHODOBÉ PRONÁJMY, PROVOZNÍ ZÁLEŽITOSTI KLUBU:</strong><br>                Jarda Falc: falc@centrum.cz , 724 165 620                <br><br>                <strong>ŠÉFTRENÉR:</strong><br>                Ondra Michálek: seftrener@beachklubladvi.cz , 605 218 056                <br><br>                <strong>ADMINISTRATIVA, PŘÍMĚSTSKÉ TÁBORY, KEMPY:</strong><br>                Lucka Trnková: info@beachklubladvi.cz , 728 189 731                <br><br>                <strong>OSLAVY, FIREMNÍ AKCE AJ.:</strong><br>                Recepce: recepce@beachklubladvi.cz , 723 841 031        </p>    </div>    <h2 class=\"pane-title\">Jak nás najdete</h2>    <div class=\"pane-content\">        <p>            Beachklub Ládví najdete v areálu SPŠE Eltodo v ulici Chabařovická 4 na Praze 8. Areál se nachází cca 7 minut od stanice metra C Ládví či autem cca 10 minut z centra. Vchod pro pěší je jak z ulice Chabařovická, tak z ulice Žernosecká. V případě, že jedete metrem tak vyražte směrem k Multikinu Ládví a pak napříč sídlištěm dle mapy. V případě, že jedete autem, tak můžete nově využít příjezd ze Žernosecké ulice. Původní příjezd z Chabařovické je uzavřen. V areálu se dá parkovat.</p><h2>Fakturační &nbsp;adresa</h2><p>        </p>        <p>            Beachklub Ládví z.s.<br>            Chabařovická 4<br>            180 00  Praha 8<br>            IČO: 22735135<br>            ICP: 1000559998</p><p>            </p><h2>KORESPONDENČNÍ ADRESA</h2><p><span style=\"line-height: 1.42857;\">Beachklub Ládví z.s.<br></span><span style=\"line-height: 1.42857;\">Horáčkova 1213<br></span><span style=\"line-height: 1.42857;\">140 00 Praha 4</span></p>    </div></div>',	'<p>[[none]]</p>',	2,	1,	0,	1,	4,	'kontakty'),
(36,	'Beachbar - Gril',	'<h1>Beachbar - Gril</h1><p>DOMÁCÍ HAMBURGER (1,10)&nbsp;80,- Kč<br>&nbsp;&nbsp;(kečup,hořčice,zelenina)</p><p>DOMÁCÍ HAMBURGER &nbsp;SE SÝREM (1,7,10)&nbsp;&nbsp;&nbsp;&nbsp;&nbsp; 85,- Kč</p><p>&nbsp;&nbsp;(sýr,kečup,hořčice,zelenina)</p><p>PIKANTNÍ KRKOVICE&nbsp;<br>&nbsp;&nbsp;&nbsp;&nbsp;&nbsp;&nbsp;&nbsp;&nbsp;&nbsp;&nbsp;&nbsp;&nbsp;&nbsp;&nbsp;&nbsp;&nbsp;&nbsp;&nbsp;&nbsp; SE ZEL.SALÁTEM&nbsp;&nbsp;&nbsp;&nbsp;&nbsp; 110,- Kč</p><p>KUŘECÍ STEJK NA BYLINKÁCH<br>&nbsp;&nbsp;&nbsp;&nbsp;&nbsp;&nbsp;&nbsp;&nbsp;&nbsp;&nbsp;&nbsp;&nbsp;&nbsp;&nbsp;&nbsp;&nbsp;&nbsp;&nbsp;&nbsp; SE ZEL.SALÁTEM&nbsp;&nbsp;&nbsp;&nbsp;&nbsp; 110,- Kč</p><p>HERMELÍN GRILOVANÝ&nbsp;&nbsp;65,- Kč<br>&nbsp;&nbsp;(1,3,7)</p><p>PÁRKY 2 ks&nbsp; (1,3,7,10)&nbsp;&nbsp;&nbsp;35,- Kč&nbsp;<br>&nbsp;&nbsp;&nbsp;&nbsp;&nbsp;&nbsp; (chléb, kečup, hořčice)</p><p>KLOBÁSA&nbsp;(1,3,7,10)&nbsp;&nbsp;&nbsp;50,- Kč<br>&nbsp;&nbsp;&nbsp;&nbsp;&nbsp;&nbsp;&nbsp;&nbsp;&nbsp;&nbsp;&nbsp;&nbsp; (chléb, kečup, hořčice)</p><p><br></p><p><br></p><p><br></p><p><br></p><p><br></p><p><br></p><p><br></p><h1><br></h1>',	'<section class=\"sidebar-menu\">\r\n<h2>PŘEHLED</h2>\r\n\r\n<ul>\r\n\r\n<li><a href=\"/beachbar\">ZPĚT NA BEACHBAR</a></li>\r\n\r\n</ul>\r\n\r\n</section>',	2,	1,	0,	1,	6,	'beachbar-gril');

DROP TABLE IF EXISTS `events`;
CREATE TABLE `events` (
  `id` int(11) NOT NULL AUTO_INCREMENT,
  `title` varchar(255) COLLATE utf8_czech_ci DEFAULT NULL,
  `perex` text COLLATE utf8_czech_ci,
  `date` date NOT NULL,
  `desc` text COLLATE utf8_czech_ci NOT NULL,
  `slug` varchar(255) COLLATE utf8_czech_ci NOT NULL,
  PRIMARY KEY (`id`)
) ENGINE=InnoDB DEFAULT CHARSET=utf8 COLLATE=utf8_czech_ci;

INSERT INTO `events` (`id`, `title`, `perex`, `date`, `desc`, `slug`) VALUES
(5,	'Decathlon Ládvík Cup',	'<span>série turnajů pro nejmenší</span>',	'2015-10-04',	'<p>Dětská beachvolejbalová sezóna bude zahájena sérii turnajů pro ty nejmenší, tzv. Ládvík Cupem. Ten odstartoval již první zářijový víkend a další turnaje na sebe nenechají dlouho čekat.</p><p><strong>Kategorie:</strong><br></p><p>- turnaj pro rodiče s dětmi - děti do 10 let<br>- minibeachvolejbal v přehazované - dvojice do 10 let<br>- minibeachvolejbal - děti do 13 let<br>- beachvolejbal - děti do 18 let</p><p>Své místo v oblíbeném turnaji si můžete pohlídat již nyní. Turnaj se bude opakovat každý měsíc a slouží jako kvalitní příprava na Pražskou Juniorligu (<a href=\"http://www.beachliga.cz/\"><u>www.beachliga.cz</u></a>).</p><p><strong>Termíny:</strong><br></p><p>- 04. 10. 2015<br>- 07. 11. 2015<br>- 05. 12. 2015</p><p><strong>Začátky utkání:</strong><br></p><p>- děti do 10 let - 09:00<br>- děti nad 10 let - 10:00</p><br>',	'decathlon-ladvik-cup'),
(6,	'Decathlon Ládvík Cup',	'<span>série turnajů pro nejmenší</span>',	'2015-11-01',	'<p>Dětská beachvolejbalová sezóna bude zahájena sérii turnajů pro ty nejmenší, tzv. Ládvík Cupem. Ten odstartoval již první zářijový víkend a další turnaje na sebe nenechají dlouho čekat.</p><p><strong>Kategorie:</strong><br></p><p>- turnaj pro rodiče s dětmi - děti do 10 let<br>- minibeachvolejbal v přehazované - dvojice do 10 let<br>- minibeachvolejbal - děti do 13 let<br>- beachvolejbal - děti do 18 let</p><p>Své místo v oblíbeném turnaji si můžete pohlídat již nyní. Turnaj se bude opakovat každý měsíc a slouží jako kvalitní příprava na Pražskou Juniorligu (<a href=\"http://www.beachliga.cz/\"><u>www.beachliga.cz</u></a>).</p><p><strong>Termíny:</strong><br></p><p>- 04. 10. 2015<br>- 07. 11. 2015<br>- 05. 12. 2015</p><p><strong>Začátky utkání:</strong><br></p><p>- děti do 10 let - 09:00<br>- děti nad 10 let - 10:00</p><p><br></p><p><br></p><br>',	'decathlon-ladvik-cup'),
(7,	'Decathlon Ládvík Cup',	'<span>série turnajů pro nejmenší</span>',	'2015-12-06',	'<p>Dětská beachvolejbalová sezóna bude zahájena sérii turnajů pro ty nejmenší, tzv. Ládvík Cupem. Ten odstartoval již první zářijový víkend a další turnaje na sebe nenechají dlouho čekat.</p><p><strong>Kategorie:</strong><br></p><p>- turnaj pro rodiče s dětmi - děti do 10 let<br>- minibeachvolejbal v přehazované - dvojice do 10 let<br>- minibeachvolejbal - děti do 13 let<br>- beachvolejbal - děti do 18 let</p><p>Své místo v oblíbeném turnaji si můžete pohlídat již nyní. Turnaj se bude opakovat každý měsíc a slouží jako kvalitní příprava na Pražskou Juniorligu (<a href=\"http://www.beachliga.cz/\"><u>www.beachliga.cz</u></a>).</p><p><strong>Termíny:</strong><br></p><p>- 04. 10. 2015<br>- 07. 11. 2015<br>- 05. 12. 2015</p><p><strong>Začátky utkání:</strong><br></p><p>- děti do 10 let - 09:00<br>- děti nad 10 let - 10:00</p><br>',	'decathlon-ladvik-cup'),
(8,	'Míracup mixy',	'<span>Turnaj pro amatérské hráče, kempaře a kamarády.</span>',	'2015-10-11',	'<p>Oblíbený turnaj pro amatérské hráče, kempaře a kamarády. Registrace do turnaje v 9:45, začátek turnaje v 10:00.</p><p><strong>Termíny:</strong></p><p>- 11. 10. 2015<br>- 01. 11. 2015<br>- 06. 12. 2015</p><p><strong>Kapacita:</strong> 24 dvojic<br></p><p class=\"MsoNormal\" style=\"text-align: left;\"><strong>Startovné</strong>: 250,- Kč na osobu <br></p><p class=\"MsoNormal\" style=\"text-align: left;\"><strong>Organizátor</strong>: Míra Justián</p><p><br></p>',	'miracup-mixy'),
(9,	'Míracup mixy',	'<span>Oblíbený turnaj pro amatérské hráče, kempaře a kamarády.</span>',	'2015-11-01',	'<p>Oblíbený turnaj pro amatérské hráče, kempaře a kamarády. Registrace do turnaje v 9:45, začátek turnaje v 10:00.</p><p><strong>Termíny:</strong><br></p><p class=\"MsoNormal\" style=\"text-align: left;\">- 11. 10. 2015<br>- 01. 11. 2015<br>- 06. 12. 2015<br></p><p class=\"MsoNormal\" style=\"text-align: left;\"><strong>Kapacita:</strong> 24 dvojic<br></p><p class=\"MsoNormal\" style=\"text-align: left;\"><strong>Startovné</strong>: 250,- Kč na osobu<br></p><p class=\"MsoNormal\" style=\"text-align: left;\"><strong>Organizátor</strong>: Míra Justián</p><p><br></p>',	'miracup-mixy'),
(10,	'Míracup mixy',	'<span>Oblíbený turnaj pro amatérské hráče, kempaře a kamarády.</span>',	'2015-12-06',	'<p>Oblíbený turnaj pro amatérské hráče, kempaře a kamarády. Registrace do turnaje v 9:45, začátek turnaje v 10:00.</p><p><strong>Termíny:</strong></p><p>- 11. 10. 2015<br>- 01. 11. 2015<br>- 06. 12. 2015</p><p><strong>Kapacita:</strong> 24 dvojic<br></p><p class=\"MsoNormal\" style=\"text-align: left;\"><strong>Startovné</strong>: 250,- Kč na osobu<br></p><p class=\"MsoNormal\" style=\"text-align: left;\"><strong>Organizátor</strong>: Míra Justián</p><p><br></p>',	'miracup-mixy'),
(11,	'ABL muži & ženy',	'<p><br></p>',	'2015-10-17',	'<p><br></p>',	'abl-muzi-zeny'),
(12,	'ABL muži & ženy',	'<p><br></p>',	'2015-11-14',	'<p><br></p>',	'abl-muzi-zeny'),
(13,	'ABL muži & ženy',	'<p><br></p>',	'2015-12-19',	'<p><br></p>',	'abl-muzi-zeny'),
(14,	'ABL mixy',	'<p><br></p>',	'2015-10-18',	'<p><br></p>',	'abl-mixy'),
(15,	'ABL mixy',	'<p><br></p>',	'2015-11-15',	'<p><br></p>',	'abl-mixy'),
(16,	'ABL mixy',	'<p><br></p>',	'2015-12-20',	'<p><br></p>',	'abl-mixy'),
(17,	'Hradecko-pražské derby',	'<p><br></p>',	'2015-11-21',	'<p><br></p>',	'hradecko-prazske-derby');

DROP TABLE IF EXISTS `gallery_albums`;
CREATE TABLE `gallery_albums` (
  `id` int(11) NOT NULL AUTO_INCREMENT,
  `title` varchar(255) NOT NULL,
  `default_name` varchar(255) NOT NULL,
  `path` varchar(255) NOT NULL,
  `model` varchar(255) DEFAULT NULL,
  `model_id` int(11) DEFAULT NULL,
  `tags` varchar(255) NOT NULL,
  `status` varchar(255) NOT NULL,
  `created` datetime NOT NULL,
  `modified` datetime NOT NULL,
  PRIMARY KEY (`id`)
) ENGINE=InnoDB DEFAULT CHARSET=latin1;

INSERT INTO `gallery_albums` (`id`, `title`, `default_name`, `path`, `model`, `model_id`, `tags`, `status`, `created`, `modified`) VALUES
(1,	'Slides album',	'',	'',	'slide',	1,	'',	'published',	'2015-07-23 12:29:30',	'2015-07-23 12:29:30'),
(2,	'Tiles album',	'',	'',	'tile',	1,	'',	'published',	'2015-07-24 13:05:14',	'2015-07-24 13:05:14'),
(3,	'Documents album',	'',	'',	'document',	1,	'',	'published',	'2015-07-24 13:05:14',	'2015-07-24 13:05:14'),
(4,	'Coaches album',	'',	'',	'coach',	1,	'',	'published',	'2015-07-24 13:05:14',	'2015-07-24 13:05:14'),
(5,	'Partners album',	'',	'',	'partner',	1,	'',	'published',	'2015-07-24 13:05:14',	'2015-07-24 13:05:14');

DROP TABLE IF EXISTS `gallery_pictures`;
CREATE TABLE `gallery_pictures` (
  `id` int(11) NOT NULL AUTO_INCREMENT,
  `name` varchar(255) NOT NULL,
  `path` varchar(255) NOT NULL,
  `size` bigint(20) NOT NULL,
  `album_id` int(11) NOT NULL,
  `main_id` int(11) DEFAULT NULL,
  `caption` varchar(255) DEFAULT NULL,
  `style` varchar(255) NOT NULL DEFAULT 'full',
  `order` int(11) NOT NULL DEFAULT '9999999',
  `created` datetime NOT NULL,
  `modified` datetime NOT NULL,
  PRIMARY KEY (`id`),
  KEY `folder_id` (`album_id`),
  KEY `main_id` (`main_id`)
) ENGINE=InnoDB DEFAULT CHARSET=latin1;

INSERT INTO `gallery_pictures` (`id`, `name`, `path`, `size`, `album_id`, `main_id`, `caption`, `style`, `order`, `created`, `modified`) VALUES
(1,	'slide_1.jpg',	'd19a51af872f77c33b09981695eb1ac9.jpg',	399949,	1,	NULL,	NULL,	'full',	9999999,	'2015-07-27 11:28:45',	'2015-07-27 11:28:45'),
(2,	'medium-slide_1.jpg',	'medium-d19a51af872f77c33b09981695eb1ac9.jpg',	24242,	1,	1,	NULL,	'medium',	9999999,	'2015-07-27 11:28:45',	'2015-07-27 11:28:45'),
(3,	'slide-slide_1.jpg',	'slide-d19a51af872f77c33b09981695eb1ac9.jpg',	191779,	1,	1,	NULL,	'slide',	9999999,	'2015-07-27 11:28:46',	'2015-07-27 11:28:46'),
(4,	'tile-slide_1.jpg',	'tile-d19a51af872f77c33b09981695eb1ac9.jpg',	24128,	1,	1,	NULL,	'tile',	9999999,	'2015-07-27 11:28:46',	'2015-07-27 11:28:46'),
(5,	'slide_2.jpg',	'416ba09342b835f1eb9fa7ba8ddcb008.jpg',	263586,	1,	NULL,	NULL,	'full',	9999999,	'2015-07-27 11:28:57',	'2015-07-27 11:28:57'),
(6,	'medium-slide_2.jpg',	'medium-416ba09342b835f1eb9fa7ba8ddcb008.jpg',	19450,	1,	5,	NULL,	'medium',	9999999,	'2015-07-27 11:28:58',	'2015-07-27 11:28:58'),
(7,	'slide-slide_2.jpg',	'slide-416ba09342b835f1eb9fa7ba8ddcb008.jpg',	126521,	1,	5,	NULL,	'slide',	9999999,	'2015-07-27 11:28:58',	'2015-07-27 11:28:58'),
(8,	'tile-slide_2.jpg',	'tile-416ba09342b835f1eb9fa7ba8ddcb008.jpg',	19493,	1,	5,	NULL,	'tile',	9999999,	'2015-07-27 11:28:59',	'2015-07-27 11:28:59'),
(9,	'slide_3.jpg',	'9d315015e9665ffcb9fadd72a2610b54.jpg',	248765,	1,	NULL,	NULL,	'full',	9999999,	'2015-07-27 11:29:10',	'2015-07-27 11:29:10'),
(10,	'medium-slide_3.jpg',	'medium-9d315015e9665ffcb9fadd72a2610b54.jpg',	13033,	1,	9,	NULL,	'medium',	9999999,	'2015-07-27 11:29:10',	'2015-07-27 11:29:10'),
(11,	'slide-slide_3.jpg',	'slide-9d315015e9665ffcb9fadd72a2610b54.jpg',	108681,	1,	9,	NULL,	'slide',	9999999,	'2015-07-27 11:29:10',	'2015-07-27 11:29:10'),
(12,	'tile-slide_3.jpg',	'tile-9d315015e9665ffcb9fadd72a2610b54.jpg',	15363,	1,	9,	NULL,	'tile',	9999999,	'2015-07-27 11:29:10',	'2015-07-27 11:29:10'),
(13,	'slide_4.jpg',	'e1411f4c7558aa8f0a2a086f2278bf3c.jpg',	435048,	1,	NULL,	NULL,	'full',	9999999,	'2015-07-27 11:29:25',	'2015-07-27 11:29:25'),
(14,	'medium-slide_4.jpg',	'medium-e1411f4c7558aa8f0a2a086f2278bf3c.jpg',	22521,	1,	13,	NULL,	'medium',	9999999,	'2015-07-27 11:29:25',	'2015-07-27 11:29:25'),
(15,	'slide-slide_4.jpg',	'slide-e1411f4c7558aa8f0a2a086f2278bf3c.jpg',	197618,	1,	13,	NULL,	'slide',	9999999,	'2015-07-27 11:29:25',	'2015-07-27 11:29:25'),
(16,	'tile-slide_4.jpg',	'tile-e1411f4c7558aa8f0a2a086f2278bf3c.jpg',	27268,	1,	13,	NULL,	'tile',	9999999,	'2015-07-27 11:29:26',	'2015-07-27 11:29:26'),
(17,	'slide_5.jpg',	'945ec634fbd4eb4da985e02c4aa3acc8.jpg',	510597,	1,	NULL,	NULL,	'full',	9999999,	'2015-07-27 11:29:36',	'2015-07-27 11:29:36'),
(18,	'medium-slide_5.jpg',	'medium-945ec634fbd4eb4da985e02c4aa3acc8.jpg',	27183,	1,	17,	NULL,	'medium',	9999999,	'2015-07-27 11:29:36',	'2015-07-27 11:29:36'),
(19,	'slide-slide_5.jpg',	'slide-945ec634fbd4eb4da985e02c4aa3acc8.jpg',	236408,	1,	17,	NULL,	'slide',	9999999,	'2015-07-27 11:29:37',	'2015-07-27 11:29:37'),
(20,	'tile-slide_5.jpg',	'tile-945ec634fbd4eb4da985e02c4aa3acc8.jpg',	29248,	1,	17,	NULL,	'tile',	9999999,	'2015-07-27 11:29:37',	'2015-07-27 11:29:37'),
(21,	'tile_1.jpg',	'8e08db0a41db078b75f8a42148378b47.jpg',	411491,	2,	NULL,	NULL,	'full',	9999999,	'2015-07-27 11:30:02',	'2015-07-27 11:30:02'),
(22,	'medium-tile_1.jpg',	'medium-8e08db0a41db078b75f8a42148378b47.jpg',	18161,	2,	21,	NULL,	'medium',	9999999,	'2015-07-27 11:30:02',	'2015-07-27 11:30:02'),
(23,	'slide-tile_1.jpg',	'slide-8e08db0a41db078b75f8a42148378b47.jpg',	100857,	2,	21,	NULL,	'slide',	9999999,	'2015-07-27 11:30:02',	'2015-07-27 11:30:02'),
(24,	'tile-tile_1.jpg',	'tile-8e08db0a41db078b75f8a42148378b47.jpg',	19891,	2,	21,	NULL,	'tile',	9999999,	'2015-07-27 11:30:02',	'2015-07-27 11:30:02'),
(25,	'tile_6.jpg',	'd1fe8a0ad90035e9d40b6ecba98ec467.jpg',	288404,	2,	NULL,	NULL,	'full',	9999999,	'2015-07-27 11:30:23',	'2015-07-27 11:30:23'),
(26,	'medium-tile_6.jpg',	'medium-d1fe8a0ad90035e9d40b6ecba98ec467.jpg',	13661,	2,	25,	NULL,	'medium',	9999999,	'2015-07-27 11:30:23',	'2015-07-27 11:30:23'),
(27,	'slide-tile_6.jpg',	'slide-d1fe8a0ad90035e9d40b6ecba98ec467.jpg',	69874,	2,	25,	NULL,	'slide',	9999999,	'2015-07-27 11:30:23',	'2015-07-27 11:30:23'),
(28,	'tile-tile_6.jpg',	'tile-d1fe8a0ad90035e9d40b6ecba98ec467.jpg',	14017,	2,	25,	NULL,	'tile',	9999999,	'2015-07-27 11:30:24',	'2015-07-27 11:30:24'),
(29,	'tile_4.png',	'64938563001ec5b4fcd709f50c246850.jpg',	68231,	2,	NULL,	NULL,	'full',	9999999,	'2015-07-27 11:30:40',	'2015-07-27 11:30:40'),
(30,	'medium-tile_4.png',	'medium-64938563001ec5b4fcd709f50c246850.jpg',	4174,	2,	29,	NULL,	'medium',	9999999,	'2015-07-27 11:30:40',	'2015-07-27 11:30:40'),
(31,	'slide-tile_4.png',	'slide-64938563001ec5b4fcd709f50c246850.jpg',	15882,	2,	29,	NULL,	'slide',	9999999,	'2015-07-27 11:30:41',	'2015-07-27 11:30:41'),
(32,	'tile-tile_4.png',	'tile-64938563001ec5b4fcd709f50c246850.jpg',	3884,	2,	29,	NULL,	'tile',	9999999,	'2015-07-27 11:30:41',	'2015-07-27 11:30:41'),
(33,	'tile_3.jpg',	'd063eb081bde3c2b1b558fafefea15de.jpg',	186143,	2,	NULL,	NULL,	'full',	9999999,	'2015-07-27 11:30:57',	'2015-07-27 11:30:57'),
(34,	'medium-tile_3.jpg',	'medium-d063eb081bde3c2b1b558fafefea15de.jpg',	9635,	2,	33,	NULL,	'medium',	9999999,	'2015-07-27 11:30:57',	'2015-07-27 11:30:57'),
(35,	'slide-tile_3.jpg',	'slide-d063eb081bde3c2b1b558fafefea15de.jpg',	44573,	2,	33,	NULL,	'slide',	9999999,	'2015-07-27 11:30:57',	'2015-07-27 11:30:57'),
(36,	'tile-tile_3.jpg',	'tile-d063eb081bde3c2b1b558fafefea15de.jpg',	9545,	2,	33,	NULL,	'tile',	9999999,	'2015-07-27 11:30:58',	'2015-07-27 11:30:58'),
(37,	'slide1.jpg',	'78d76d0056e71d7b032555189d88f142.jpg',	438160,	2,	NULL,	NULL,	'full',	9999999,	'2015-07-27 11:31:25',	'2015-07-27 11:31:25'),
(38,	'medium-slide1.jpg',	'medium-78d76d0056e71d7b032555189d88f142.jpg',	8703,	2,	37,	NULL,	'medium',	9999999,	'2015-07-27 11:31:25',	'2015-07-27 11:31:25'),
(39,	'slide-slide1.jpg',	'slide-78d76d0056e71d7b032555189d88f142.jpg',	87586,	2,	37,	NULL,	'slide',	9999999,	'2015-07-27 11:31:25',	'2015-07-27 11:31:25'),
(40,	'tile-slide1.jpg',	'tile-78d76d0056e71d7b032555189d88f142.jpg',	11139,	2,	37,	NULL,	'tile',	9999999,	'2015-07-27 11:31:25',	'2015-07-27 11:31:25'),
(41,	'slide4.jpg',	'8816964471f2c638853b55e1b62b04f7.jpg',	583034,	2,	NULL,	NULL,	'full',	9999999,	'2015-07-27 11:31:39',	'2015-07-27 11:31:39'),
(42,	'medium-slide4.jpg',	'medium-8816964471f2c638853b55e1b62b04f7.jpg',	16075,	2,	41,	NULL,	'medium',	9999999,	'2015-07-27 11:31:39',	'2015-07-27 11:31:39'),
(43,	'slide-slide4.jpg',	'slide-8816964471f2c638853b55e1b62b04f7.jpg',	111964,	2,	41,	NULL,	'slide',	9999999,	'2015-07-27 11:31:39',	'2015-07-27 11:31:39'),
(44,	'tile-slide4.jpg',	'tile-8816964471f2c638853b55e1b62b04f7.jpg',	15414,	2,	41,	NULL,	'tile',	9999999,	'2015-07-27 11:31:39',	'2015-07-27 11:31:39'),
(45,	'tile_5.jpg',	'7258a3f60958230503c2ba608b4f6ce2.jpg',	267979,	2,	NULL,	NULL,	'full',	9999999,	'2015-07-27 11:32:00',	'2015-07-27 11:32:00'),
(46,	'medium-tile_5.jpg',	'medium-7258a3f60958230503c2ba608b4f6ce2.jpg',	13511,	2,	45,	NULL,	'medium',	9999999,	'2015-07-27 11:32:00',	'2015-07-27 11:32:00'),
(47,	'slide-tile_5.jpg',	'slide-7258a3f60958230503c2ba608b4f6ce2.jpg',	67897,	2,	45,	NULL,	'slide',	9999999,	'2015-07-27 11:32:00',	'2015-07-27 11:32:00'),
(48,	'tile-tile_5.jpg',	'tile-7258a3f60958230503c2ba608b4f6ce2.jpg',	14664,	2,	45,	NULL,	'tile',	9999999,	'2015-07-27 11:32:00',	'2015-07-27 11:32:00'),
(49,	'tile_2.jpg',	'f77631627db11919924ab2c85db01d38.jpg',	293231,	2,	NULL,	NULL,	'full',	9999999,	'2015-07-27 11:32:17',	'2015-07-27 11:32:17'),
(50,	'medium-tile_2.jpg',	'medium-f77631627db11919924ab2c85db01d38.jpg',	11268,	2,	49,	NULL,	'medium',	9999999,	'2015-07-27 11:32:17',	'2015-07-27 11:32:17'),
(51,	'slide-tile_2.jpg',	'slide-f77631627db11919924ab2c85db01d38.jpg',	69481,	2,	49,	NULL,	'slide',	9999999,	'2015-07-27 11:32:17',	'2015-07-27 11:32:17'),
(52,	'tile-tile_2.jpg',	'tile-f77631627db11919924ab2c85db01d38.jpg',	13241,	2,	49,	NULL,	'tile',	9999999,	'2015-07-27 11:32:18',	'2015-07-27 11:32:18'),
(53,	'slide3.jpg',	'27932e5b110f50a47b33068383f24314.jpg',	289474,	2,	NULL,	NULL,	'full',	9999999,	'2015-07-27 11:32:50',	'2015-07-27 11:32:50'),
(54,	'medium-slide3.jpg',	'medium-27932e5b110f50a47b33068383f24314.jpg',	11750,	2,	53,	NULL,	'medium',	9999999,	'2015-07-27 11:32:50',	'2015-07-27 11:32:50'),
(55,	'slide-slide3.jpg',	'slide-27932e5b110f50a47b33068383f24314.jpg',	58396,	2,	53,	NULL,	'slide',	9999999,	'2015-07-27 11:32:50',	'2015-07-27 11:32:50'),
(56,	'tile-slide3.jpg',	'tile-27932e5b110f50a47b33068383f24314.jpg',	11882,	2,	53,	NULL,	'tile',	9999999,	'2015-07-27 11:32:50',	'2015-07-27 11:32:50'),
(57,	'ondramichalek.jpg',	'86d61bc5dfaa4fe0e1eacdd80bbdd6f5.jpg',	173865,	4,	NULL,	NULL,	'full',	9999999,	'2015-08-13 10:32:17',	'2015-08-13 10:32:17'),
(58,	'medium-ondramichalek.jpg',	'medium-86d61bc5dfaa4fe0e1eacdd80bbdd6f5.jpg',	11053,	4,	57,	NULL,	'medium',	9999999,	'2015-08-13 10:32:17',	'2015-08-13 10:32:17'),
(59,	'slide-ondramichalek.jpg',	'slide-86d61bc5dfaa4fe0e1eacdd80bbdd6f5.jpg',	77236,	4,	57,	NULL,	'slide',	9999999,	'2015-08-13 10:32:17',	'2015-08-13 10:32:17'),
(60,	'tile-ondramichalek.jpg',	'tile-86d61bc5dfaa4fe0e1eacdd80bbdd6f5.jpg',	9721,	4,	57,	NULL,	'tile',	9999999,	'2015-08-13 10:32:17',	'2015-08-13 10:32:17'),
(61,	'hostel-praha-ladvi.png',	'e618d56e59d95ed4e9e801fc8ef5b0c6.jpg',	79419,	5,	NULL,	NULL,	'full',	1,	'2015-08-14 10:07:00',	'2015-08-14 10:07:00'),
(62,	'medium-hostel-praha-ladvi.png',	'medium-e618d56e59d95ed4e9e801fc8ef5b0c6.jpg',	10298,	5,	61,	NULL,	'medium',	9999999,	'2015-08-14 10:07:01',	'2015-08-14 10:07:01'),
(63,	'slide-hostel-praha-ladvi.png',	'slide-e618d56e59d95ed4e9e801fc8ef5b0c6.jpg',	67322,	5,	61,	NULL,	'slide',	9999999,	'2015-08-14 10:07:01',	'2015-08-14 10:07:01'),
(64,	'tile-hostel-praha-ladvi.png',	'tile-e618d56e59d95ed4e9e801fc8ef5b0c6.jpg',	8812,	5,	61,	NULL,	'tile',	9999999,	'2015-08-14 10:07:01',	'2015-08-14 10:07:01'),
(65,	'docs-hostel-praha-ladvi.png',	'docs-e618d56e59d95ed4e9e801fc8ef5b0c6.jpg',	34682,	5,	61,	NULL,	'docs',	9999999,	'2015-08-14 10:07:01',	'2015-08-14 10:07:01'),
(66,	'wilson-logo.gif',	'a14a4b25b78a9a9fc3336af5afd25388.gif',	107639,	5,	NULL,	NULL,	'full',	2,	'2015-08-14 10:16:19',	'2015-08-14 10:16:19'),
(67,	'medium-wilson-logo.gif',	'medium-a14a4b25b78a9a9fc3336af5afd25388.gif',	4104,	5,	66,	NULL,	'medium',	9999999,	'2015-08-14 10:16:19',	'2015-08-14 10:16:19'),
(68,	'slide-wilson-logo.gif',	'slide-a14a4b25b78a9a9fc3336af5afd25388.gif',	72655,	5,	66,	NULL,	'slide',	9999999,	'2015-08-14 10:16:20',	'2015-08-14 10:16:20'),
(69,	'tile-wilson-logo.gif',	'tile-a14a4b25b78a9a9fc3336af5afd25388.gif',	7501,	5,	66,	NULL,	'tile',	9999999,	'2015-08-14 10:16:20',	'2015-08-14 10:16:20'),
(70,	'docs-wilson-logo.gif',	'docs-a14a4b25b78a9a9fc3336af5afd25388.gif',	42624,	5,	66,	NULL,	'docs',	9999999,	'2015-08-14 10:16:20',	'2015-08-14 10:16:20'),
(71,	'sutka-aquacentrum-logo.jpg',	'ffbcd46176344c2a5dbad64e90ed7f3d.jpg',	116633,	5,	NULL,	NULL,	'full',	3,	'2015-08-14 10:21:40',	'2015-08-14 10:21:40'),
(72,	'medium-sutka-aquacentrum-logo.jpg',	'medium-ffbcd46176344c2a5dbad64e90ed7f3d.jpg',	13135,	5,	71,	NULL,	'medium',	9999999,	'2015-08-14 10:21:40',	'2015-08-14 10:21:40'),
(73,	'slide-sutka-aquacentrum-logo.jpg',	'slide-ffbcd46176344c2a5dbad64e90ed7f3d.jpg',	104723,	5,	71,	NULL,	'slide',	9999999,	'2015-08-14 10:21:40',	'2015-08-14 10:21:40'),
(74,	'tile-sutka-aquacentrum-logo.jpg',	'tile-ffbcd46176344c2a5dbad64e90ed7f3d.jpg',	12626,	5,	71,	NULL,	'tile',	9999999,	'2015-08-14 10:21:40',	'2015-08-14 10:21:40'),
(75,	'docs-sutka-aquacentrum-logo.jpg',	'docs-ffbcd46176344c2a5dbad64e90ed7f3d.jpg',	49377,	5,	71,	NULL,	'docs',	9999999,	'2015-08-14 10:21:40',	'2015-08-14 10:21:40'),
(76,	'neumann-stresni-nosice-a-boxy-logo.png',	'f16b48dd1975dd3d9f4d2d3dc59299ee.jpg',	206807,	5,	NULL,	NULL,	'full',	4,	'2015-08-14 11:24:39',	'2015-08-14 11:24:39'),
(77,	'medium-neumann-stresni-nosice-a-boxy-logo.png',	'medium-f16b48dd1975dd3d9f4d2d3dc59299ee.jpg',	7194,	5,	76,	NULL,	'medium',	9999999,	'2015-08-14 11:24:39',	'2015-08-14 11:24:39'),
(78,	'slide-neumann-stresni-nosice-a-boxy-logo.png',	'slide-f16b48dd1975dd3d9f4d2d3dc59299ee.jpg',	23382,	5,	76,	NULL,	'slide',	9999999,	'2015-08-14 11:24:39',	'2015-08-14 11:24:39'),
(79,	'tile-neumann-stresni-nosice-a-boxy-logo.png',	'tile-f16b48dd1975dd3d9f4d2d3dc59299ee.jpg',	7618,	5,	76,	NULL,	'tile',	9999999,	'2015-08-14 11:24:40',	'2015-08-14 11:24:40'),
(80,	'docs-neumann-stresni-nosice-a-boxy-logo.png',	'docs-f16b48dd1975dd3d9f4d2d3dc59299ee.jpg',	11995,	5,	76,	NULL,	'docs',	9999999,	'2015-08-14 11:24:40',	'2015-08-14 11:24:40'),
(81,	'ferdinand-logo.jpg',	'2b08c808178d71cc4ad1e6842f9a9dcb.jpg',	298813,	5,	NULL,	NULL,	'full',	6,	'2015-08-14 11:45:06',	'2015-08-14 11:45:06'),
(82,	'medium-ferdinand-logo.jpg',	'medium-2b08c808178d71cc4ad1e6842f9a9dcb.jpg',	16600,	5,	81,	NULL,	'medium',	9999999,	'2015-08-14 11:45:06',	'2015-08-14 11:45:06'),
(83,	'slide-ferdinand-logo.jpg',	'slide-2b08c808178d71cc4ad1e6842f9a9dcb.jpg',	120893,	5,	81,	NULL,	'slide',	9999999,	'2015-08-14 11:45:06',	'2015-08-14 11:45:06'),
(84,	'tile-ferdinand-logo.jpg',	'tile-2b08c808178d71cc4ad1e6842f9a9dcb.jpg',	19437,	5,	81,	NULL,	'tile',	9999999,	'2015-08-14 11:45:06',	'2015-08-14 11:45:06'),
(85,	'docs-ferdinand-logo.jpg',	'docs-2b08c808178d71cc4ad1e6842f9a9dcb.jpg',	56225,	5,	81,	NULL,	'docs',	9999999,	'2015-08-14 11:45:06',	'2015-08-14 11:45:06'),
(86,	'monstera-international-logo.png',	'4cc496227f88b5e8beb25464eda16153.jpg',	231349,	5,	NULL,	NULL,	'full',	7,	'2015-08-14 11:48:56',	'2015-08-14 11:48:56'),
(87,	'medium-monstera-international-logo.png',	'medium-4cc496227f88b5e8beb25464eda16153.jpg',	9564,	5,	86,	NULL,	'medium',	9999999,	'2015-08-14 11:48:56',	'2015-08-14 11:48:56'),
(88,	'slide-monstera-international-logo.png',	'slide-4cc496227f88b5e8beb25464eda16153.jpg',	31846,	5,	86,	NULL,	'slide',	9999999,	'2015-08-14 11:48:56',	'2015-08-14 11:48:56'),
(89,	'tile-monstera-international-logo.png',	'tile-4cc496227f88b5e8beb25464eda16153.jpg',	10909,	5,	86,	NULL,	'tile',	9999999,	'2015-08-14 11:48:57',	'2015-08-14 11:48:57'),
(90,	'docs-monstera-international-logo.png',	'docs-4cc496227f88b5e8beb25464eda16153.jpg',	16391,	5,	86,	NULL,	'docs',	9999999,	'2015-08-14 11:48:57',	'2015-08-14 11:48:57'),
(91,	'praha-logo.gif',	'b2e460a9515cebd2162e8221f6952a8d.gif',	110273,	5,	NULL,	NULL,	'full',	8,	'2015-08-14 11:52:52',	'2015-08-14 11:52:52'),
(92,	'medium-praha-logo.gif',	'medium-b2e460a9515cebd2162e8221f6952a8d.gif',	7957,	5,	91,	NULL,	'medium',	9999999,	'2015-08-14 11:52:52',	'2015-08-14 11:52:52'),
(93,	'slide-praha-logo.gif',	'slide-b2e460a9515cebd2162e8221f6952a8d.gif',	94311,	5,	91,	NULL,	'slide',	9999999,	'2015-08-14 11:52:52',	'2015-08-14 11:52:52'),
(94,	'tile-praha-logo.gif',	'tile-b2e460a9515cebd2162e8221f6952a8d.gif',	7726,	5,	91,	NULL,	'tile',	9999999,	'2015-08-14 11:52:52',	'2015-08-14 11:52:52'),
(95,	'docs-praha-logo.gif',	'docs-b2e460a9515cebd2162e8221f6952a8d.gif',	39399,	5,	91,	NULL,	'docs',	9999999,	'2015-08-14 11:52:52',	'2015-08-14 11:52:52'),
(97,	'medium-mcp8-logo.png',	'medium-f050d2f479f674d2a14b50fe4774be2f.jpg',	10619,	5,	96,	NULL,	'medium',	9999999,	'2015-08-14 11:54:55',	'2015-08-14 11:54:55'),
(98,	'slide-mcp8-logo.png',	'slide-f050d2f479f674d2a14b50fe4774be2f.jpg',	43381,	5,	96,	NULL,	'slide',	9999999,	'2015-08-14 11:54:55',	'2015-08-14 11:54:55'),
(99,	'tile-mcp8-logo.png',	'tile-f050d2f479f674d2a14b50fe4774be2f.jpg',	10474,	5,	96,	NULL,	'tile',	9999999,	'2015-08-14 11:54:55',	'2015-08-14 11:54:55'),
(100,	'docs-mcp8-logo.png',	'docs-f050d2f479f674d2a14b50fe4774be2f.jpg',	21684,	5,	96,	NULL,	'docs',	9999999,	'2015-08-14 11:54:55',	'2015-08-14 11:54:55'),
(101,	'mcp8-logo.png',	'642d171adb216de849cf6bff77c7800e.jpg',	155787,	5,	NULL,	NULL,	'full',	9,	'2015-08-14 11:56:54',	'2015-08-14 11:56:54'),
(102,	'medium-mcp8-logo.png',	'medium-642d171adb216de849cf6bff77c7800e.jpg',	18617,	5,	101,	NULL,	'medium',	9999999,	'2015-08-14 11:56:54',	'2015-08-14 11:56:54'),
(103,	'slide-mcp8-logo.png',	'slide-642d171adb216de849cf6bff77c7800e.jpg',	173170,	5,	101,	NULL,	'slide',	9999999,	'2015-08-14 11:56:55',	'2015-08-14 11:56:55'),
(104,	'tile-mcp8-logo.png',	'tile-642d171adb216de849cf6bff77c7800e.jpg',	18001,	5,	101,	NULL,	'tile',	9999999,	'2015-08-14 11:56:55',	'2015-08-14 11:56:55'),
(105,	'docs-mcp8-logo.png',	'docs-642d171adb216de849cf6bff77c7800e.jpg',	89092,	5,	101,	NULL,	'docs',	9999999,	'2015-08-14 11:56:55',	'2015-08-14 11:56:55'),
(106,	'kiki.jpg',	'4e3b7b637c22bc5b46a958ebf61869c7.jpg',	196665,	3,	NULL,	NULL,	'full',	9999999,	'2015-08-17 10:45:19',	'2015-08-17 10:45:19'),
(107,	'medium-kiki.jpg',	'medium-4e3b7b637c22bc5b46a958ebf61869c7.jpg',	11769,	3,	106,	NULL,	'medium',	9999999,	'2015-08-17 10:45:19',	'2015-08-17 10:45:19'),
(108,	'slide-kiki.jpg',	'slide-4e3b7b637c22bc5b46a958ebf61869c7.jpg',	81469,	3,	106,	NULL,	'slide',	9999999,	'2015-08-17 10:45:19',	'2015-08-17 10:45:19'),
(109,	'tile-kiki.jpg',	'tile-4e3b7b637c22bc5b46a958ebf61869c7.jpg',	12275,	3,	106,	NULL,	'tile',	9999999,	'2015-08-17 10:45:19',	'2015-08-17 10:45:19'),
(110,	'docs-kiki.jpg',	'docs-4e3b7b637c22bc5b46a958ebf61869c7.jpg',	38925,	3,	106,	NULL,	'docs',	9999999,	'2015-08-17 10:45:19',	'2015-08-17 10:45:19'),
(111,	'plakat_supercup15.jpg',	'0feaa0f9d07d7538435e9f146cbb2d48.jpg',	231623,	3,	NULL,	NULL,	'full',	9999999,	'2015-08-17 10:45:37',	'2015-08-17 10:45:37'),
(112,	'medium-plakat_supercup15.jpg',	'medium-0feaa0f9d07d7538435e9f146cbb2d48.jpg',	24281,	3,	111,	NULL,	'medium',	9999999,	'2015-08-17 10:45:37',	'2015-08-17 10:45:37'),
(113,	'slide-plakat_supercup15.jpg',	'slide-0feaa0f9d07d7538435e9f146cbb2d48.jpg',	340467,	3,	111,	NULL,	'slide',	9999999,	'2015-08-17 10:45:37',	'2015-08-17 10:45:37'),
(114,	'tile-plakat_supercup15.jpg',	'tile-0feaa0f9d07d7538435e9f146cbb2d48.jpg',	23146,	3,	111,	NULL,	'tile',	9999999,	'2015-08-17 10:45:37',	'2015-08-17 10:45:37'),
(115,	'docs-plakat_supercup15.jpg',	'docs-0feaa0f9d07d7538435e9f146cbb2d48.jpg',	159003,	3,	111,	NULL,	'docs',	9999999,	'2015-08-17 10:45:37',	'2015-08-17 10:45:37'),
(116,	'plakat_supercup15.jpg',	'b8afe89df2f50a41071837da57b0b5d4.jpg',	231623,	3,	NULL,	NULL,	'full',	9999999,	'2015-08-17 10:46:17',	'2015-08-17 10:46:17'),
(117,	'medium-plakat_supercup15.jpg',	'medium-b8afe89df2f50a41071837da57b0b5d4.jpg',	24281,	3,	116,	NULL,	'medium',	9999999,	'2015-08-17 10:46:17',	'2015-08-17 10:46:17'),
(118,	'slide-plakat_supercup15.jpg',	'slide-b8afe89df2f50a41071837da57b0b5d4.jpg',	340467,	3,	116,	NULL,	'slide',	9999999,	'2015-08-17 10:46:17',	'2015-08-17 10:46:17'),
(119,	'tile-plakat_supercup15.jpg',	'tile-b8afe89df2f50a41071837da57b0b5d4.jpg',	23146,	3,	116,	NULL,	'tile',	9999999,	'2015-08-17 10:46:17',	'2015-08-17 10:46:17'),
(120,	'docs-plakat_supercup15.jpg',	'docs-b8afe89df2f50a41071837da57b0b5d4.jpg',	159003,	3,	116,	NULL,	'docs',	9999999,	'2015-08-17 10:46:17',	'2015-08-17 10:46:17'),
(121,	'plakat_supercup15.jpg',	'4605e06484fadd2af769d75c338d96ee.jpg',	231623,	3,	NULL,	NULL,	'full',	9999999,	'2015-08-17 10:46:51',	'2015-08-17 10:46:51'),
(122,	'medium-plakat_supercup15.jpg',	'medium-4605e06484fadd2af769d75c338d96ee.jpg',	24281,	3,	121,	NULL,	'medium',	9999999,	'2015-08-17 10:46:51',	'2015-08-17 10:46:51'),
(123,	'slide-plakat_supercup15.jpg',	'slide-4605e06484fadd2af769d75c338d96ee.jpg',	340467,	3,	121,	NULL,	'slide',	9999999,	'2015-08-17 10:46:51',	'2015-08-17 10:46:51'),
(124,	'tile-plakat_supercup15.jpg',	'tile-4605e06484fadd2af769d75c338d96ee.jpg',	23146,	3,	121,	NULL,	'tile',	9999999,	'2015-08-17 10:46:51',	'2015-08-17 10:46:51'),
(125,	'docs-plakat_supercup15.jpg',	'docs-4605e06484fadd2af769d75c338d96ee.jpg',	159003,	3,	121,	NULL,	'docs',	9999999,	'2015-08-17 10:46:51',	'2015-08-17 10:46:51'),
(126,	'oakley_ellipse_logotype_wht.jpg',	'c51459b6c72f221063d212befd762ef8.jpg',	126513,	3,	NULL,	NULL,	'full',	9999999,	'2015-08-24 10:08:21',	'2015-08-24 10:08:21'),
(127,	'medium-oakley_ellipse_logotype_wht.jpg',	'medium-c51459b6c72f221063d212befd762ef8.jpg',	9488,	3,	126,	NULL,	'medium',	9999999,	'2015-08-24 10:08:21',	'2015-08-24 10:08:21'),
(128,	'slide-oakley_ellipse_logotype_wht.jpg',	'slide-c51459b6c72f221063d212befd762ef8.jpg',	30687,	3,	126,	NULL,	'slide',	9999999,	'2015-08-24 10:08:21',	'2015-08-24 10:08:21'),
(129,	'tile-oakley_ellipse_logotype_wht.jpg',	'tile-c51459b6c72f221063d212befd762ef8.jpg',	9330,	3,	126,	NULL,	'tile',	9999999,	'2015-08-24 10:08:21',	'2015-08-24 10:08:21'),
(130,	'docs-oakley_ellipse_logotype_wht.jpg',	'docs-c51459b6c72f221063d212befd762ef8.jpg',	16141,	3,	126,	NULL,	'docs',	9999999,	'2015-08-24 10:08:22',	'2015-08-24 10:08:22'),
(131,	'oakley_ellipse_logotype_wht.jpg',	'33f43bb7d339f16365abeaa44d7311f0.jpg',	126513,	3,	NULL,	NULL,	'full',	9999999,	'2015-08-24 10:21:14',	'2015-08-24 10:21:14'),
(132,	'medium-oakley_ellipse_logotype_wht.jpg',	'medium-33f43bb7d339f16365abeaa44d7311f0.jpg',	9488,	3,	131,	NULL,	'medium',	9999999,	'2015-08-24 10:21:14',	'2015-08-24 10:21:14'),
(133,	'slide-oakley_ellipse_logotype_wht.jpg',	'slide-33f43bb7d339f16365abeaa44d7311f0.jpg',	30687,	3,	131,	NULL,	'slide',	9999999,	'2015-08-24 10:21:15',	'2015-08-24 10:21:15'),
(134,	'tile-oakley_ellipse_logotype_wht.jpg',	'tile-33f43bb7d339f16365abeaa44d7311f0.jpg',	9330,	3,	131,	NULL,	'tile',	9999999,	'2015-08-24 10:21:15',	'2015-08-24 10:21:15'),
(135,	'docs-oakley_ellipse_logotype_wht.jpg',	'docs-33f43bb7d339f16365abeaa44d7311f0.jpg',	16141,	3,	131,	NULL,	'docs',	9999999,	'2015-08-24 10:21:16',	'2015-08-24 10:21:16'),
(136,	'logo_karlin.jpg',	'252518b15ed11194507d89a528895c11.jpg',	315407,	3,	NULL,	NULL,	'full',	9999999,	'2015-08-24 10:21:18',	'2015-08-24 10:21:18'),
(137,	'medium-logo_karlin.jpg',	'medium-252518b15ed11194507d89a528895c11.jpg',	10358,	3,	136,	NULL,	'medium',	9999999,	'2015-08-24 10:21:19',	'2015-08-24 10:21:19'),
(138,	'slide-logo_karlin.jpg',	'slide-252518b15ed11194507d89a528895c11.jpg',	30215,	3,	136,	NULL,	'slide',	9999999,	'2015-08-24 10:21:19',	'2015-08-24 10:21:19'),
(139,	'tile-logo_karlin.jpg',	'tile-252518b15ed11194507d89a528895c11.jpg',	13728,	3,	136,	NULL,	'tile',	9999999,	'2015-08-24 10:21:20',	'2015-08-24 10:21:20'),
(140,	'docs-logo_karlin.jpg',	'docs-252518b15ed11194507d89a528895c11.jpg',	15821,	3,	136,	NULL,	'docs',	9999999,	'2015-08-24 10:21:20',	'2015-08-24 10:21:20'),
(141,	'iven0091_michelan_01.jpg',	'56957af8ac1c8e62af3f101816be2ec6.jpg',	418824,	3,	NULL,	NULL,	'full',	9999999,	'2015-08-24 10:27:15',	'2015-08-24 10:27:15'),
(142,	'medium-iven0091_michelan_01.jpg',	'medium-56957af8ac1c8e62af3f101816be2ec6.jpg',	23062,	3,	141,	NULL,	'medium',	9999999,	'2015-08-24 10:27:15',	'2015-08-24 10:27:15'),
(143,	'slide-iven0091_michelan_01.jpg',	'slide-56957af8ac1c8e62af3f101816be2ec6.jpg',	219965,	3,	141,	NULL,	'slide',	9999999,	'2015-08-24 10:27:15',	'2015-08-24 10:27:15'),
(144,	'tile-iven0091_michelan_01.jpg',	'tile-56957af8ac1c8e62af3f101816be2ec6.jpg',	28532,	3,	141,	NULL,	'tile',	9999999,	'2015-08-24 10:27:15',	'2015-08-24 10:27:15'),
(145,	'docs-iven0091_michelan_01.jpg',	'docs-56957af8ac1c8e62af3f101816be2ec6.jpg',	100731,	3,	141,	NULL,	'docs',	9999999,	'2015-08-24 10:27:15',	'2015-08-24 10:27:15'),
(146,	'bkl.jpg',	'0e00f1a24e166b367e24de397a614095.jpg',	447027,	3,	NULL,	NULL,	'full',	9999999,	'2015-08-24 10:29:41',	'2015-08-24 10:29:41'),
(147,	'medium-bkl.jpg',	'medium-0e00f1a24e166b367e24de397a614095.jpg',	19759,	3,	146,	NULL,	'medium',	9999999,	'2015-08-24 10:29:41',	'2015-08-24 10:29:41'),
(148,	'slide-bkl.jpg',	'slide-0e00f1a24e166b367e24de397a614095.jpg',	225820,	3,	146,	NULL,	'slide',	9999999,	'2015-08-24 10:29:42',	'2015-08-24 10:29:42'),
(149,	'tile-bkl.jpg',	'tile-0e00f1a24e166b367e24de397a614095.jpg',	21398,	3,	146,	NULL,	'tile',	9999999,	'2015-08-24 10:29:42',	'2015-08-24 10:29:42'),
(150,	'docs-bkl.jpg',	'docs-0e00f1a24e166b367e24de397a614095.jpg',	93899,	3,	146,	NULL,	'docs',	9999999,	'2015-08-24 10:29:42',	'2015-08-24 10:29:42'),
(151,	'avl_7483.jpg',	'e2fc48e759d34dfff6373911e9cdfcce.jpg',	151688,	3,	NULL,	NULL,	'full',	9999999,	'2015-08-24 10:29:43',	'2015-08-24 10:29:43'),
(152,	'medium-avl_7483.jpg',	'medium-e2fc48e759d34dfff6373911e9cdfcce.jpg',	10815,	3,	151,	NULL,	'medium',	9999999,	'2015-08-24 10:29:43',	'2015-08-24 10:29:43'),
(153,	'slide-avl_7483.jpg',	'slide-e2fc48e759d34dfff6373911e9cdfcce.jpg',	102489,	3,	151,	NULL,	'slide',	9999999,	'2015-08-24 10:29:44',	'2015-08-24 10:29:44'),
(154,	'tile-avl_7483.jpg',	'tile-e2fc48e759d34dfff6373911e9cdfcce.jpg',	10946,	3,	151,	NULL,	'tile',	9999999,	'2015-08-24 10:29:44',	'2015-08-24 10:29:44'),
(155,	'docs-avl_7483.jpg',	'docs-e2fc48e759d34dfff6373911e9cdfcce.jpg',	47906,	3,	151,	NULL,	'docs',	9999999,	'2015-08-24 10:29:45',	'2015-08-24 10:29:45'),
(156,	'bkl.jpg',	'e645b33b64042eb7299cc8506403dd85.jpg',	447027,	3,	NULL,	NULL,	'full',	9999999,	'2015-08-24 10:47:48',	'2015-08-24 10:47:48'),
(157,	'medium-bkl.jpg',	'medium-e645b33b64042eb7299cc8506403dd85.jpg',	19759,	3,	156,	NULL,	'medium',	9999999,	'2015-08-24 10:47:48',	'2015-08-24 10:47:48'),
(158,	'slide-bkl.jpg',	'slide-e645b33b64042eb7299cc8506403dd85.jpg',	225820,	3,	156,	NULL,	'slide',	9999999,	'2015-08-24 10:47:48',	'2015-08-24 10:47:48'),
(159,	'tile-bkl.jpg',	'tile-e645b33b64042eb7299cc8506403dd85.jpg',	21398,	3,	156,	NULL,	'tile',	9999999,	'2015-08-24 10:47:49',	'2015-08-24 10:47:49'),
(160,	'docs-bkl.jpg',	'docs-e645b33b64042eb7299cc8506403dd85.jpg',	93899,	3,	156,	NULL,	'docs',	9999999,	'2015-08-24 10:47:49',	'2015-08-24 10:47:49'),
(161,	'avl_7483.jpg',	'2368d823b062de107596afb71282ee40.jpg',	151688,	3,	NULL,	NULL,	'full',	9999999,	'2015-08-24 10:47:50',	'2015-08-24 10:47:50'),
(162,	'medium-avl_7483.jpg',	'medium-2368d823b062de107596afb71282ee40.jpg',	10815,	3,	161,	NULL,	'medium',	9999999,	'2015-08-24 10:47:51',	'2015-08-24 10:47:51'),
(163,	'slide-avl_7483.jpg',	'slide-2368d823b062de107596afb71282ee40.jpg',	102489,	3,	161,	NULL,	'slide',	9999999,	'2015-08-24 10:47:51',	'2015-08-24 10:47:51'),
(164,	'tile-avl_7483.jpg',	'tile-2368d823b062de107596afb71282ee40.jpg',	10946,	3,	161,	NULL,	'tile',	9999999,	'2015-08-24 10:47:52',	'2015-08-24 10:47:52'),
(165,	'docs-avl_7483.jpg',	'docs-2368d823b062de107596afb71282ee40.jpg',	47906,	3,	161,	NULL,	'docs',	9999999,	'2015-08-24 10:47:52',	'2015-08-24 10:47:52'),
(166,	'pl3.jpg',	'f3d5a6adeb5a52f4fb2266cfc055e097.jpg',	421338,	3,	NULL,	NULL,	'full',	9999999,	'2015-08-24 10:48:37',	'2015-08-24 10:48:37'),
(167,	'medium-pl3.jpg',	'medium-f3d5a6adeb5a52f4fb2266cfc055e097.jpg',	17534,	3,	166,	NULL,	'medium',	9999999,	'2015-08-24 10:48:38',	'2015-08-24 10:48:38'),
(168,	'slide-pl3.jpg',	'slide-f3d5a6adeb5a52f4fb2266cfc055e097.jpg',	172010,	3,	166,	NULL,	'slide',	9999999,	'2015-08-24 10:48:39',	'2015-08-24 10:48:39'),
(169,	'tile-pl3.jpg',	'tile-f3d5a6adeb5a52f4fb2266cfc055e097.jpg',	20535,	3,	166,	NULL,	'tile',	9999999,	'2015-08-24 10:48:40',	'2015-08-24 10:48:40'),
(170,	'docs-pl3.jpg',	'docs-f3d5a6adeb5a52f4fb2266cfc055e097.jpg',	72366,	3,	166,	NULL,	'docs',	9999999,	'2015-08-24 10:48:41',	'2015-08-24 10:48:41'),
(171,	'pl1.jpg',	'11c1b918ab32bcdaa1bced6c6625cab7.jpg',	522738,	3,	NULL,	NULL,	'full',	9999999,	'2015-08-24 10:48:42',	'2015-08-24 10:48:42'),
(172,	'medium-pl1.jpg',	'medium-11c1b918ab32bcdaa1bced6c6625cab7.jpg',	20514,	3,	171,	NULL,	'medium',	9999999,	'2015-08-24 10:48:42',	'2015-08-24 10:48:42'),
(173,	'slide-pl1.jpg',	'slide-11c1b918ab32bcdaa1bced6c6625cab7.jpg',	214994,	3,	171,	NULL,	'slide',	9999999,	'2015-08-24 10:48:42',	'2015-08-24 10:48:42'),
(174,	'tile-pl1.jpg',	'tile-11c1b918ab32bcdaa1bced6c6625cab7.jpg',	23563,	3,	171,	NULL,	'tile',	9999999,	'2015-08-24 10:48:43',	'2015-08-24 10:48:43'),
(175,	'docs-pl1.jpg',	'docs-11c1b918ab32bcdaa1bced6c6625cab7.jpg',	88852,	3,	171,	NULL,	'docs',	9999999,	'2015-08-24 10:48:44',	'2015-08-24 10:48:44'),
(176,	'penzion.jpg',	'a4973725dc9622d0780219b013d2cdd7.jpg',	511568,	3,	NULL,	NULL,	'full',	9999999,	'2015-08-24 10:48:45',	'2015-08-24 10:48:45'),
(177,	'medium-penzion.jpg',	'medium-a4973725dc9622d0780219b013d2cdd7.jpg',	19040,	3,	176,	NULL,	'medium',	9999999,	'2015-08-24 10:48:46',	'2015-08-24 10:48:46'),
(178,	'slide-penzion.jpg',	'slide-a4973725dc9622d0780219b013d2cdd7.jpg',	201413,	3,	176,	NULL,	'slide',	9999999,	'2015-08-24 10:48:47',	'2015-08-24 10:48:47'),
(179,	'tile-penzion.jpg',	'tile-a4973725dc9622d0780219b013d2cdd7.jpg',	19685,	3,	176,	NULL,	'tile',	9999999,	'2015-08-24 10:48:47',	'2015-08-24 10:48:47'),
(180,	'docs-penzion.jpg',	'docs-a4973725dc9622d0780219b013d2cdd7.jpg',	82057,	3,	176,	NULL,	'docs',	9999999,	'2015-08-24 10:48:48',	'2015-08-24 10:48:48'),
(181,	'penzion_fitness.jpg',	'acdf91d3dc911e8da173eefcbc24d0e2.jpg',	256420,	3,	NULL,	NULL,	'full',	9999999,	'2015-08-24 10:48:49',	'2015-08-24 10:48:49'),
(182,	'medium-penzion_fitness.jpg',	'medium-acdf91d3dc911e8da173eefcbc24d0e2.jpg',	14065,	3,	181,	NULL,	'medium',	9999999,	'2015-08-24 10:48:50',	'2015-08-24 10:48:50'),
(183,	'slide-penzion_fitness.jpg',	'slide-acdf91d3dc911e8da173eefcbc24d0e2.jpg',	130045,	3,	181,	NULL,	'slide',	9999999,	'2015-08-24 10:48:51',	'2015-08-24 10:48:51'),
(184,	'tile-penzion_fitness.jpg',	'tile-acdf91d3dc911e8da173eefcbc24d0e2.jpg',	15369,	3,	181,	NULL,	'tile',	9999999,	'2015-08-24 10:48:51',	'2015-08-24 10:48:51'),
(185,	'docs-penzion_fitness.jpg',	'docs-acdf91d3dc911e8da173eefcbc24d0e2.jpg',	56962,	3,	181,	NULL,	'docs',	9999999,	'2015-08-24 10:48:52',	'2015-08-24 10:48:52'),
(186,	'center%20kurt.jpg',	'c71e592e58d6be786f8e2fc3485d4fa8.jpg',	274802,	3,	NULL,	NULL,	'full',	9999999,	'2015-08-24 10:48:53',	'2015-08-24 10:48:53'),
(187,	'medium-center%20kurt.jpg',	'medium-c71e592e58d6be786f8e2fc3485d4fa8.jpg',	12179,	3,	186,	NULL,	'medium',	9999999,	'2015-08-24 10:48:53',	'2015-08-24 10:48:53'),
(188,	'slide-center%20kurt.jpg',	'slide-c71e592e58d6be786f8e2fc3485d4fa8.jpg',	132185,	3,	186,	NULL,	'slide',	9999999,	'2015-08-24 10:48:54',	'2015-08-24 10:48:54'),
(189,	'tile-center%20kurt.jpg',	'tile-c71e592e58d6be786f8e2fc3485d4fa8.jpg',	14367,	3,	186,	NULL,	'tile',	9999999,	'2015-08-24 10:48:55',	'2015-08-24 10:48:55'),
(190,	'docs-center%20kurt.jpg',	'docs-c71e592e58d6be786f8e2fc3485d4fa8.jpg',	53374,	3,	186,	NULL,	'docs',	9999999,	'2015-08-24 10:48:56',	'2015-08-24 10:48:56'),
(191,	'logo_sutka_new.jpg',	'18291511ca6ec20c17e4828151ecd0a2.jpg',	306824,	3,	NULL,	NULL,	'full',	9999999,	'2015-08-24 10:50:45',	'2015-08-24 10:50:45'),
(192,	'medium-logo_sutka_new.jpg',	'medium-18291511ca6ec20c17e4828151ecd0a2.jpg',	12838,	3,	191,	NULL,	'medium',	9999999,	'2015-08-24 10:50:45',	'2015-08-24 10:50:45'),
(193,	'slide-logo_sutka_new.jpg',	'slide-18291511ca6ec20c17e4828151ecd0a2.jpg',	56813,	3,	191,	NULL,	'slide',	9999999,	'2015-08-24 10:50:45',	'2015-08-24 10:50:45'),
(194,	'tile-logo_sutka_new.jpg',	'tile-18291511ca6ec20c17e4828151ecd0a2.jpg',	15173,	3,	191,	NULL,	'tile',	9999999,	'2015-08-24 10:50:45',	'2015-08-24 10:50:45'),
(195,	'docs-logo_sutka_new.jpg',	'docs-18291511ca6ec20c17e4828151ecd0a2.jpg',	29488,	3,	191,	NULL,	'docs',	9999999,	'2015-08-24 10:50:45',	'2015-08-24 10:50:45'),
(196,	'mi%20logo%20final.jpg',	'b24774fffa09c04742962aea2d8b91fb.jpg',	139346,	3,	NULL,	NULL,	'full',	9999999,	'2015-08-24 10:50:46',	'2015-08-24 10:50:46'),
(197,	'medium-mi%20logo%20final.jpg',	'medium-b24774fffa09c04742962aea2d8b91fb.jpg',	8453,	3,	196,	NULL,	'medium',	9999999,	'2015-08-24 10:50:46',	'2015-08-24 10:50:46'),
(198,	'slide-mi%20logo%20final.jpg',	'slide-b24774fffa09c04742962aea2d8b91fb.jpg',	28129,	3,	196,	NULL,	'slide',	9999999,	'2015-08-24 10:50:46',	'2015-08-24 10:50:46'),
(199,	'tile-mi%20logo%20final.jpg',	'tile-b24774fffa09c04742962aea2d8b91fb.jpg',	9719,	3,	196,	NULL,	'tile',	9999999,	'2015-08-24 10:50:46',	'2015-08-24 10:50:46'),
(200,	'docs-mi%20logo%20final.jpg',	'docs-b24774fffa09c04742962aea2d8b91fb.jpg',	15249,	3,	196,	NULL,	'docs',	9999999,	'2015-08-24 10:50:46',	'2015-08-24 10:50:46'),
(201,	'img_6952.jpg',	'3899ebb87c1aea0e0348d380aae5f2ad.jpg',	636782,	3,	NULL,	NULL,	'full',	9999999,	'2015-08-24 10:50:47',	'2015-08-24 10:50:47'),
(202,	'medium-img_6952.jpg',	'medium-3899ebb87c1aea0e0348d380aae5f2ad.jpg',	28996,	3,	201,	NULL,	'medium',	9999999,	'2015-08-24 10:50:47',	'2015-08-24 10:50:47'),
(203,	'slide-img_6952.jpg',	'slide-3899ebb87c1aea0e0348d380aae5f2ad.jpg',	218843,	3,	201,	NULL,	'slide',	9999999,	'2015-08-24 10:50:47',	'2015-08-24 10:50:47'),
(204,	'tile-img_6952.jpg',	'tile-3899ebb87c1aea0e0348d380aae5f2ad.jpg',	31594,	3,	201,	NULL,	'tile',	9999999,	'2015-08-24 10:50:47',	'2015-08-24 10:50:47'),
(205,	'docs-img_6952.jpg',	'docs-3899ebb87c1aea0e0348d380aae5f2ad.jpg',	101684,	3,	201,	NULL,	'docs',	9999999,	'2015-08-24 10:50:48',	'2015-08-24 10:50:48'),
(206,	'neumann_logo-male.jpg',	'b321ae066eaaa3f32fb96cfad4928d10.jpg',	285175,	3,	NULL,	NULL,	'full',	9999999,	'2015-08-24 10:50:48',	'2015-08-24 10:50:48'),
(207,	'medium-neumann_logo-male.jpg',	'medium-b321ae066eaaa3f32fb96cfad4928d10.jpg',	11132,	3,	206,	NULL,	'medium',	9999999,	'2015-08-24 10:50:49',	'2015-08-24 10:50:49'),
(208,	'slide-neumann_logo-male.jpg',	'slide-b321ae066eaaa3f32fb96cfad4928d10.jpg',	40861,	3,	206,	NULL,	'slide',	9999999,	'2015-08-24 10:50:49',	'2015-08-24 10:50:49'),
(209,	'tile-neumann_logo-male.jpg',	'tile-b321ae066eaaa3f32fb96cfad4928d10.jpg',	12993,	3,	206,	NULL,	'tile',	9999999,	'2015-08-24 10:50:49',	'2015-08-24 10:50:49'),
(210,	'docs-neumann_logo-male.jpg',	'docs-b321ae066eaaa3f32fb96cfad4928d10.jpg',	22354,	3,	206,	NULL,	'docs',	9999999,	'2015-08-24 10:50:49',	'2015-08-24 10:50:49'),
(211,	'logo_sutka_new.jpg',	'fa39256f480fa51d1f70cb3890aaec36.jpg',	306824,	3,	NULL,	NULL,	'full',	9999999,	'2015-08-24 10:56:16',	'2015-08-24 10:56:16'),
(212,	'medium-logo_sutka_new.jpg',	'medium-fa39256f480fa51d1f70cb3890aaec36.jpg',	12838,	3,	211,	NULL,	'medium',	9999999,	'2015-08-24 10:56:16',	'2015-08-24 10:56:16'),
(213,	'slide-logo_sutka_new.jpg',	'slide-fa39256f480fa51d1f70cb3890aaec36.jpg',	56813,	3,	211,	NULL,	'slide',	9999999,	'2015-08-24 10:56:16',	'2015-08-24 10:56:16'),
(214,	'tile-logo_sutka_new.jpg',	'tile-fa39256f480fa51d1f70cb3890aaec36.jpg',	15173,	3,	211,	NULL,	'tile',	9999999,	'2015-08-24 10:56:16',	'2015-08-24 10:56:16'),
(215,	'docs-logo_sutka_new.jpg',	'docs-fa39256f480fa51d1f70cb3890aaec36.jpg',	29488,	3,	211,	NULL,	'docs',	9999999,	'2015-08-24 10:56:16',	'2015-08-24 10:56:16'),
(216,	'neumann_logo-male.jpg',	'c718eebf750cc240cc0e37c4b7afa756.jpg',	285175,	3,	NULL,	NULL,	'full',	9999999,	'2015-08-24 10:56:17',	'2015-08-24 10:56:17'),
(217,	'medium-neumann_logo-male.jpg',	'medium-c718eebf750cc240cc0e37c4b7afa756.jpg',	11132,	3,	216,	NULL,	'medium',	9999999,	'2015-08-24 10:56:17',	'2015-08-24 10:56:17'),
(218,	'slide-neumann_logo-male.jpg',	'slide-c718eebf750cc240cc0e37c4b7afa756.jpg',	40861,	3,	216,	NULL,	'slide',	9999999,	'2015-08-24 10:56:17',	'2015-08-24 10:56:17'),
(219,	'tile-neumann_logo-male.jpg',	'tile-c718eebf750cc240cc0e37c4b7afa756.jpg',	12993,	3,	216,	NULL,	'tile',	9999999,	'2015-08-24 10:56:17',	'2015-08-24 10:56:17'),
(220,	'docs-neumann_logo-male.jpg',	'docs-c718eebf750cc240cc0e37c4b7afa756.jpg',	22354,	3,	216,	NULL,	'docs',	9999999,	'2015-08-24 10:56:17',	'2015-08-24 10:56:17'),
(221,	'mi%20logo%20final.jpg',	'1a7cd302290d30cb2d4156476bfbb97c.jpg',	139346,	3,	NULL,	NULL,	'full',	9999999,	'2015-08-24 10:56:18',	'2015-08-24 10:56:18'),
(222,	'medium-mi%20logo%20final.jpg',	'medium-1a7cd302290d30cb2d4156476bfbb97c.jpg',	8453,	3,	221,	NULL,	'medium',	9999999,	'2015-08-24 10:56:18',	'2015-08-24 10:56:18'),
(223,	'slide-mi%20logo%20final.jpg',	'slide-1a7cd302290d30cb2d4156476bfbb97c.jpg',	28129,	3,	221,	NULL,	'slide',	9999999,	'2015-08-24 10:56:19',	'2015-08-24 10:56:19'),
(224,	'tile-mi%20logo%20final.jpg',	'tile-1a7cd302290d30cb2d4156476bfbb97c.jpg',	9719,	3,	221,	NULL,	'tile',	9999999,	'2015-08-24 10:56:19',	'2015-08-24 10:56:19'),
(225,	'docs-mi%20logo%20final.jpg',	'docs-1a7cd302290d30cb2d4156476bfbb97c.jpg',	15249,	3,	221,	NULL,	'docs',	9999999,	'2015-08-24 10:56:19',	'2015-08-24 10:56:19'),
(226,	'logo_karlin.jpg',	'4f942d436e76efd498dcafd9acf3a465.jpg',	315407,	3,	NULL,	NULL,	'full',	9999999,	'2015-08-24 11:16:36',	'2015-08-24 11:16:36'),
(227,	'medium-logo_karlin.jpg',	'medium-4f942d436e76efd498dcafd9acf3a465.jpg',	10358,	3,	226,	NULL,	'medium',	9999999,	'2015-08-24 11:16:37',	'2015-08-24 11:16:37'),
(228,	'slide-logo_karlin.jpg',	'slide-4f942d436e76efd498dcafd9acf3a465.jpg',	30215,	3,	226,	NULL,	'slide',	9999999,	'2015-08-24 11:16:37',	'2015-08-24 11:16:37'),
(229,	'tile-logo_karlin.jpg',	'tile-4f942d436e76efd498dcafd9acf3a465.jpg',	13728,	3,	226,	NULL,	'tile',	9999999,	'2015-08-24 11:16:37',	'2015-08-24 11:16:37'),
(230,	'docs-logo_karlin.jpg',	'docs-4f942d436e76efd498dcafd9acf3a465.jpg',	15821,	3,	226,	NULL,	'docs',	9999999,	'2015-08-24 11:16:37',	'2015-08-24 11:16:37'),
(231,	'oakley_ellipse_logotype_wht.jpg',	'376e24fe45c86b7be3f939ee79289cef.jpg',	126513,	3,	NULL,	NULL,	'full',	9999999,	'2015-08-24 11:16:38',	'2015-08-24 11:16:38'),
(232,	'medium-oakley_ellipse_logotype_wht.jpg',	'medium-376e24fe45c86b7be3f939ee79289cef.jpg',	9488,	3,	231,	NULL,	'medium',	9999999,	'2015-08-24 11:16:38',	'2015-08-24 11:16:38'),
(233,	'slide-oakley_ellipse_logotype_wht.jpg',	'slide-376e24fe45c86b7be3f939ee79289cef.jpg',	30687,	3,	231,	NULL,	'slide',	9999999,	'2015-08-24 11:16:38',	'2015-08-24 11:16:38'),
(234,	'tile-oakley_ellipse_logotype_wht.jpg',	'tile-376e24fe45c86b7be3f939ee79289cef.jpg',	9330,	3,	231,	NULL,	'tile',	9999999,	'2015-08-24 11:16:38',	'2015-08-24 11:16:38'),
(235,	'docs-oakley_ellipse_logotype_wht.jpg',	'docs-376e24fe45c86b7be3f939ee79289cef.jpg',	16141,	3,	231,	NULL,	'docs',	9999999,	'2015-08-24 11:16:38',	'2015-08-24 11:16:38'),
(236,	'oakley_ellipse_logotype_wht.jpg',	'44d0e025361cd8c6518108477243e0bd.jpg',	126513,	3,	NULL,	NULL,	'full',	9999999,	'2015-08-24 11:18:49',	'2015-08-24 11:18:49'),
(237,	'medium-oakley_ellipse_logotype_wht.jpg',	'medium-44d0e025361cd8c6518108477243e0bd.jpg',	9488,	3,	236,	NULL,	'medium',	9999999,	'2015-08-24 11:18:49',	'2015-08-24 11:18:49'),
(238,	'slide-oakley_ellipse_logotype_wht.jpg',	'slide-44d0e025361cd8c6518108477243e0bd.jpg',	30687,	3,	236,	NULL,	'slide',	9999999,	'2015-08-24 11:18:50',	'2015-08-24 11:18:50'),
(239,	'tile-oakley_ellipse_logotype_wht.jpg',	'tile-44d0e025361cd8c6518108477243e0bd.jpg',	9330,	3,	236,	NULL,	'tile',	9999999,	'2015-08-24 11:18:50',	'2015-08-24 11:18:50'),
(240,	'docs-oakley_ellipse_logotype_wht.jpg',	'docs-44d0e025361cd8c6518108477243e0bd.jpg',	16141,	3,	236,	NULL,	'docs',	9999999,	'2015-08-24 11:18:50',	'2015-08-24 11:18:50'),
(241,	'logo_karlin.jpg',	'705e70551f9da98255a3a72e7a26e056.jpg',	315407,	3,	NULL,	NULL,	'full',	9999999,	'2015-08-24 11:18:51',	'2015-08-24 11:18:51'),
(242,	'medium-logo_karlin.jpg',	'medium-705e70551f9da98255a3a72e7a26e056.jpg',	10358,	3,	241,	NULL,	'medium',	9999999,	'2015-08-24 11:18:51',	'2015-08-24 11:18:51'),
(243,	'slide-logo_karlin.jpg',	'slide-705e70551f9da98255a3a72e7a26e056.jpg',	30215,	3,	241,	NULL,	'slide',	9999999,	'2015-08-24 11:18:51',	'2015-08-24 11:18:51'),
(244,	'tile-logo_karlin.jpg',	'tile-705e70551f9da98255a3a72e7a26e056.jpg',	13728,	3,	241,	NULL,	'tile',	9999999,	'2015-08-24 11:18:51',	'2015-08-24 11:18:51'),
(245,	'docs-logo_karlin.jpg',	'docs-705e70551f9da98255a3a72e7a26e056.jpg',	15821,	3,	241,	NULL,	'docs',	9999999,	'2015-08-24 11:18:51',	'2015-08-24 11:18:51'),
(246,	'oakley_ellipse_logotype_wht.jpg',	'8c4fb4f690246ebb3c38d78240c895cc.jpg',	126513,	3,	NULL,	NULL,	'full',	9999999,	'2015-08-24 11:19:38',	'2015-08-24 11:19:38'),
(247,	'medium-oakley_ellipse_logotype_wht.jpg',	'medium-8c4fb4f690246ebb3c38d78240c895cc.jpg',	9488,	3,	246,	NULL,	'medium',	9999999,	'2015-08-24 11:19:39',	'2015-08-24 11:19:39'),
(248,	'slide-oakley_ellipse_logotype_wht.jpg',	'slide-8c4fb4f690246ebb3c38d78240c895cc.jpg',	30687,	3,	246,	NULL,	'slide',	9999999,	'2015-08-24 11:19:39',	'2015-08-24 11:19:39'),
(249,	'tile-oakley_ellipse_logotype_wht.jpg',	'tile-8c4fb4f690246ebb3c38d78240c895cc.jpg',	9330,	3,	246,	NULL,	'tile',	9999999,	'2015-08-24 11:19:39',	'2015-08-24 11:19:39'),
(250,	'docs-oakley_ellipse_logotype_wht.jpg',	'docs-8c4fb4f690246ebb3c38d78240c895cc.jpg',	16141,	3,	246,	NULL,	'docs',	9999999,	'2015-08-24 11:19:39',	'2015-08-24 11:19:39'),
(251,	'logo_karlin.jpg',	'452d6d7f1884d9517f3b4055fca1a5ba.jpg',	315407,	3,	NULL,	NULL,	'full',	9999999,	'2015-08-24 11:19:40',	'2015-08-24 11:19:40'),
(252,	'medium-logo_karlin.jpg',	'medium-452d6d7f1884d9517f3b4055fca1a5ba.jpg',	10358,	3,	251,	NULL,	'medium',	9999999,	'2015-08-24 11:19:40',	'2015-08-24 11:19:40'),
(253,	'slide-logo_karlin.jpg',	'slide-452d6d7f1884d9517f3b4055fca1a5ba.jpg',	30215,	3,	251,	NULL,	'slide',	9999999,	'2015-08-24 11:19:40',	'2015-08-24 11:19:40'),
(254,	'tile-logo_karlin.jpg',	'tile-452d6d7f1884d9517f3b4055fca1a5ba.jpg',	13728,	3,	251,	NULL,	'tile',	9999999,	'2015-08-24 11:19:40',	'2015-08-24 11:19:40'),
(255,	'docs-logo_karlin.jpg',	'docs-452d6d7f1884d9517f3b4055fca1a5ba.jpg',	15821,	3,	251,	NULL,	'docs',	9999999,	'2015-08-24 11:19:40',	'2015-08-24 11:19:40'),
(256,	'logo_karlin.jpg',	'482ac06ee8d434298f017c719d82d2b9.jpg',	315407,	3,	NULL,	NULL,	'full',	9999999,	'2015-08-24 11:21:57',	'2015-08-24 11:21:57'),
(257,	'medium-logo_karlin.jpg',	'medium-482ac06ee8d434298f017c719d82d2b9.jpg',	10358,	3,	256,	NULL,	'medium',	9999999,	'2015-08-24 11:21:57',	'2015-08-24 11:21:57'),
(258,	'slide-logo_karlin.jpg',	'slide-482ac06ee8d434298f017c719d82d2b9.jpg',	30215,	3,	256,	NULL,	'slide',	9999999,	'2015-08-24 11:21:57',	'2015-08-24 11:21:57'),
(259,	'tile-logo_karlin.jpg',	'tile-482ac06ee8d434298f017c719d82d2b9.jpg',	13728,	3,	256,	NULL,	'tile',	9999999,	'2015-08-24 11:21:57',	'2015-08-24 11:21:57'),
(260,	'docs-logo_karlin.jpg',	'docs-482ac06ee8d434298f017c719d82d2b9.jpg',	15821,	3,	256,	NULL,	'docs',	9999999,	'2015-08-24 11:21:57',	'2015-08-24 11:21:57'),
(261,	'oakley_ellipse_logotype_wht.jpg',	'ae16300279ad4329d70b3659c1fd1a43.jpg',	126513,	3,	NULL,	NULL,	'full',	9999999,	'2015-08-24 11:21:58',	'2015-08-24 11:21:58'),
(262,	'medium-oakley_ellipse_logotype_wht.jpg',	'medium-ae16300279ad4329d70b3659c1fd1a43.jpg',	9488,	3,	261,	NULL,	'medium',	9999999,	'2015-08-24 11:21:58',	'2015-08-24 11:21:58'),
(263,	'slide-oakley_ellipse_logotype_wht.jpg',	'slide-ae16300279ad4329d70b3659c1fd1a43.jpg',	30687,	3,	261,	NULL,	'slide',	9999999,	'2015-08-24 11:21:58',	'2015-08-24 11:21:58'),
(264,	'tile-oakley_ellipse_logotype_wht.jpg',	'tile-ae16300279ad4329d70b3659c1fd1a43.jpg',	9330,	3,	261,	NULL,	'tile',	9999999,	'2015-08-24 11:21:58',	'2015-08-24 11:21:58'),
(265,	'docs-oakley_ellipse_logotype_wht.jpg',	'docs-ae16300279ad4329d70b3659c1fd1a43.jpg',	16141,	3,	261,	NULL,	'docs',	9999999,	'2015-08-24 11:21:58',	'2015-08-24 11:21:58'),
(266,	'banner_FB_850x315.jpg',	'277154b280942dfe44565f621bdff25d.jpg',	536179,	3,	NULL,	NULL,	'full',	9999999,	'2015-09-16 00:25:10',	'2015-09-16 00:25:10'),
(267,	'medium-banner_FB_850x315.jpg',	'medium-277154b280942dfe44565f621bdff25d.jpg',	21765,	3,	266,	NULL,	'medium',	9999999,	'2015-09-16 00:25:10',	'2015-09-16 00:25:10'),
(268,	'slide-banner_FB_850x315.jpg',	'slide-277154b280942dfe44565f621bdff25d.jpg',	103224,	3,	266,	NULL,	'slide',	9999999,	'2015-09-16 00:25:10',	'2015-09-16 00:25:10'),
(269,	'tile-banner_FB_850x315.jpg',	'tile-277154b280942dfe44565f621bdff25d.jpg',	24069,	3,	266,	NULL,	'tile',	9999999,	'2015-09-16 00:25:10',	'2015-09-16 00:25:10'),
(270,	'docs-banner_FB_850x315.jpg',	'docs-277154b280942dfe44565f621bdff25d.jpg',	51252,	3,	266,	NULL,	'docs',	9999999,	'2015-09-16 00:25:10',	'2015-09-16 00:25:10'),
(271,	'banner_FB_850x315.jpg',	'2fc75fcccdaeee756c6a13e7240452b2.jpg',	536179,	3,	NULL,	NULL,	'full',	9999999,	'2015-09-16 00:26:02',	'2015-09-16 00:26:02'),
(272,	'medium-banner_FB_850x315.jpg',	'medium-2fc75fcccdaeee756c6a13e7240452b2.jpg',	21765,	3,	271,	NULL,	'medium',	9999999,	'2015-09-16 00:26:02',	'2015-09-16 00:26:02'),
(273,	'slide-banner_FB_850x315.jpg',	'slide-2fc75fcccdaeee756c6a13e7240452b2.jpg',	103224,	3,	271,	NULL,	'slide',	9999999,	'2015-09-16 00:26:02',	'2015-09-16 00:26:02'),
(274,	'tile-banner_FB_850x315.jpg',	'tile-2fc75fcccdaeee756c6a13e7240452b2.jpg',	24069,	3,	271,	NULL,	'tile',	9999999,	'2015-09-16 00:26:02',	'2015-09-16 00:26:02'),
(275,	'docs-banner_FB_850x315.jpg',	'docs-2fc75fcccdaeee756c6a13e7240452b2.jpg',	51252,	3,	271,	NULL,	'docs',	9999999,	'2015-09-16 00:26:02',	'2015-09-16 00:26:02'),
(276,	'banner_FB_850x315.jpg',	'a0dda347b4bcb372209d79ee29657f5f.jpg',	536179,	3,	NULL,	NULL,	'full',	9999999,	'2015-09-16 00:30:28',	'2015-09-16 00:30:28'),
(277,	'medium-banner_FB_850x315.jpg',	'medium-a0dda347b4bcb372209d79ee29657f5f.jpg',	21765,	3,	276,	NULL,	'medium',	9999999,	'2015-09-16 00:30:28',	'2015-09-16 00:30:28'),
(278,	'slide-banner_FB_850x315.jpg',	'slide-a0dda347b4bcb372209d79ee29657f5f.jpg',	103224,	3,	276,	NULL,	'slide',	9999999,	'2015-09-16 00:30:28',	'2015-09-16 00:30:28'),
(279,	'tile-banner_FB_850x315.jpg',	'tile-a0dda347b4bcb372209d79ee29657f5f.jpg',	24069,	3,	276,	NULL,	'tile',	9999999,	'2015-09-16 00:30:28',	'2015-09-16 00:30:28'),
(280,	'docs-banner_FB_850x315.jpg',	'docs-a0dda347b4bcb372209d79ee29657f5f.jpg',	51252,	3,	276,	NULL,	'docs',	9999999,	'2015-09-16 00:30:28',	'2015-09-16 00:30:28'),
(281,	'p9190090.jpg',	'6dabf7679c468fd526282f0ab922047c.jpg',	443469,	3,	NULL,	NULL,	'full',	9999999,	'2015-09-29 19:09:48',	'2015-09-29 19:09:48'),
(282,	'medium-p9190090.jpg',	'medium-6dabf7679c468fd526282f0ab922047c.jpg',	24815,	3,	281,	NULL,	'medium',	9999999,	'2015-09-29 19:09:48',	'2015-09-29 19:09:48'),
(283,	'slide-p9190090.jpg',	'slide-6dabf7679c468fd526282f0ab922047c.jpg',	210927,	3,	281,	NULL,	'slide',	9999999,	'2015-09-29 19:09:48',	'2015-09-29 19:09:48'),
(284,	'tile-p9190090.jpg',	'tile-6dabf7679c468fd526282f0ab922047c.jpg',	26862,	3,	281,	NULL,	'tile',	9999999,	'2015-09-29 19:09:48',	'2015-09-29 19:09:48'),
(285,	'docs-p9190090.jpg',	'docs-6dabf7679c468fd526282f0ab922047c.jpg',	98015,	3,	281,	NULL,	'docs',	9999999,	'2015-09-29 19:09:48',	'2015-09-29 19:09:48'),
(286,	'640x440_sutka_pp_banner_10-15.jpg',	'b6d6fa402c3a909f369728b778a38a3c.jpg',	346908,	3,	NULL,	NULL,	'full',	9999999,	'2015-09-29 19:13:07',	'2015-09-29 19:13:07'),
(287,	'medium-640x440_sutka_pp_banner_10-15.jpg',	'medium-b6d6fa402c3a909f369728b778a38a3c.jpg',	24489,	3,	286,	NULL,	'medium',	9999999,	'2015-09-29 19:13:07',	'2015-09-29 19:13:07'),
(288,	'slide-640x440_sutka_pp_banner_10-15.jpg',	'slide-b6d6fa402c3a909f369728b778a38a3c.jpg',	173063,	3,	286,	NULL,	'slide',	9999999,	'2015-09-29 19:13:07',	'2015-09-29 19:13:07'),
(289,	'tile-640x440_sutka_pp_banner_10-15.jpg',	'tile-b6d6fa402c3a909f369728b778a38a3c.jpg',	28016,	3,	286,	NULL,	'tile',	9999999,	'2015-09-29 19:13:07',	'2015-09-29 19:13:07'),
(290,	'docs-640x440_sutka_pp_banner_10-15.jpg',	'docs-b6d6fa402c3a909f369728b778a38a3c.jpg',	84604,	3,	286,	NULL,	'docs',	9999999,	'2015-09-29 19:13:07',	'2015-09-29 19:13:07'),
(291,	'a.jpg',	'06569a907805f857de133dc36891d004.jpg',	363327,	3,	NULL,	NULL,	'full',	9999999,	'2015-09-29 19:14:02',	'2015-09-29 19:14:02'),
(292,	'medium-a.jpg',	'medium-06569a907805f857de133dc36891d004.jpg',	23657,	3,	291,	NULL,	'medium',	9999999,	'2015-09-29 19:14:02',	'2015-09-29 19:14:02'),
(293,	'slide-a.jpg',	'slide-06569a907805f857de133dc36891d004.jpg',	166142,	3,	291,	NULL,	'slide',	9999999,	'2015-09-29 19:14:02',	'2015-09-29 19:14:02'),
(294,	'tile-a.jpg',	'tile-06569a907805f857de133dc36891d004.jpg',	25063,	3,	291,	NULL,	'tile',	9999999,	'2015-09-29 19:14:02',	'2015-09-29 19:14:02'),
(295,	'docs-a.jpg',	'docs-06569a907805f857de133dc36891d004.jpg',	81320,	3,	291,	NULL,	'docs',	9999999,	'2015-09-29 19:14:02',	'2015-09-29 19:14:02'),
(296,	'ladvik-cup-podzim-preview01b.jpg',	'3644a3c2b5b5730be0c38fdf08098293.jpg',	226085,	3,	NULL,	NULL,	'full',	9999999,	'2015-09-29 19:15:18',	'2015-09-29 19:15:18'),
(297,	'medium-ladvik-cup-podzim-preview01b.jpg',	'medium-3644a3c2b5b5730be0c38fdf08098293.jpg',	22724,	3,	296,	NULL,	'medium',	9999999,	'2015-09-29 19:15:18',	'2015-09-29 19:15:18'),
(298,	'slide-ladvik-cup-podzim-preview01b.jpg',	'slide-3644a3c2b5b5730be0c38fdf08098293.jpg',	313858,	3,	296,	NULL,	'slide',	9999999,	'2015-09-29 19:15:19',	'2015-09-29 19:15:19'),
(299,	'tile-ladvik-cup-podzim-preview01b.jpg',	'tile-3644a3c2b5b5730be0c38fdf08098293.jpg',	24889,	3,	296,	NULL,	'tile',	9999999,	'2015-09-29 19:15:19',	'2015-09-29 19:15:19'),
(300,	'docs-ladvik-cup-podzim-preview01b.jpg',	'docs-3644a3c2b5b5730be0c38fdf08098293.jpg',	162947,	3,	296,	NULL,	'docs',	9999999,	'2015-09-29 19:15:19',	'2015-09-29 19:15:19'),
(301,	'sutka_konecskolyaquazorbing_640x440px_201503.jpg',	'c997b12ce20fd7cacf63207ad8540033.jpg',	450378,	3,	NULL,	NULL,	'full',	9999999,	'2015-09-29 19:22:19',	'2015-09-29 19:22:19'),
(302,	'medium-sutka_konecskolyaquazorbing_640x440px_201503.jpg',	'medium-c997b12ce20fd7cacf63207ad8540033.jpg',	28095,	3,	301,	NULL,	'medium',	9999999,	'2015-09-29 19:22:19',	'2015-09-29 19:22:19'),
(303,	'slide-sutka_konecskolyaquazorbing_640x440px_201503.jpg',	'slide-c997b12ce20fd7cacf63207ad8540033.jpg',	216710,	3,	301,	NULL,	'slide',	9999999,	'2015-09-29 19:22:19',	'2015-09-29 19:22:19'),
(304,	'tile-sutka_konecskolyaquazorbing_640x440px_201503.jpg',	'tile-c997b12ce20fd7cacf63207ad8540033.jpg',	31370,	3,	301,	NULL,	'tile',	9999999,	'2015-09-29 19:22:19',	'2015-09-29 19:22:19'),
(305,	'docs-sutka_konecskolyaquazorbing_640x440px_201503.jpg',	'docs-c997b12ce20fd7cacf63207ad8540033.jpg',	102800,	3,	301,	NULL,	'docs',	9999999,	'2015-09-29 19:22:19',	'2015-09-29 19:22:19'),
(306,	'3732.jpg',	'c5d4c52581a9f257b17ce6dcffae5235.jpg',	586024,	3,	NULL,	NULL,	'full',	9999999,	'2015-09-29 19:23:04',	'2015-09-29 19:23:04'),
(307,	'medium-3732.jpg',	'medium-c5d4c52581a9f257b17ce6dcffae5235.jpg',	28134,	3,	306,	NULL,	'medium',	9999999,	'2015-09-29 19:23:04',	'2015-09-29 19:23:04'),
(308,	'slide-3732.jpg',	'slide-c5d4c52581a9f257b17ce6dcffae5235.jpg',	301438,	3,	306,	NULL,	'slide',	9999999,	'2015-09-29 19:23:04',	'2015-09-29 19:23:04'),
(309,	'tile-3732.jpg',	'tile-c5d4c52581a9f257b17ce6dcffae5235.jpg',	30248,	3,	306,	NULL,	'tile',	9999999,	'2015-09-29 19:23:04',	'2015-09-29 19:23:04'),
(310,	'docs-3732.jpg',	'docs-c5d4c52581a9f257b17ce6dcffae5235.jpg',	134884,	3,	306,	NULL,	'docs',	9999999,	'2015-09-29 19:23:05',	'2015-09-29 19:23:05'),
(311,	'NGN_1067.jpg',	'927518a5b93fc5233456c7a00135507f.jpg',	321470,	1,	NULL,	NULL,	'full',	9999999,	'2015-09-30 19:23:31',	'2015-09-30 19:23:31'),
(312,	'medium-NGN_1067.jpg',	'medium-927518a5b93fc5233456c7a00135507f.jpg',	10940,	1,	311,	NULL,	'medium',	9999999,	'2015-09-30 19:23:31',	'2015-09-30 19:23:31'),
(313,	'slide-NGN_1067.jpg',	'slide-927518a5b93fc5233456c7a00135507f.jpg',	61644,	1,	311,	NULL,	'slide',	9999999,	'2015-09-30 19:23:31',	'2015-09-30 19:23:31'),
(314,	'tile-NGN_1067.jpg',	'tile-927518a5b93fc5233456c7a00135507f.jpg',	12043,	1,	311,	NULL,	'tile',	9999999,	'2015-09-30 19:23:31',	'2015-09-30 19:23:31'),
(315,	'docs-NGN_1067.jpg',	'docs-927518a5b93fc5233456c7a00135507f.jpg',	25012,	1,	311,	NULL,	'docs',	9999999,	'2015-09-30 19:23:31',	'2015-09-30 19:23:31'),
(316,	'NGN_1694.jpg',	'ac78c39c39a7b01a27be942f4a9a3aa7.jpg',	690212,	1,	NULL,	NULL,	'full',	9999999,	'2015-09-30 19:23:45',	'2015-09-30 19:23:45'),
(317,	'medium-NGN_1694.jpg',	'medium-ac78c39c39a7b01a27be942f4a9a3aa7.jpg',	21931,	1,	316,	NULL,	'medium',	9999999,	'2015-09-30 19:23:45',	'2015-09-30 19:23:45'),
(318,	'slide-NGN_1694.jpg',	'slide-ac78c39c39a7b01a27be942f4a9a3aa7.jpg',	142886,	1,	316,	NULL,	'slide',	9999999,	'2015-09-30 19:23:45',	'2015-09-30 19:23:45'),
(319,	'tile-NGN_1694.jpg',	'tile-ac78c39c39a7b01a27be942f4a9a3aa7.jpg',	25436,	1,	316,	NULL,	'tile',	9999999,	'2015-09-30 19:23:45',	'2015-09-30 19:23:45'),
(320,	'docs-NGN_1694.jpg',	'docs-ac78c39c39a7b01a27be942f4a9a3aa7.jpg',	57956,	1,	316,	NULL,	'docs',	9999999,	'2015-09-30 19:23:45',	'2015-09-30 19:23:45'),
(321,	'NGN_0648.jpg',	'7148b4db659bb97d5ddae03eda699842.jpg',	372553,	1,	NULL,	NULL,	'full',	9999999,	'2015-09-30 19:23:57',	'2015-09-30 19:23:57'),
(322,	'medium-NGN_0648.jpg',	'medium-7148b4db659bb97d5ddae03eda699842.jpg',	14349,	1,	321,	NULL,	'medium',	9999999,	'2015-09-30 19:23:57',	'2015-09-30 19:23:57'),
(323,	'slide-NGN_0648.jpg',	'slide-7148b4db659bb97d5ddae03eda699842.jpg',	71960,	1,	321,	NULL,	'slide',	9999999,	'2015-09-30 19:23:57',	'2015-09-30 19:23:57'),
(324,	'tile-NGN_0648.jpg',	'tile-7148b4db659bb97d5ddae03eda699842.jpg',	16274,	1,	321,	NULL,	'tile',	9999999,	'2015-09-30 19:23:57',	'2015-09-30 19:23:57'),
(325,	'docs-NGN_0648.jpg',	'docs-7148b4db659bb97d5ddae03eda699842.jpg',	33260,	1,	321,	NULL,	'docs',	9999999,	'2015-09-30 19:23:57',	'2015-09-30 19:23:57'),
(326,	'NGN_1714.jpg',	'a32ebd92ba4e57d779633acee1862c6c.jpg',	773974,	1,	NULL,	NULL,	'full',	9999999,	'2015-09-30 19:24:10',	'2015-09-30 19:24:10'),
(327,	'medium-NGN_1714.jpg',	'medium-a32ebd92ba4e57d779633acee1862c6c.jpg',	26599,	1,	326,	NULL,	'medium',	9999999,	'2015-09-30 19:24:10',	'2015-09-30 19:24:10'),
(328,	'slide-NGN_1714.jpg',	'slide-a32ebd92ba4e57d779633acee1862c6c.jpg',	156869,	1,	326,	NULL,	'slide',	9999999,	'2015-09-30 19:24:10',	'2015-09-30 19:24:10'),
(329,	'tile-NGN_1714.jpg',	'tile-a32ebd92ba4e57d779633acee1862c6c.jpg',	28412,	1,	326,	NULL,	'tile',	9999999,	'2015-09-30 19:24:10',	'2015-09-30 19:24:10'),
(330,	'docs-NGN_1714.jpg',	'docs-a32ebd92ba4e57d779633acee1862c6c.jpg',	63704,	1,	326,	NULL,	'docs',	9999999,	'2015-09-30 19:24:10',	'2015-09-30 19:24:10'),
(331,	'NGN_0622.jpg',	'b48b439522f25746fe0bc86837b8e1dd.jpg',	469316,	1,	NULL,	NULL,	'full',	9999999,	'2015-09-30 19:24:22',	'2015-09-30 19:24:22'),
(332,	'medium-NGN_0622.jpg',	'medium-b48b439522f25746fe0bc86837b8e1dd.jpg',	17548,	1,	331,	NULL,	'medium',	9999999,	'2015-09-30 19:24:22',	'2015-09-30 19:24:22'),
(333,	'slide-NGN_0622.jpg',	'slide-b48b439522f25746fe0bc86837b8e1dd.jpg',	98493,	1,	331,	NULL,	'slide',	9999999,	'2015-09-30 19:24:22',	'2015-09-30 19:24:22'),
(334,	'tile-NGN_0622.jpg',	'tile-b48b439522f25746fe0bc86837b8e1dd.jpg',	19475,	1,	331,	NULL,	'tile',	9999999,	'2015-09-30 19:24:22',	'2015-09-30 19:24:22'),
(335,	'docs-NGN_0622.jpg',	'docs-b48b439522f25746fe0bc86837b8e1dd.jpg',	45140,	1,	331,	NULL,	'docs',	9999999,	'2015-09-30 19:24:22',	'2015-09-30 19:24:22'),
(336,	'ondra.jpg',	'11ffbc01ec5e434ca8fd57a3e0b3bb19.jpg',	214670,	4,	NULL,	NULL,	'full',	9999999,	'2015-09-30 19:37:32',	'2015-09-30 19:37:32'),
(337,	'medium-ondra.jpg',	'medium-11ffbc01ec5e434ca8fd57a3e0b3bb19.jpg',	11234,	4,	336,	NULL,	'medium',	9999999,	'2015-09-30 19:37:32',	'2015-09-30 19:37:32'),
(338,	'slide-ondra.jpg',	'slide-11ffbc01ec5e434ca8fd57a3e0b3bb19.jpg',	94634,	4,	336,	NULL,	'slide',	9999999,	'2015-09-30 19:37:32',	'2015-09-30 19:37:32'),
(339,	'tile-ondra.jpg',	'tile-11ffbc01ec5e434ca8fd57a3e0b3bb19.jpg',	12847,	4,	336,	NULL,	'tile',	9999999,	'2015-09-30 19:37:32',	'2015-09-30 19:37:32'),
(340,	'docs-ondra.jpg',	'docs-11ffbc01ec5e434ca8fd57a3e0b3bb19.jpg',	43330,	4,	336,	NULL,	'docs',	9999999,	'2015-09-30 19:37:32',	'2015-09-30 19:37:32'),
(341,	'ondra.jpg',	'2f66d5ffa53273e21dc365435113de7a.jpg',	230352,	4,	NULL,	NULL,	'full',	9999999,	'2015-09-30 19:39:34',	'2015-09-30 19:39:34'),
(342,	'medium-ondra.jpg',	'medium-2f66d5ffa53273e21dc365435113de7a.jpg',	12312,	4,	341,	NULL,	'medium',	9999999,	'2015-09-30 19:39:34',	'2015-09-30 19:39:34'),
(343,	'slide-ondra.jpg',	'slide-2f66d5ffa53273e21dc365435113de7a.jpg',	93142,	4,	341,	NULL,	'slide',	9999999,	'2015-09-30 19:39:34',	'2015-09-30 19:39:34'),
(344,	'tile-ondra.jpg',	'tile-2f66d5ffa53273e21dc365435113de7a.jpg',	13047,	4,	341,	NULL,	'tile',	9999999,	'2015-09-30 19:39:34',	'2015-09-30 19:39:34'),
(345,	'docs-ondra.jpg',	'docs-2f66d5ffa53273e21dc365435113de7a.jpg',	42653,	4,	341,	NULL,	'docs',	9999999,	'2015-09-30 19:39:34',	'2015-09-30 19:39:34'),
(346,	'ondra.jpg',	'68ca6ea835835ce23d4f048333a927a8.jpg',	150022,	4,	NULL,	NULL,	'full',	9999999,	'2015-09-30 19:41:54',	'2015-09-30 19:41:54'),
(347,	'medium-ondra.jpg',	'medium-68ca6ea835835ce23d4f048333a927a8.jpg',	11545,	4,	346,	NULL,	'medium',	9999999,	'2015-09-30 19:41:54',	'2015-09-30 19:41:54'),
(348,	'slide-ondra.jpg',	'slide-68ca6ea835835ce23d4f048333a927a8.jpg',	125202,	4,	346,	NULL,	'slide',	9999999,	'2015-09-30 19:41:54',	'2015-09-30 19:41:54'),
(349,	'tile-ondra.jpg',	'tile-68ca6ea835835ce23d4f048333a927a8.jpg',	11262,	4,	346,	NULL,	'tile',	9999999,	'2015-09-30 19:41:54',	'2015-09-30 19:41:54'),
(350,	'docs-ondra.jpg',	'docs-68ca6ea835835ce23d4f048333a927a8.jpg',	57134,	4,	346,	NULL,	'docs',	9999999,	'2015-09-30 19:41:54',	'2015-09-30 19:41:54'),
(351,	'ondra.jpg',	'db6170a8c662b8f172a40465e0ed2064.jpg',	153727,	4,	NULL,	NULL,	'full',	9999999,	'2015-09-30 19:46:17',	'2015-09-30 19:46:17'),
(352,	'medium-ondra.jpg',	'medium-db6170a8c662b8f172a40465e0ed2064.jpg',	11032,	4,	351,	NULL,	'medium',	9999999,	'2015-09-30 19:46:17',	'2015-09-30 19:46:17'),
(353,	'slide-ondra.jpg',	'slide-db6170a8c662b8f172a40465e0ed2064.jpg',	130003,	4,	351,	NULL,	'slide',	9999999,	'2015-09-30 19:46:17',	'2015-09-30 19:46:17'),
(354,	'tile-ondra.jpg',	'tile-db6170a8c662b8f172a40465e0ed2064.jpg',	11250,	4,	351,	NULL,	'tile',	9999999,	'2015-09-30 19:46:17',	'2015-09-30 19:46:17'),
(355,	'docs-ondra.jpg',	'docs-db6170a8c662b8f172a40465e0ed2064.jpg',	59624,	4,	351,	NULL,	'docs',	9999999,	'2015-09-30 19:46:17',	'2015-09-30 19:46:17'),
(356,	'11ffbc01ec5e434ca8fd57a3e0b3bb19.jpg',	'b86f185103e04a9150f900a3dd380b58.jpg',	214929,	4,	NULL,	NULL,	'full',	9999999,	'2015-10-01 11:07:22',	'2015-10-01 11:07:22'),
(357,	'medium-11ffbc01ec5e434ca8fd57a3e0b3bb19.jpg',	'medium-b86f185103e04a9150f900a3dd380b58.jpg',	11049,	4,	356,	NULL,	'medium',	9999999,	'2015-10-01 11:07:22',	'2015-10-01 11:07:22'),
(358,	'slide-11ffbc01ec5e434ca8fd57a3e0b3bb19.jpg',	'slide-b86f185103e04a9150f900a3dd380b58.jpg',	91899,	4,	356,	NULL,	'slide',	9999999,	'2015-10-01 11:07:22',	'2015-10-01 11:07:22'),
(359,	'tile-11ffbc01ec5e434ca8fd57a3e0b3bb19.jpg',	'tile-b86f185103e04a9150f900a3dd380b58.jpg',	12820,	4,	356,	NULL,	'tile',	9999999,	'2015-10-01 11:07:22',	'2015-10-01 11:07:22'),
(360,	'docs-11ffbc01ec5e434ca8fd57a3e0b3bb19.jpg',	'docs-b86f185103e04a9150f900a3dd380b58.jpg',	42931,	4,	356,	NULL,	'docs',	9999999,	'2015-10-01 11:07:23',	'2015-10-01 11:07:23'),
(361,	'square-11ffbc01ec5e434ca8fd57a3e0b3bb19.jpg',	'square-b86f185103e04a9150f900a3dd380b58.jpg',	10180,	4,	356,	NULL,	'square',	9999999,	'2015-10-01 11:07:23',	'2015-10-01 11:07:23'),
(362,	'logo-1.jpg',	'0fb2e385785d18cb5c7741794d2c5416.jpg',	177235,	5,	NULL,	NULL,	'full',	9999999,	'2015-10-06 11:37:59',	'2015-10-06 11:37:59'),
(363,	'medium-logo-1.jpg',	'medium-0fb2e385785d18cb5c7741794d2c5416.jpg',	7764,	5,	362,	NULL,	'medium',	9999999,	'2015-10-06 11:37:59',	'2015-10-06 11:37:59'),
(364,	'slide-logo-1.jpg',	'slide-0fb2e385785d18cb5c7741794d2c5416.jpg',	28747,	5,	362,	NULL,	'slide',	9999999,	'2015-10-06 11:37:59',	'2015-10-06 11:37:59'),
(365,	'tile-logo-1.jpg',	'tile-0fb2e385785d18cb5c7741794d2c5416.jpg',	10189,	5,	362,	NULL,	'tile',	9999999,	'2015-10-06 11:37:59',	'2015-10-06 11:37:59'),
(366,	'docs-logo-1.jpg',	'docs-0fb2e385785d18cb5c7741794d2c5416.jpg',	15147,	5,	362,	NULL,	'docs',	9999999,	'2015-10-06 11:37:59',	'2015-10-06 11:37:59'),
(367,	'square-logo-1.jpg',	'square-0fb2e385785d18cb5c7741794d2c5416.jpg',	6363,	5,	362,	NULL,	'square',	9999999,	'2015-10-06 11:37:59',	'2015-10-06 11:37:59'),
(368,	'logo-Prima.png',	'b1337e3ffcdb5579332b5096aad36863.jpg',	222850,	5,	NULL,	NULL,	'full',	9999999,	'2015-10-06 11:51:28',	'2015-10-06 11:51:28'),
(369,	'medium-logo-Prima.png',	'medium-b1337e3ffcdb5579332b5096aad36863.jpg',	19199,	5,	368,	NULL,	'medium',	9999999,	'2015-10-06 11:51:28',	'2015-10-06 11:51:28'),
(370,	'slide-logo-Prima.png',	'slide-b1337e3ffcdb5579332b5096aad36863.jpg',	89988,	5,	368,	NULL,	'slide',	9999999,	'2015-10-06 11:51:28',	'2015-10-06 11:51:28'),
(371,	'tile-logo-Prima.png',	'tile-b1337e3ffcdb5579332b5096aad36863.jpg',	21897,	5,	368,	NULL,	'tile',	9999999,	'2015-10-06 11:51:28',	'2015-10-06 11:51:28'),
(372,	'docs-logo-Prima.png',	'docs-b1337e3ffcdb5579332b5096aad36863.jpg',	49618,	5,	368,	NULL,	'docs',	9999999,	'2015-10-06 11:51:28',	'2015-10-06 11:51:28'),
(373,	'square-logo-Prima.png',	'square-b1337e3ffcdb5579332b5096aad36863.jpg',	15052,	5,	368,	NULL,	'square',	9999999,	'2015-10-06 11:51:28',	'2015-10-06 11:51:28');

DROP TABLE IF EXISTS `headlines`;
CREATE TABLE `headlines` (
  `id` int(11) NOT NULL AUTO_INCREMENT,
  `title` varchar(255) COLLATE utf8_czech_ci NOT NULL,
  `user_id` int(10) unsigned DEFAULT NULL,
  `created` datetime NOT NULL,
  `desc` text COLLATE utf8_czech_ci NOT NULL,
  PRIMARY KEY (`id`),
  KEY `user_id` (`user_id`),
  CONSTRAINT `headlines_ibfk_1` FOREIGN KEY (`user_id`) REFERENCES `users` (`id`) ON DELETE CASCADE
) ENGINE=InnoDB DEFAULT CHARSET=utf8 COLLATE=utf8_czech_ci;


DROP TABLE IF EXISTS `messages`;
CREATE TABLE `messages` (
  `id` int(11) NOT NULL AUTO_INCREMENT,
  `title` varchar(255) COLLATE utf8_czech_ci NOT NULL,
  `email` varchar(255) COLLATE utf8_czech_ci NOT NULL,
  `subject` varchar(255) COLLATE utf8_czech_ci NOT NULL,
  `desc` text COLLATE utf8_czech_ci NOT NULL,
  `message_recipient_id` int(11) NOT NULL,
  PRIMARY KEY (`id`),
  KEY `message_recipient_id` (`message_recipient_id`),
  CONSTRAINT `messages_ibfk_1` FOREIGN KEY (`message_recipient_id`) REFERENCES `message_recipients` (`id`) ON DELETE CASCADE
) ENGINE=InnoDB DEFAULT CHARSET=utf8 COLLATE=utf8_czech_ci;


DROP TABLE IF EXISTS `message_recipients`;
CREATE TABLE `message_recipients` (
  `id` int(11) NOT NULL AUTO_INCREMENT,
  `email` varchar(255) COLLATE utf8_czech_ci NOT NULL,
  PRIMARY KEY (`id`)
) ENGINE=InnoDB DEFAULT CHARSET=utf8 COLLATE=utf8_czech_ci;

INSERT INTO `message_recipients` (`id`, `email`) VALUES
(1,	'info@beachklubladvi.cz'),
(2,	'marketing@beachklubladvi.cz'),
(3,	'bar@beachklubladvi.cz'),
(4,	'seftrener@beachklubladvi.cz');

DROP TABLE IF EXISTS `partners`;
CREATE TABLE `partners` (
  `id` int(11) NOT NULL AUTO_INCREMENT,
  `name` varchar(255) COLLATE utf8_czech_ci NOT NULL,
  `desc` text COLLATE utf8_czech_ci NOT NULL,
  `ord` int(11) NOT NULL DEFAULT '9999999',
  `url` varchar(255) COLLATE utf8_czech_ci NOT NULL,
  `gallery_picture_id` int(11) DEFAULT NULL,
  `partner_type_id` int(11) DEFAULT NULL,
  PRIMARY KEY (`id`)
) ENGINE=InnoDB DEFAULT CHARSET=utf8 COLLATE=utf8_czech_ci;

INSERT INTO `partners` (`id`, `name`, `desc`, `ord`, `url`, `gallery_picture_id`, `partner_type_id`) VALUES
(1,	'Hostel Praha Ládví',	'<p>Hostel Praha Ládví svým zákazníků nabízí levné ubytování s možností parkování a výbornou dostupností do centra města.</p>',	2,	'http://hostelprahaladvi.cz',	61,	1),
(2,	'Wilson',	'<p><span style=\"line-height: 1.42857143;\">České zastoupení společnosti AMER SPORTS Czech Republic, s.r.o. zodpovídá za distribuci a prodej značek Atomic, Salomon, Suunto, Dynamic, Volant, Nikita, Bonfire, Salomon Snowboards a Wilson.</span></p>',	0,	'http://www.amersports.cz/wilson',	66,	1),
(3,	'Aquacentrum Šutka',	'<p><span style=\"line-height: 1.42857143;\">Aquacentrum Šutka je jedním z nejmodernějších plaveckých areálů v Praze i celé České republice.</span> Svým návštěvníkům nabízí nejen padesátimetrový krytý bazén, ale též vířivku, divokou řeku, 2 tobogány, vodopád, relaxační bazén, dětské brouzdaliště i vodní bar s občerstvením. Pro milovníky wellness jsou v areálu k dispozici dvě finské sauny s venkovními ochlazovacími bazénky a dvě parní lázně.</p>',	6,	'http://www.sutka.eu/',	71,	3),
(4,	'NEUMANN',	'<p>NEUMANN, spol. s r.o. je česká rodinná firma specializující se na výrobu střešních boxů a střešních nosičů. Společnost patří k největším výrobcům i prodejcům uvedeného druhu výrobků v České republice.&nbsp;</p>',	7,	'http://www.neumannr.cz/cs/',	76,	3),
(5,	'Ferdinand',	'<p>Pivovar vyrábí&nbsp;okolo&nbsp;25 000 hektolitrů piva ročně. Produkuje celkem&nbsp;sedm druhů piv od nealkoholického až po speciální piva. Obchodní politika pivovaru se zaměřuje především domácí region a dále na exportní trhy.</p><p><br></p>',	3,	'http://www.pivovarferdinand.cz/',	81,	1),
(6,	'Monstera International',	'<p>Společnost Monstera je developerskou organizací zabývající se investiční činností v oblasti komerčních nemovitostí a se zaměřením na výstavbu čerpacích stanic pohonných hmot.</p>',	8,	'http://www.monstera.cz/',	86,	3),
(7,	'Hlavní město Praha',	'<p><span>Magistrát hlavního města Prahy je fakticky obecním a krajským úřadem hlavního města Prahy. Jeho působnost je vymezena zákonem o hlavním městě Praze a městkou vyhláškou o Statutu&nbsp;</span>hlavního města Prahy, činnost a organizační uspořádání magistrátu upravuje jeho organizační řád. Magistrát plní úkoly uložené zastupitelstvem nebo radou města a vykonává přenesenou státní působnost hlavního města.<br></p>',	4,	'http://www.praha.eu/',	91,	1),
(8,	'Městská část Praha 8',	'<p>Městský obvod&nbsp;Praha 8<span> je územní samosprávný celek zabývající se všeobecnou veřejnou správou.&nbsp;</span><br></p>',	5,	'http://www.praha8.cz/',	101,	1),
(11,	'Decathlon',	'<p>Decathlon je významný maloobchodní prodejce sportovního vybavení, oblečení a obuvi. Ve svých prodejnách v 19 zemích světa nabízí sortiment až pro 70 druhů sportů!<br></p>',	1,	'http://www.decathlon.cz/',	362,	1),
(12,	'Prima',	'<p>Společnost Bidvest vyvíjí, vyrábí a dodává zmrzlinu Prima do obchodů, cukráren a restaurací. Ve vlastním moderním závodě v Opavě vyrobí 12 miliónů litrů zmrzliny za rok. Mezi ně patří oblíbené nanuky Mrož a Pegas, Ruská zmrzlina, zmrzlinové dorty, zmrzlinové vany a další zmrzlinové výrobky.<br></p>',	9999999,	'http://www.primazmrzlina.cz/',	368,	3);

DROP TABLE IF EXISTS `partner_type`;
CREATE TABLE `partner_type` (
  `id` int(11) NOT NULL AUTO_INCREMENT,
  `title` varchar(255) COLLATE utf8_czech_ci NOT NULL,
  `ord` int(11) NOT NULL DEFAULT '999999999',
  PRIMARY KEY (`id`)
) ENGINE=InnoDB DEFAULT CHARSET=utf8 COLLATE=utf8_czech_ci;

INSERT INTO `partner_type` (`id`, `title`, `ord`) VALUES
(1,	'Partneři Beachklubu Ládví',	999999999),
(3,	'Partneři dětských akcí',	999999999);

DROP TABLE IF EXISTS `posts`;
CREATE TABLE `posts` (
  `id` int(11) NOT NULL AUTO_INCREMENT,
  `title` varchar(255) COLLATE utf8_czech_ci NOT NULL,
  `user_id` int(10) unsigned DEFAULT NULL,
  `created` datetime DEFAULT NULL,
  `desc` text COLLATE utf8_czech_ci NOT NULL,
  `perex` text COLLATE utf8_czech_ci,
  PRIMARY KEY (`id`),
  KEY `user_id` (`user_id`),
  CONSTRAINT `posts_ibfk_1` FOREIGN KEY (`user_id`) REFERENCES `users` (`id`) ON DELETE CASCADE
) ENGINE=InnoDB DEFAULT CHARSET=utf8 COLLATE=utf8_czech_ci;

INSERT INTO `posts` (`id`, `title`, `user_id`, `created`, `desc`, `perex`) VALUES
(1,	'Hledam spoluhrace',	1,	'2015-06-24 11:41:11',	'Hoho!',	''),
(2,	'novej 2',	1,	'2015-07-02 10:08:21',	'gasgr',	'aegas'),
(3,	'dalsi3',	1,	'2015-07-02 10:08:30',	'dalsi3',	'dalsi3');

DROP TABLE IF EXISTS `sliders`;
CREATE TABLE `sliders` (
  `id` int(11) NOT NULL AUTO_INCREMENT,
  `name` varchar(255) COLLATE utf8_czech_ci NOT NULL,
  `dest_url` varchar(255) NULL,
  `ord` int(11) NOT NULL DEFAULT '9999999',
  `gallery_picture_id` int(11) DEFAULT NULL,
  PRIMARY KEY (`id`),
  KEY `gallery_picture_id` (`gallery_picture_id`)
) ENGINE=InnoDB DEFAULT CHARSET=utf8 COLLATE=utf8_czech_ci;

INSERT INTO `sliders` (`id`, `name`, `ord`, `gallery_picture_id`) VALUES
(1,	'Slide 1',	4,	331),
(2,	'Slide 2',	2,	321),
(3,	'Slide 3',	0,	311),
(4,	'Slide 4',	1,	316),
(5,	'Slide 5',	3,	326);

DROP TABLE IF EXISTS `tiles`;
CREATE TABLE `tiles` (
  `id` int(11) NOT NULL AUTO_INCREMENT,
  `title` varchar(255) COLLATE utf8_czech_ci NOT NULL,
  `ord` int(11) NOT NULL DEFAULT '9999999',
  `gallery_picture_id` int(11) DEFAULT NULL,
  `document_id` int(11) DEFAULT NULL,
  PRIMARY KEY (`id`)
) ENGINE=InnoDB DEFAULT CHARSET=utf8 COLLATE=utf8_czech_ci;

INSERT INTO `tiles` (`id`, `title`, `ord`, `gallery_picture_id`, `document_id`) VALUES
(1,	'Rezervace kurtů',	0,	21,	5),
(2,	'Turnaje',	1,	25,	6),
(3,	'Kroužky',	2,	29,	4),
(4,	'Tréninky',	3,	33,	29),
(5,	'Beachkempy v Čechách',	4,	37,	10),
(6,	'Beachkempy v Itálii',	5,	41,	9),
(7,	'Firemní akce',	6,	45,	30),
(8,	'Beachbar',	7,	49,	31),
(9,	'Členství v klubu',	8,	53,	7);

DROP TABLE IF EXISTS `tournaments`;
CREATE TABLE `tournaments` (
  `id` int(11) NOT NULL AUTO_INCREMENT,
  `name` varchar(255) COLLATE utf8_czech_ci NOT NULL,
  `datetime` datetime NOT NULL,
  `desc` text COLLATE utf8_czech_ci NOT NULL,
  `perex` text COLLATE utf8_czech_ci NOT NULL,
  `url` varchar(255) COLLATE utf8_czech_ci NOT NULL,
  `user_id` int(10) unsigned NOT NULL,
  PRIMARY KEY (`id`),
  KEY `user_id` (`user_id`),
  CONSTRAINT `tournaments_ibfk_1` FOREIGN KEY (`user_id`) REFERENCES `users` (`id`) ON DELETE CASCADE
) ENGINE=InnoDB DEFAULT CHARSET=utf8 COLLATE=utf8_czech_ci;


DROP TABLE IF EXISTS `users`;
CREATE TABLE `users` (
  `id` int(10) unsigned NOT NULL AUTO_INCREMENT,
  `username` varchar(50) COLLATE utf8_czech_ci DEFAULT NULL,
  `password` varchar(255) COLLATE utf8_czech_ci DEFAULT NULL,
  `mail` varchar(255) COLLATE utf8_czech_ci DEFAULT NULL,
  `created` datetime DEFAULT NULL,
  `modified` datetime DEFAULT NULL,
  PRIMARY KEY (`id`)
) ENGINE=InnoDB DEFAULT CHARSET=utf8 COLLATE=utf8_czech_ci;

INSERT INTO `users` (`id`, `username`, `password`, `mail`, `created`, `modified`) VALUES
(1,	'admin',	'$2a$10$oTInOZNrfJqOdFEjVAb00ugqLRwquceqkt39aam1pY/4m1/py4.nq',	NULL,	'2015-06-24 10:37:25',	'2015-06-24 10:37:25'),
(2,	'veronika',	'$2a$10$v1cjUd5kGH0X7UE.O8pStOzUTOuGwct1dOEY01NI2A14t4s9cMSSe',	NULL,	'2015-08-05 23:41:33',	'2015-08-05 23:41:33');

DROP TABLE IF EXISTS `ads`;
CREATE TABLE `ads` (
  `id` int(255) NOT NULL AUTO_INCREMENT,
  `description` text COLLATE utf8_czech_ci NOT NULL,
  `contact` varchar(255) COLLATE utf8_czech_ci DEFAULT NULL,
  `email` varchar(255) COLLATE utf8_czech_ci NOT NULL,
  `public` tinyint(1) NOT NULL DEFAULT '1',
  `created` datetime NOT NULL,
  `token` varchar(255) COLLATE utf8_czech_ci DEFAULT NULL,
  PRIMARY KEY (`id`)
) ENGINE=InnoDB DEFAULT CHARSET=utf8 COLLATE=utf8_czech_ci;

INSERT INTO `ads` (`id`, `description`, `contact`, `email`, `public`, `created`, `token`) VALUES
(1,	'hledam',	'jan.ptacek@gmail.com',	'p@email.cz',	1,	'2015-10-21 00:00:00',	''),
(2,	'sd',	'',	'',	1,	'2015-10-21 00:00:00',	NULL),
(3,	'dalsi 3',	'',	'',	1,	'2015-10-21 00:00:00',	NULL),
(4,	'dsgf',	NULL,	'jan.ptacek@gmail',	1,	'2015-10-21 00:00:00',	NULL),
(5,	'sadfdsfg',	NULL,	'j@email.cz',	1,	'2015-10-21 00:00:00',	NULL),
(6,	'Slovinsko jen s obtížemi zvládá tisíce uprchlíků, kteří se přes drobný stát snaží dostat do Evropy. V táboře ve slovinském městě Brežice ve středu ráno vypukl požár, podle některých zpráv stany zapálili uprchlíci. Migranti také prchli z detenčního centra u rakouských hranic.',	NULL,	'',	1,	'2015-10-21 00:00:00',	NULL),
(7,	'text inzeratu',	NULL,	'jan.ptacek@gmail.com',	1,	'2015-10-22 00:00:00',	NULL);

DROP TABLE IF EXISTS `ad_replies`;
CREATE TABLE `ad_replies` (
  `id` int(11) NOT NULL AUTO_INCREMENT,
  `ad_id` int(255) NOT NULL,
  `description` text COLLATE utf8_czech_ci NOT NULL,
  `contact` varchar(255) COLLATE utf8_czech_ci DEFAULT NULL,
  `email` varchar(255) COLLATE utf8_czech_ci DEFAULT NULL,
  `public` tinyint(1) NOT NULL DEFAULT '1',
  `created` datetime NOT NULL,
  `token` varchar(255) COLLATE utf8_czech_ci DEFAULT NULL,
  PRIMARY KEY (`id`),
  KEY `ad_id` (`ad_id`),
  CONSTRAINT `ad_replies_ibfk_1` FOREIGN KEY (`ad_id`) REFERENCES `ads` (`id`) ON DELETE CASCADE
) ENGINE=InnoDB DEFAULT CHARSET=utf8 COLLATE=utf8_czech_ci;

-- 2015-10-21 06:30:29

DROP TABLE IF EXISTS `configurations`;
CREATE TABLE `configurations` (
  `id` int(11) NOT NULL AUTO_INCREMENT,
  `name` varchar(50) COLLATE utf8_czech_ci NOT NULL,
  `value` text COLLATE utf8_czech_ci NOT NULL,
  PRIMARY KEY (`id`),
  UNIQUE KEY `name` (`name`)
) ENGINE=InnoDB DEFAULT CHARSET=utf8 COLLATE=utf8_czech_ci;
